seq_idx,source,variant_id,offset,ref,alt,pos,injected_idx
1,variant,chr6_31356973_G_A_hg38,850,G,A,31356973.0,1596
2,variant,chr6_31356979_G_A_hg38,856,G,A,31356979.0,2147
3,variant,chr6_31357424_C_A_hg38,1301,C,A,31357424.0,2229
4,variant,chr6_31357496_A_G_hg38,1373,A,G,31357496.0,2304
5,variant,chr6_31357540_C_T_hg38,1417,C,T,31357540.0,2352
6,variant,chr6_31357546_C_G_hg38,1423,C,G,31357546.0,3201
7,variant,chr6_31357564_G_C_hg38,1441,G,C,31357564.0,4562
8,variant,chr6_31357647_G_T_hg38,1524,G,T,31357647.0,5032
9,variant,chr6_31357653_G_A_hg38,1530,G,A,31357653.0,5680
10,variant,chr6_31357666_A_G_hg38,1543,A,G,31357666.0,9265
11,variant,chr6_31357701_G_C_hg38,1578,G,C,31357701.0,10057
12,variant,chr6_31357717_T_C_hg38,1594,T,C,31357717.0,10812
13,variant,chr6_31357727_T_C_hg38,1604,T,C,31357727.0,10958
14,variant,chr6_31357736_C_G_hg38,1613,C,G,31357736.0,11083
15,variant,chr6_31357744_G_C_hg38,1621,G,C,31357744.0,11252
16,variant,chr6_31357749_G_A_hg38,1626,G,A,31357749.0,11259
17,variant,chr6_31357752_T_C_hg38,1629,T,C,31357752.0,12501
18,variant,chr6_31357755_G_A_hg38,1632,G,A,31357755.0,12821
19,variant,chr6_31357788_G_A_hg38,1665,G,A,31357788.0,13149
20,variant,chr6_31357791_A_G_hg38,1668,A,G,31357791.0,13632
21,variant,chr6_31357801_G_T_hg38,1678,G,T,31357801.0,13863
22,variant,chr6_31357843_T_C_hg38,1720,T,C,31357843.0,16090
23,variant,chr6_31357846_T_C_hg38,1723,T,C,31357846.0,16343
24,variant,chr6_31357915_G_A_hg38,1792,G,A,31357915.0,17414
25,variant,chr6_31357925_A_G_hg38,1802,A,G,31357925.0,17922
26,variant,chr6_31357968_T_C_hg38,1845,T,C,31357968.0,18377
27,variant,chr6_31357979_G_A_hg38,1856,G,A,31357979.0,19011
28,variant,chr6_31357981_G_A_hg38,1858,G,A,31357981.0,19322
29,variant,chr6_31357987_C_G_hg38,1864,C,G,31357987.0,19530
30,variant,chr6_31358015_A_G_hg38,1892,A,G,31358015.0,19636
31,variant,chr6_31358045_G_A_hg38,1922,G,A,31358045.0,20562
32,variant,chr6_31358070_C_G_hg38,1947,C,G,31358070.0,20979
33,variant,chr6_31358107_C_T_hg38,1984,C,T,31358107.0,21439
34,variant,chr6_31358109_G_C_hg38,1986,G,C,31358109.0,22196
35,variant,chr6_31358135_T_C_hg38,2012,T,C,31358135.0,23158
36,variant,chr6_31358143_C_T_hg38,2020,C,T,31358143.0,24367
