cluster,n_seqs,pct_of_total,has_wt,mean_mismatch_pct,mean_pred,std_pred,locus
0,373,1.49,False,1.03,6.246293,0.100948,IRF7
1,141,0.56,False,1.04,6.313393,0.095908,IRF7
2,307,1.23,False,1.07,5.906257,0.128665,IRF7
3,463,1.85,False,1.09,6.013319,0.13639,IRF7
4,50,0.2,False,1.05,5.966723,0.122416,IRF7
5,82,0.33,False,1.1,6.071624,0.115096,IRF7
6,389,1.56,False,1.04,6.335321,0.090614,IRF7
7,100,0.4,False,1.13,5.935626,0.147369,IRF7
8,645,2.58,False,1.07,6.080733,0.118273,IRF7
9,54,0.22,False,1.06,6.309569,0.095857,IRF7
10,417,1.67,False,1.05,6.351949,0.09889,IRF7
11,235,0.94,False,1.05,6.082105,0.118249,IRF7
12,52,0.21,False,1.1,6.316672,0.12371,IRF7
13,77,0.31,False,1.11,5.549633,0.160333,IRF7
14,68,0.27,False,1.1,5.74647,0.132024,IRF7
15,347,1.39,False,1.05,6.171478,0.114561,IRF7
16,347,1.39,False,1.07,6.180682,0.11643,IRF7
17,447,1.79,False,1.07,6.170791,0.116084,IRF7
18,611,2.44,False,1.01,6.248018,0.108518,IRF7
19,671,2.68,False,1.06,6.047183,0.114914,IRF7
20,646,2.58,False,1.06,6.187811,0.113124,IRF7
21,3,0.01,False,1.1,6.18955,0.227317,IRF7
22,268,1.07,False,1.04,6.367998,0.093334,IRF7
23,91,0.36,False,1.04,6.32734,0.097518,IRF7
24,85,0.34,False,1.11,5.791044,0.175253,IRF7
25,3,0.01,False,1.25,6.057621,0.275892,IRF7
26,132,0.53,False,1.07,6.368508,0.118672,IRF7
27,919,3.68,False,0.95,6.271109,0.082412,IRF7
28,622,2.49,False,1.03,6.204706,0.099628,IRF7
29,80,0.32,False,1.15,5.699309,0.135147,IRF7
30,202,0.81,False,1.08,6.211369,0.119695,IRF7
31,419,1.68,False,1.08,6.163742,0.110727,IRF7
32,62,0.25,False,1.09,5.926592,0.1113,IRF7
33,286,1.14,False,1.07,6.043697,0.114535,IRF7
34,530,2.12,False,1.04,6.187065,0.103124,IRF7
35,9,0.04,False,1.14,6.431633,0.188766,IRF7
36,335,1.34,False,1.05,6.188857,0.125886,IRF7
37,68,0.27,False,1.07,6.401277,0.123786,IRF7
38,85,0.34,False,1.14,6.447462,0.126159,IRF7
39,430,1.72,False,1.07,6.132518,0.118707,IRF7
40,347,1.39,False,1.06,6.05438,0.117004,IRF7
41,830,3.32,False,0.97,6.285876,0.086454,IRF7
42,102,0.41,False,1.16,5.874169,0.175022,IRF7
43,395,1.58,False,1.06,6.148016,0.115845,IRF7
44,852,3.41,False,0.97,6.273402,0.080863,IRF7
45,909,3.64,False,0.97,6.280616,0.085251,IRF7
46,61,0.24,False,1.04,6.392426,0.130949,IRF7
47,848,3.39,True,0.99,6.27775,0.085717,IRF7
48,70,0.28,False,1.06,6.397737,0.123615,IRF7
49,69,0.28,False,1.1,6.327312,0.123387,IRF7
50,70,0.28,False,1.08,6.442812,0.119329,IRF7
51,64,0.26,False,1.14,6.444447,0.1348,IRF7
52,341,1.36,False,1.06,6.187985,0.124736,IRF7
53,410,1.64,False,1.04,6.198429,0.095695,IRF7
54,54,0.22,False,1.04,6.305456,0.117803,IRF7
55,416,1.66,False,1.04,6.224297,0.099721,IRF7
56,67,0.27,False,1.04,6.066562,0.112011,IRF7
57,368,1.47,False,1.07,6.106885,0.102244,IRF7
58,79,0.32,False,1.05,6.337444,0.108861,IRF7
59,238,0.95,False,1.02,6.275136,0.099077,IRF7
60,408,1.63,False,1.05,6.207139,0.105523,IRF7
61,162,0.65,False,1.03,6.365645,0.108577,IRF7
62,245,0.98,False,1.07,6.158925,0.101923,IRF7
63,547,2.19,False,1.04,6.211113,0.102969,IRF7
64,59,0.24,False,1.15,5.775829,0.139759,IRF7
65,345,1.38,False,1.01,6.241677,0.085341,IRF7
66,107,0.43,False,1.09,6.380978,0.128235,IRF7
67,97,0.39,False,1.1,5.895311,0.154294,IRF7
68,170,0.68,False,1.07,6.339934,0.109847,IRF7
69,112,0.45,False,1.17,5.79393,0.195101,IRF7
70,267,1.07,False,1.07,6.185889,0.113375,IRF7
71,980,3.92,False,0.96,6.281943,0.081635,IRF7
72,182,0.73,False,1.08,5.951639,0.140665,IRF7
73,57,0.23,False,1.11,6.376907,0.113547,IRF7
74,95,0.38,False,1.09,5.806338,0.139697,IRF7
75,38,0.15,False,1.1,5.996393,0.130863,IRF7
76,89,0.36,False,1.11,5.692227,0.156137,IRF7
77,65,0.26,False,1.08,6.397485,0.137077,IRF7
78,71,0.28,False,1.12,6.338742,0.13108,IRF7
79,83,0.33,False,1.1,6.399599,0.135391,IRF7
80,90,0.36,False,1.09,5.947976,0.146999,IRF7
81,72,0.29,False,1.12,5.990884,0.134958,IRF7
82,63,0.25,False,1.05,6.391603,0.104929,IRF7
83,65,0.26,False,1.07,6.027924,0.124346,IRF7
84,79,0.32,False,1.08,6.332834,0.122367,IRF7
85,70,0.28,False,1.11,6.344909,0.135577,IRF7
86,68,0.27,False,1.08,6.369996,0.127445,IRF7
87,47,0.19,False,1.07,6.375906,0.096462,IRF7
88,72,0.29,False,1.06,6.492064,0.135809,IRF7
89,443,1.77,False,1.05,6.162817,0.101498,IRF7
90,66,0.26,False,1.07,6.024643,0.133831,IRF7
91,58,0.23,False,1.1,6.43223,0.100586,IRF7
92,50,0.2,False,1.07,5.692106,0.191338,IRF7
93,115,0.46,False,1.14,5.875637,0.161903,IRF7
94,375,1.5,False,1.05,6.223809,0.099025,IRF7
95,406,1.62,False,1.06,6.028032,0.142703,IRF7
96,328,1.31,False,1.03,6.207656,0.097615,IRF7
97,64,0.26,False,1.07,6.3095,0.131301,IRF7
98,470,1.88,False,1.06,5.853878,0.100394,IRF7
99,79,0.32,False,1.12,5.911225,0.157432,IRF7
0,124,0.5,False,1.03,5.157815,0.08018,EH38E3485200
1,605,2.42,False,1.06,5.420451,0.085502,EH38E3485200
2,97,0.39,False,1.13,4.927975,0.12847,EH38E3485200
3,170,0.68,False,1.06,5.311747,0.081886,EH38E3485200
4,292,1.17,False,1.07,5.044511,0.090829,EH38E3485200
5,151,0.6,False,1.1,5.223513,0.101156,EH38E3485200
6,64,0.26,False,1.08,5.286448,0.092497,EH38E3485200
7,343,1.37,False,1.05,5.189995,0.074454,EH38E3485200
8,21,0.08,False,1.11,5.200592,0.092329,EH38E3485200
9,100,0.4,False,1.11,5.316102,0.12788,EH38E3485200
10,408,1.63,False,1.05,5.214055,0.06573,EH38E3485200
11,335,1.34,False,1.09,5.237471,0.09745,EH38E3485200
12,133,0.53,False,1.06,5.043789,0.079269,EH38E3485200
13,1026,4.1,False,0.99,5.253725,0.056147,EH38E3485200
14,832,3.33,False,1.02,5.327983,0.067488,EH38E3485200
15,90,0.36,False,1.15,4.927269,0.139818,EH38E3485200
16,50,0.2,False,1.14,5.253006,0.116108,EH38E3485200
17,207,0.83,False,1.05,5.0874,0.084558,EH38E3485200
18,1343,5.37,False,0.98,5.243803,0.055763,EH38E3485200
19,131,0.52,False,1.06,5.086793,0.101879,EH38E3485200
20,13,0.05,False,1.12,5.083399,0.147936,EH38E3485200
21,216,0.86,False,1.04,5.074921,0.075781,EH38E3485200
22,129,0.52,False,1.1,5.379758,0.119302,EH38E3485200
23,293,1.17,False,1.03,5.177983,0.08554,EH38E3485200
24,302,1.21,False,1.06,4.958164,0.086787,EH38E3485200
25,1308,5.23,False,0.97,5.243196,0.052131,EH38E3485200
26,864,3.46,True,0.98,5.200734,0.068149,EH38E3485200
27,66,0.26,False,1.09,5.408681,0.107651,EH38E3485200
28,213,0.85,False,1.06,5.326121,0.078376,EH38E3485200
29,213,0.85,False,1.03,5.128967,0.101146,EH38E3485200
30,167,0.67,False,1.07,5.118397,0.071648,EH38E3485200
31,91,0.36,False,1.12,5.305637,0.122558,EH38E3485200
32,395,1.58,False,1.03,5.134756,0.094895,EH38E3485200
33,16,0.06,False,1.13,5.297554,0.110823,EH38E3485200
34,70,0.28,False,1.13,4.739687,0.161816,EH38E3485200
35,146,0.58,False,1.02,5.309815,0.087653,EH38E3485200
36,100,0.4,False,1.18,4.992289,0.125074,EH38E3485200
37,233,0.93,False,1.07,4.968771,0.091532,EH38E3485200
38,122,0.49,False,1.11,4.940994,0.147111,EH38E3485200
39,92,0.37,False,1.1,5.139786,0.090858,EH38E3485200
40,189,0.76,False,1.05,5.20872,0.080451,EH38E3485200
41,67,0.27,False,1.03,5.404577,0.092296,EH38E3485200
42,294,1.18,False,1.05,5.2125,0.082164,EH38E3485200
43,314,1.26,False,1.05,5.074761,0.079621,EH38E3485200
44,66,0.26,False,1.09,5.33502,0.128646,EH38E3485200
45,196,0.78,False,1.05,5.169356,0.072821,EH38E3485200
46,128,0.51,False,1.05,5.006185,0.103737,EH38E3485200
47,285,1.14,False,1.06,5.094482,0.088102,EH38E3485200
48,230,0.92,False,1.04,5.352472,0.086744,EH38E3485200
49,664,2.66,False,1.05,5.10446,0.080332,EH38E3485200
50,237,0.95,False,1.08,5.145216,0.098671,EH38E3485200
51,30,0.12,False,1.11,5.15703,0.148345,EH38E3485200
52,269,1.08,False,1.06,5.085611,0.089512,EH38E3485200
53,66,0.26,False,1.17,4.78258,0.107423,EH38E3485200
54,1135,4.54,False,0.99,5.239394,0.05836,EH38E3485200
55,506,2.02,False,1.08,5.144547,0.089915,EH38E3485200
56,616,2.46,False,1.05,5.301577,0.074944,EH38E3485200
57,16,0.06,False,1.14,4.702055,0.184691,EH38E3485200
58,74,0.3,False,1.07,5.408585,0.122434,EH38E3485200
59,360,1.44,False,1.05,4.96731,0.085336,EH38E3485200
60,161,0.64,False,1.07,5.379208,0.090189,EH38E3485200
61,72,0.29,False,1.01,5.331653,0.10118,EH38E3485200
62,471,1.88,False,1.04,5.306371,0.066278,EH38E3485200
63,110,0.44,False,1.12,4.883741,0.117439,EH38E3485200
64,317,1.27,False,1.04,5.437136,0.080638,EH38E3485200
65,171,0.68,False,1.09,5.348124,0.093053,EH38E3485200
66,97,0.39,False,1.07,5.191421,0.111199,EH38E3485200
67,1212,4.85,False,0.98,5.239741,0.05359,EH38E3485200
68,135,0.54,False,1.07,5.095641,0.091124,EH38E3485200
69,93,0.37,False,1.15,4.818653,0.144174,EH38E3485200
70,74,0.3,False,1.06,5.250323,0.105185,EH38E3485200
71,640,2.56,False,1.02,5.204422,0.057732,EH38E3485200
72,174,0.7,False,1.12,4.843479,0.134024,EH38E3485200
73,66,0.26,False,1.03,5.373013,0.121902,EH38E3485200
74,500,2.0,False,1.07,5.040508,0.094878,EH38E3485200
75,99,0.4,False,1.13,4.956816,0.115632,EH38E3485200
76,359,1.44,False,1.07,5.203274,0.075576,EH38E3485200
77,158,0.63,False,1.05,5.225368,0.085751,EH38E3485200
78,104,0.42,False,1.09,5.366382,0.10168,EH38E3485200
79,87,0.35,False,1.14,5.033142,0.117342,EH38E3485200
80,8,0.03,False,1.09,5.401352,0.124721,EH38E3485200
81,114,0.46,False,1.11,4.968968,0.116771,EH38E3485200
82,95,0.38,False,1.12,4.929042,0.124964,EH38E3485200
83,109,0.44,False,1.15,5.179412,0.119226,EH38E3485200
84,107,0.43,False,1.06,5.305935,0.131486,EH38E3485200
85,135,0.54,False,1.11,4.885712,0.133036,EH38E3485200
86,89,0.36,False,1.13,5.013079,0.126811,EH38E3485200
87,267,1.07,False,1.07,5.161153,0.08672,EH38E3485200
88,19,0.08,False,1.17,5.277014,0.07689,EH38E3485200
89,105,0.42,False,1.06,5.343791,0.102249,EH38E3485200
90,127,0.51,False,1.09,5.329511,0.094433,EH38E3485200
91,24,0.1,False,1.12,5.222356,0.131612,EH38E3485200
92,125,0.5,False,1.12,4.932977,0.130096,EH38E3485200
93,142,0.57,False,1.11,4.885072,0.134404,EH38E3485200
94,52,0.21,False,1.06,5.348033,0.129115,EH38E3485200
95,123,0.49,False,1.05,5.299454,0.096137,EH38E3485200
96,400,1.6,False,1.04,5.160402,0.068993,EH38E3485200
97,231,0.92,False,1.04,5.358751,0.072396,EH38E3485200
98,262,1.05,False,1.06,5.026924,0.126625,EH38E3485200
99,53,0.21,False,1.1,5.456984,0.102801,EH38E3485200
0,262,1.05,False,1.05,6.197952,0.099872,RPL10A
1,208,0.83,False,1.04,6.504423,0.115034,RPL10A
2,274,1.1,False,1.09,5.794768,0.130398,RPL10A
3,175,0.7,False,1.08,5.976631,0.106638,RPL10A
4,526,2.1,False,0.99,6.386244,0.079878,RPL10A
5,181,0.72,False,1.07,5.942484,0.141124,RPL10A
6,213,0.85,False,1.07,6.30313,0.09284,RPL10A
7,391,1.56,False,1.07,6.203896,0.12903,RPL10A
8,500,2.0,False,1.04,6.354055,0.116891,RPL10A
9,110,0.44,False,1.09,5.884475,0.113056,RPL10A
10,62,0.25,False,1.09,6.564863,0.103872,RPL10A
11,387,1.55,False,1.02,6.392634,0.085755,RPL10A
12,47,0.19,False,1.1,5.596627,0.200176,RPL10A
13,61,0.24,False,1.14,5.839897,0.124953,RPL10A
14,589,2.36,False,0.98,6.38624,0.08587,RPL10A
15,520,2.08,False,1.01,6.392526,0.081385,RPL10A
16,133,0.53,False,1.05,6.106895,0.103311,RPL10A
17,332,1.33,False,1.06,6.289053,0.091291,RPL10A
18,475,1.9,False,1.06,6.339407,0.12015,RPL10A
19,286,1.14,False,1.07,6.266934,0.104757,RPL10A
20,296,1.18,False,1.07,6.096791,0.099075,RPL10A
21,246,0.98,False,1.08,6.249046,0.103035,RPL10A
22,112,0.45,False,1.12,5.337177,0.220712,RPL10A
23,64,0.26,False,1.16,5.428288,0.179478,RPL10A
24,494,1.98,False,0.99,6.375494,0.084424,RPL10A
25,196,0.78,False,1.06,6.290996,0.10156,RPL10A
26,318,1.27,False,1.06,6.064388,0.098926,RPL10A
27,105,0.42,False,1.12,5.837483,0.148918,RPL10A
28,541,2.16,False,0.99,6.382118,0.079366,RPL10A
29,63,0.25,False,1.12,6.20766,0.137509,RPL10A
30,46,0.18,False,1.12,6.054584,0.155842,RPL10A
31,3,0.01,False,1.31,6.722481,0.086183,RPL10A
32,108,0.43,False,1.12,5.975262,0.159014,RPL10A
33,56,0.22,False,1.17,5.694389,0.138807,RPL10A
34,63,0.25,False,1.08,6.549345,0.163825,RPL10A
35,161,0.64,False,1.08,5.70067,0.142419,RPL10A
36,212,0.85,False,1.06,6.064251,0.119133,RPL10A
37,145,0.58,False,1.12,6.05637,0.110015,RPL10A
38,299,1.2,False,1.07,6.080295,0.119123,RPL10A
39,262,1.05,False,1.08,6.110155,0.108163,RPL10A
40,203,0.81,False,1.07,6.230854,0.097972,RPL10A
41,227,0.91,False,1.06,6.331597,0.089888,RPL10A
42,77,0.31,False,1.06,6.398066,0.123931,RPL10A
43,9,0.04,False,1.14,5.491456,0.112416,RPL10A
44,300,1.2,False,1.06,6.258668,0.090811,RPL10A
45,479,1.92,False,1.0,6.391015,0.083206,RPL10A
46,288,1.15,False,1.06,6.227621,0.109481,RPL10A
47,221,0.88,False,1.04,6.168715,0.108909,RPL10A
48,264,1.06,False,1.06,6.284588,0.090076,RPL10A
49,118,0.47,False,1.15,5.894577,0.151578,RPL10A
50,210,0.84,False,1.06,6.294696,0.084998,RPL10A
51,261,1.04,False,1.04,6.300636,0.095105,RPL10A
52,265,1.06,False,1.07,6.467195,0.105909,RPL10A
53,76,0.3,False,1.15,5.776983,0.184486,RPL10A
54,244,0.98,False,1.02,6.330607,0.096918,RPL10A
55,114,0.46,False,1.06,6.068607,0.119231,RPL10A
56,70,0.28,False,1.09,6.625821,0.135964,RPL10A
57,57,0.23,False,1.11,6.743064,0.152046,RPL10A
58,548,2.19,False,0.97,6.385139,0.081486,RPL10A
59,356,1.42,False,1.09,6.179725,0.125684,RPL10A
60,319,1.28,False,1.04,6.2662,0.099627,RPL10A
61,276,1.1,False,1.08,6.109114,0.110131,RPL10A
62,214,0.86,False,1.08,6.022387,0.113444,RPL10A
63,122,0.49,False,1.07,6.442925,0.114749,RPL10A
64,69,0.28,False,1.07,5.996546,0.150262,RPL10A
65,297,1.19,False,1.07,6.199448,0.096128,RPL10A
66,102,0.41,False,1.1,5.469126,0.159479,RPL10A
67,272,1.09,False,1.11,6.028752,0.098563,RPL10A
68,294,1.18,False,1.03,6.275025,0.10578,RPL10A
69,52,0.21,False,1.11,6.457117,0.091945,RPL10A
70,118,0.47,False,1.14,5.947813,0.143956,RPL10A
71,531,2.12,False,1.0,6.374801,0.098018,RPL10A
72,16,0.06,False,1.24,5.65727,0.189043,RPL10A
73,50,0.2,False,1.17,5.856943,0.167824,RPL10A
74,345,1.38,False,1.06,6.287662,0.094388,RPL10A
75,57,0.23,False,1.12,5.997214,0.122223,RPL10A
76,500,2.0,False,1.01,6.390717,0.085036,RPL10A
77,179,0.72,False,1.06,6.526997,0.100708,RPL10A
78,339,1.36,False,1.08,6.20414,0.100848,RPL10A
79,316,1.26,False,1.09,6.172067,0.105277,RPL10A
80,185,0.74,False,1.04,6.273216,0.102073,RPL10A
81,70,0.28,False,1.02,6.56628,0.126418,RPL10A
82,400,1.6,False,0.99,6.383416,0.080387,RPL10A
83,295,1.18,False,1.04,6.257102,0.09497,RPL10A
84,554,2.22,False,0.98,6.394552,0.080957,RPL10A
85,211,0.84,False,1.06,6.145935,0.13199,RPL10A
86,534,2.14,False,0.99,6.379077,0.078896,RPL10A
87,238,0.95,False,1.06,6.027053,0.111232,RPL10A
88,303,1.21,False,1.07,5.6958,0.12651,RPL10A
89,581,2.32,True,0.99,6.401814,0.08339,RPL10A
90,351,1.4,False,1.03,6.309416,0.08522,RPL10A
91,509,2.04,False,1.01,6.37528,0.090353,RPL10A
92,83,0.33,False,1.14,5.747532,0.166735,RPL10A
93,451,1.8,False,0.97,6.377245,0.085747,RPL10A
94,521,2.08,False,0.97,6.390571,0.075807,RPL10A
95,185,0.74,False,1.02,6.408055,0.101577,RPL10A
96,124,0.5,False,1.05,5.540201,0.130916,RPL10A
97,304,1.22,False,1.04,6.360841,0.10509,RPL10A
98,264,1.06,False,1.05,6.294835,0.116896,RPL10A
99,460,1.84,False,1.0,6.374846,0.084485,RPL10A
0,5,0.02,False,1.26,5.963223,0.131659,RPL35
1,159,0.64,False,1.09,5.901201,0.118524,RPL35
2,53,0.21,False,1.09,5.606638,0.153588,RPL35
3,96,0.38,False,1.14,5.634872,0.094758,RPL35
4,431,1.72,False,1.04,5.704279,0.093694,RPL35
5,54,0.22,False,1.1,5.64961,0.098941,RPL35
6,228,0.91,False,1.03,5.887007,0.080075,RPL35
7,448,1.79,False,1.06,5.683399,0.103085,RPL35
8,95,0.38,False,1.06,5.950075,0.098239,RPL35
9,174,0.7,False,1.07,6.026523,0.102613,RPL35
10,351,1.4,False,1.06,5.832854,0.103376,RPL35
11,199,0.8,False,1.08,5.719422,0.095015,RPL35
12,217,0.87,False,1.06,5.898026,0.104725,RPL35
13,469,1.88,False,1.03,5.771872,0.073548,RPL35
14,1073,4.29,False,0.95,5.807905,0.07303,RPL35
15,98,0.39,False,1.12,5.644238,0.096125,RPL35
16,781,3.12,False,0.98,5.794493,0.078537,RPL35
17,56,0.22,False,1.04,5.816673,0.087618,RPL35
18,1001,4.0,False,0.95,5.803626,0.073873,RPL35
19,23,0.09,False,1.14,5.984913,0.140992,RPL35
20,91,0.36,False,1.12,5.682629,0.082021,RPL35
21,68,0.27,False,1.04,5.834913,0.091176,RPL35
22,75,0.3,False,1.07,5.728852,0.115574,RPL35
23,79,0.32,False,1.06,5.856964,0.100657,RPL35
24,161,0.64,False,1.04,5.882113,0.078092,RPL35
25,66,0.26,False,1.11,5.848251,0.113625,RPL35
26,385,1.54,False,1.07,5.759296,0.101389,RPL35
27,101,0.4,False,1.1,5.595044,0.112321,RPL35
28,480,1.92,False,1.03,5.753973,0.087009,RPL35
29,596,2.38,False,1.04,5.755583,0.076144,RPL35
30,62,0.25,False,1.07,6.051244,0.099206,RPL35
31,60,0.24,False,1.09,6.014771,0.103167,RPL35
32,754,3.02,False,1.02,5.757171,0.08943,RPL35
33,647,2.59,False,1.04,5.725507,0.093112,RPL35
34,63,0.25,False,1.16,5.540241,0.167691,RPL35
35,433,1.73,False,1.03,5.753684,0.082503,RPL35
36,129,0.52,False,1.14,5.712654,0.09829,RPL35
37,68,0.27,False,1.05,5.855517,0.101237,RPL35
38,66,0.26,False,1.14,5.514988,0.144178,RPL35
39,287,1.15,False,1.04,5.919682,0.09305,RPL35
40,225,0.9,False,1.04,5.830291,0.09018,RPL35
41,4,0.02,False,1.12,5.983372,0.095739,RPL35
42,408,1.63,False,1.02,5.742685,0.07764,RPL35
43,338,1.35,False,1.02,5.8564,0.081862,RPL35
44,76,0.3,False,1.09,5.796488,0.117595,RPL35
45,163,0.65,False,1.08,5.707317,0.108097,RPL35
46,276,1.1,False,1.07,5.854468,0.100715,RPL35
47,753,3.01,False,1.03,5.741757,0.085222,RPL35
48,512,2.05,False,1.05,5.766005,0.085898,RPL35
49,245,0.98,False,1.07,5.768009,0.089355,RPL35
50,351,1.4,False,1.06,5.878712,0.102629,RPL35
51,228,0.91,False,1.08,5.881445,0.090509,RPL35
52,71,0.28,False,1.12,5.906497,0.094508,RPL35
53,196,0.78,False,1.1,5.695811,0.103323,RPL35
54,175,0.7,False,1.09,5.641203,0.108011,RPL35
55,59,0.24,False,1.08,5.810444,0.093451,RPL35
56,51,0.2,False,1.11,5.577554,0.118557,RPL35
57,63,0.25,False,1.09,5.891144,0.117366,RPL35
58,60,0.24,False,1.08,5.847577,0.089894,RPL35
59,37,0.15,False,1.07,5.817554,0.088325,RPL35
60,79,0.32,False,1.11,5.911711,0.123361,RPL35
61,76,0.3,False,1.05,5.826314,0.084549,RPL35
62,376,1.5,False,1.05,5.907307,0.08536,RPL35
63,65,0.26,False,1.08,6.017669,0.11933,RPL35
64,104,0.42,False,1.11,5.650592,0.09655,RPL35
65,48,0.19,False,1.13,5.62151,0.114691,RPL35
66,129,0.52,False,1.05,5.84531,0.102388,RPL35
67,86,0.34,False,1.14,5.584471,0.1138,RPL35
68,70,0.28,False,1.05,5.898862,0.117263,RPL35
69,177,0.71,False,1.07,5.743475,0.103121,RPL35
70,127,0.51,False,1.09,5.657828,0.099177,RPL35
71,61,0.24,False,1.12,5.752078,0.110243,RPL35
72,807,3.23,False,1.06,5.763633,0.091537,RPL35
73,246,0.98,False,1.08,5.685326,0.111084,RPL35
74,75,0.3,False,1.09,6.067446,0.114071,RPL35
75,461,1.84,False,1.05,5.735875,0.088125,RPL35
76,85,0.34,False,1.14,5.665705,0.113221,RPL35
77,82,0.33,False,1.05,5.913469,0.103834,RPL35
78,109,0.44,False,1.12,5.595309,0.109876,RPL35
79,455,1.82,False,1.05,5.730299,0.091925,RPL35
80,78,0.31,False,1.05,5.951142,0.097166,RPL35
81,126,0.5,False,1.09,5.855052,0.084699,RPL35
82,89,0.36,False,1.07,5.864458,0.102888,RPL35
83,72,0.29,False,1.1,5.820215,0.112435,RPL35
84,74,0.3,False,1.19,5.776493,0.116685,RPL35
85,277,1.11,False,1.09,5.696664,0.097867,RPL35
86,727,2.91,False,1.05,5.718315,0.091517,RPL35
87,1095,4.38,True,0.96,5.814422,0.071117,RPL35
88,301,1.2,False,1.06,5.653888,0.107175,RPL35
89,596,2.38,False,1.06,5.685572,0.094586,RPL35
90,158,0.63,False,1.05,5.839175,0.094956,RPL35
91,54,0.22,False,1.1,5.904708,0.107434,RPL35
92,256,1.02,False,1.05,5.716583,0.083736,RPL35
93,947,3.79,False,1.01,5.810175,0.085444,RPL35
94,53,0.21,False,1.13,5.735418,0.115398,RPL35
95,72,0.29,False,1.03,5.91955,0.11965,RPL35
96,599,2.4,False,1.03,5.791443,0.086996,RPL35
97,1,0.0,False,1.23,5.576112,0.0,RPL35
98,142,0.57,False,1.1,5.620364,0.106116,RPL35
99,592,2.37,False,1.02,5.785554,0.084889,RPL35
0,76,0.3,False,1.01,3.240862,0.124322,PRSS1
1,395,1.58,False,1.08,2.903574,0.077725,PRSS1
2,60,0.24,False,1.11,3.194605,0.113282,PRSS1
3,302,1.21,False,1.05,2.988523,0.081915,PRSS1
4,59,0.24,False,1.1,3.257804,0.177916,PRSS1
5,140,0.56,False,1.09,3.177097,0.125965,PRSS1
6,7,0.03,False,0.9,3.456023,0.235831,PRSS1
7,269,1.08,False,1.07,3.096582,0.092832,PRSS1
8,77,0.31,False,1.05,3.233366,0.127088,PRSS1
9,6,0.02,False,1.25,3.595641,0.112954,PRSS1
10,31,0.12,False,1.16,3.282804,0.155055,PRSS1
11,110,0.44,False,1.07,3.087112,0.102246,PRSS1
12,190,0.76,False,1.09,2.903093,0.078221,PRSS1
13,71,0.28,False,1.09,3.225028,0.135549,PRSS1
14,76,0.3,False,1.05,3.409665,0.140404,PRSS1
15,129,0.52,False,1.06,3.202429,0.124643,PRSS1
16,361,1.44,False,1.04,3.158706,0.106997,PRSS1
17,41,0.16,False,1.08,3.130335,0.099834,PRSS1
18,88,0.35,False,1.07,3.310967,0.129465,PRSS1
19,266,1.06,False,1.11,2.92289,0.079383,PRSS1
20,230,0.92,False,1.11,2.874579,0.094888,PRSS1
21,64,0.26,False,1.03,3.395147,0.140985,PRSS1
22,403,1.61,False,1.07,3.185365,0.106329,PRSS1
23,66,0.26,False,1.08,3.306267,0.151368,PRSS1
24,428,1.71,False,1.06,3.101114,0.085972,PRSS1
25,2,0.01,False,0.92,3.392422,0.170113,PRSS1
26,72,0.29,False,1.11,3.345774,0.134399,PRSS1
27,750,3.0,False,1.02,3.073162,0.076429,PRSS1
28,69,0.28,False,1.05,3.199151,0.112531,PRSS1
29,69,0.28,False,1.1,3.194461,0.109702,PRSS1
30,60,0.24,False,1.06,3.223493,0.12181,PRSS1
31,730,2.92,False,0.98,3.045486,0.074385,PRSS1
32,79,0.32,False,1.09,3.158674,0.139554,PRSS1
33,183,0.73,False,1.06,3.205298,0.118133,PRSS1
34,26,0.1,False,1.09,3.376596,0.12965,PRSS1
35,66,0.26,False,1.1,3.14843,0.10446,PRSS1
36,131,0.52,False,1.13,2.842643,0.087823,PRSS1
37,78,0.31,False,1.07,3.307632,0.116995,PRSS1
38,295,1.18,False,1.09,2.899464,0.082792,PRSS1
39,79,0.32,False,1.08,3.15335,0.115172,PRSS1
40,473,1.89,False,1.05,3.143345,0.098031,PRSS1
41,637,2.55,False,1.05,2.964215,0.080638,PRSS1
42,197,0.79,False,1.09,3.248462,0.120847,PRSS1
43,446,1.78,False,1.07,2.958039,0.081935,PRSS1
44,372,1.49,False,1.05,2.906978,0.081304,PRSS1
45,1254,5.02,False,0.99,3.043815,0.066856,PRSS1
46,1,0.0,False,0.95,3.856495,0.0,PRSS1
47,736,2.94,False,1.04,2.99136,0.078003,PRSS1
48,1,0.0,False,0.99,3.354141,0.0,PRSS1
49,81,0.32,False,1.08,3.498231,0.145624,PRSS1
50,64,0.26,False,1.06,3.207593,0.135986,PRSS1
51,102,0.41,False,1.06,3.104766,0.10134,PRSS1
52,161,0.64,False,1.06,3.10919,0.107076,PRSS1
53,1249,5.0,False,0.96,3.013985,0.063046,PRSS1
54,66,0.26,False,1.08,3.252119,0.129227,PRSS1
55,548,2.19,False,1.03,3.074962,0.073553,PRSS1
56,847,3.39,False,1.01,2.997252,0.072967,PRSS1
57,307,1.23,False,1.09,2.884918,0.085692,PRSS1
58,136,0.54,False,1.08,3.174371,0.111576,PRSS1
59,65,0.26,False,1.03,3.314106,0.123593,PRSS1
60,535,2.14,False,1.03,3.138489,0.089606,PRSS1
61,80,0.32,False,1.09,3.255145,0.126012,PRSS1
62,624,2.5,False,1.05,2.960689,0.085924,PRSS1
63,94,0.38,False,1.07,3.238101,0.12736,PRSS1
64,77,0.31,False,1.09,3.228858,0.144206,PRSS1
65,324,1.3,False,1.05,3.097982,0.078227,PRSS1
66,98,0.39,False,1.11,3.115395,0.12006,PRSS1
67,719,2.88,False,1.02,2.972783,0.069504,PRSS1
68,390,1.56,False,1.05,2.957211,0.08437,PRSS1
69,70,0.28,False,1.06,3.201515,0.126126,PRSS1
70,657,2.63,False,1.03,3.070933,0.079711,PRSS1
71,68,0.27,False,1.06,3.264586,0.159495,PRSS1
72,87,0.35,False,1.1,3.458187,0.128063,PRSS1
73,104,0.42,False,1.12,3.29705,0.147232,PRSS1
74,164,0.66,False,1.08,3.162269,0.118189,PRSS1
75,239,0.96,False,1.08,2.933163,0.094328,PRSS1
76,244,0.98,False,1.1,2.981258,0.092832,PRSS1
77,75,0.3,False,1.08,3.144737,0.11235,PRSS1
78,57,0.23,False,1.08,3.223696,0.124336,PRSS1
79,72,0.29,False,1.13,3.167865,0.118836,PRSS1
80,856,3.42,False,1.01,2.948545,0.064491,PRSS1
81,207,0.83,False,1.05,3.111088,0.091427,PRSS1
82,66,0.26,False,1.05,3.213098,0.109826,PRSS1
83,61,0.24,False,1.04,3.15133,0.144787,PRSS1
84,82,0.33,False,1.08,3.231675,0.141848,PRSS1
85,128,0.51,False,1.07,3.17766,0.124869,PRSS1
86,510,2.04,False,1.07,2.940275,0.080611,PRSS1
87,336,1.34,False,1.07,3.006764,0.082786,PRSS1
88,76,0.3,False,1.05,3.121083,0.11491,PRSS1
89,457,1.83,False,1.04,2.972417,0.07342,PRSS1
90,66,0.26,False,1.07,3.116818,0.114202,PRSS1
91,147,0.59,False,1.03,3.072892,0.085221,PRSS1
92,60,0.24,False,1.1,3.203573,0.122703,PRSS1
93,53,0.21,False,1.12,3.236524,0.1189,PRSS1
94,68,0.27,False,1.09,3.34954,0.160181,PRSS1
95,405,1.62,False,1.05,3.159425,0.106118,PRSS1
96,1504,6.02,True,0.95,2.98795,0.059401,PRSS1
97,352,1.41,False,1.04,3.163868,0.094929,PRSS1
98,317,1.27,False,1.07,3.156844,0.096714,PRSS1
99,94,0.38,False,1.1,3.251314,0.128155,PRSS1
0,1,0.0,False,0.95,6.333646,0.0,CD40
1,119,0.48,False,1.06,6.501594,0.108887,CD40
2,577,2.31,False,1.01,6.317511,0.093952,CD40
3,352,1.41,False,1.03,6.345548,0.122772,CD40
4,598,2.39,False,1.06,6.281996,0.117923,CD40
5,156,0.62,False,1.07,6.372583,0.137335,CD40
6,109,0.44,False,1.11,5.864037,0.145224,CD40
7,91,0.36,False,1.1,6.17417,0.163429,CD40
8,226,0.9,False,1.04,6.47382,0.104688,CD40
9,140,0.56,False,1.14,6.083594,0.125865,CD40
10,343,1.37,False,1.03,6.456933,0.107152,CD40
11,378,1.51,False,1.03,6.333577,0.129968,CD40
12,331,1.32,False,1.02,6.459605,0.106384,CD40
13,89,0.36,False,1.09,6.549153,0.158285,CD40
14,68,0.27,False,1.11,6.029683,0.135251,CD40
15,251,1.0,False,1.03,6.322847,0.126124,CD40
16,112,0.45,False,1.11,6.13347,0.131105,CD40
17,938,3.75,False,1.05,6.269953,0.123964,CD40
18,48,0.19,False,1.08,6.155746,0.16662,CD40
19,229,0.92,False,1.05,6.147687,0.141325,CD40
20,55,0.22,False,1.04,6.440552,0.12551,CD40
21,69,0.28,False,1.06,6.506001,0.123493,CD40
22,237,0.95,False,1.03,6.236889,0.114469,CD40
23,43,0.17,False,1.08,6.260437,0.158108,CD40
24,371,1.48,False,1.08,6.256614,0.133217,CD40
25,234,0.94,False,1.06,6.458665,0.108383,CD40
26,372,1.49,False,1.05,6.258544,0.144677,CD40
27,99,0.4,False,1.09,6.103621,0.197101,CD40
28,406,1.62,False,1.03,6.312504,0.103309,CD40
29,102,0.41,False,1.13,6.117051,0.182072,CD40
30,336,1.34,False,1.04,6.457638,0.112568,CD40
31,72,0.29,False,1.07,6.430126,0.100451,CD40
32,115,0.46,False,1.06,6.525836,0.144233,CD40
33,656,2.62,False,1.08,6.029234,0.138427,CD40
34,74,0.3,False,1.09,6.08468,0.147064,CD40
35,167,0.67,False,1.06,6.221582,0.153864,CD40
36,77,0.31,False,1.13,6.187738,0.144346,CD40
37,213,0.85,False,1.05,6.383049,0.121784,CD40
38,80,0.32,False,1.11,6.175806,0.157439,CD40
39,18,0.07,False,1.17,6.307768,0.102928,CD40
40,466,1.86,False,1.07,6.272154,0.116151,CD40
41,65,0.26,False,1.15,5.94903,0.188583,CD40
42,89,0.36,False,1.13,6.167906,0.154314,CD40
43,122,0.49,False,1.13,5.875353,0.182479,CD40
44,304,1.22,False,1.03,6.476904,0.109114,CD40
45,397,1.59,False,1.06,6.280763,0.115254,CD40
46,61,0.24,False,1.04,6.472907,0.084584,CD40
47,694,2.78,False,1.03,6.367654,0.117814,CD40
48,70,0.28,False,1.12,6.132052,0.165273,CD40
49,80,0.32,False,1.1,6.532811,0.123249,CD40
50,137,0.55,False,1.16,6.142497,0.132854,CD40
51,70,0.28,False,1.09,6.248997,0.150761,CD40
52,67,0.27,False,1.03,6.504279,0.137501,CD40
53,99,0.4,False,1.13,6.118267,0.187135,CD40
54,77,0.31,False,1.15,6.21373,0.141444,CD40
55,63,0.25,False,1.13,6.136183,0.164374,CD40
56,554,2.22,False,1.05,6.394635,0.116467,CD40
57,1209,4.84,False,0.97,6.376843,0.102467,CD40
58,70,0.28,False,1.08,6.428666,0.147423,CD40
59,111,0.44,False,1.1,6.109923,0.142204,CD40
60,703,2.81,False,1.05,6.316671,0.117962,CD40
61,71,0.28,False,1.14,6.06854,0.16706,CD40
62,687,2.75,False,1.03,6.343007,0.116029,CD40
63,98,0.39,False,1.12,6.212379,0.1209,CD40
64,123,0.49,False,1.12,6.182398,0.135428,CD40
65,1204,4.82,False,0.97,6.420094,0.09696,CD40
66,64,0.26,False,1.11,6.175189,0.170388,CD40
67,123,0.49,False,1.14,6.047508,0.134315,CD40
68,291,1.16,False,1.05,6.277977,0.114595,CD40
69,274,1.1,False,1.05,6.345615,0.133647,CD40
70,176,0.7,False,1.06,6.422008,0.131548,CD40
71,371,1.48,False,1.04,6.303057,0.113047,CD40
72,70,0.28,False,1.05,6.49551,0.155128,CD40
73,752,3.01,False,1.07,6.199553,0.120811,CD40
74,105,0.42,False,1.12,6.11496,0.159591,CD40
75,1224,4.9,False,0.95,6.387212,0.089253,CD40
76,78,0.31,False,1.08,6.379444,0.130523,CD40
77,73,0.29,False,1.16,5.895034,0.205776,CD40
78,445,1.78,False,1.04,6.364441,0.116738,CD40
79,361,1.44,False,1.07,6.221872,0.127193,CD40
80,88,0.35,False,1.11,6.119669,0.142558,CD40
81,224,0.9,False,1.02,6.338901,0.132139,CD40
82,64,0.26,False,1.07,6.492735,0.17195,CD40
83,91,0.36,False,1.14,6.176893,0.125619,CD40
84,538,2.15,False,1.06,6.194981,0.121298,CD40
85,56,0.22,False,1.0,6.456024,0.157885,CD40
86,64,0.26,False,1.06,6.500698,0.130627,CD40
87,1182,4.73,True,0.95,6.388184,0.090582,CD40
88,61,0.24,False,1.06,6.097674,0.143474,CD40
89,59,0.24,False,1.05,6.551833,0.120098,CD40
90,554,2.22,False,1.03,6.312977,0.108845,CD40
91,73,0.29,False,1.14,6.033531,0.163144,CD40
92,135,0.54,False,1.11,6.30151,0.153059,CD40
93,240,0.96,False,1.03,6.439126,0.128416,CD40
94,139,0.56,False,1.04,6.488418,0.115768,CD40
95,6,0.02,False,1.29,6.403166,0.143305,CD40
96,185,0.74,False,1.06,6.233751,0.128527,CD40
97,73,0.29,False,1.13,6.196727,0.154923,CD40
98,59,0.24,False,1.12,6.088261,0.200649,CD40
99,59,0.24,False,1.08,6.560209,0.118678,CD40
0,71,0.28,False,1.08,4.230458,0.129961,CRTAM
1,240,0.96,False,1.11,3.51084,0.115067,CRTAM
2,474,1.9,False,1.05,3.8513,0.097569,CRTAM
3,75,0.3,False,1.1,4.899259,0.204159,CRTAM
4,60,0.24,False,1.1,4.21577,0.182557,CRTAM
5,678,2.71,False,0.99,3.944923,0.088442,CRTAM
6,69,0.28,False,1.09,4.271122,0.14632,CRTAM
7,771,3.08,False,0.98,3.963721,0.078972,CRTAM
8,172,0.69,False,1.05,3.861024,0.100897,CRTAM
9,86,0.34,False,1.16,3.801522,0.131609,CRTAM
10,146,0.58,False,1.09,3.680175,0.173453,CRTAM
11,245,0.98,False,1.11,3.713013,0.108559,CRTAM
12,284,1.14,False,1.03,4.139525,0.109391,CRTAM
13,430,1.72,False,1.04,3.851308,0.106197,CRTAM
14,92,0.37,False,1.17,3.584599,0.152318,CRTAM
15,419,1.68,False,1.06,3.725755,0.109435,CRTAM
16,25,0.1,False,1.09,4.056286,0.206628,CRTAM
17,282,1.13,False,1.07,3.53488,0.115887,CRTAM
18,396,1.58,False,1.06,4.027296,0.093933,CRTAM
19,118,0.47,False,1.05,3.961503,0.106927,CRTAM
20,377,1.51,False,1.05,3.736108,0.100013,CRTAM
21,74,0.3,False,1.06,4.359483,0.204746,CRTAM
22,267,1.07,False,1.07,3.560046,0.105892,CRTAM
23,75,0.3,False,1.04,4.604195,0.158083,CRTAM
24,62,0.25,False,1.05,4.263046,0.135282,CRTAM
25,16,0.06,False,1.19,3.923221,0.207515,CRTAM
26,569,2.28,False,1.05,3.851405,0.096959,CRTAM
27,19,0.08,False,1.16,3.809587,0.140485,CRTAM
28,80,0.32,False,1.08,4.276996,0.150342,CRTAM
29,63,0.25,False,1.04,4.095721,0.118312,CRTAM
30,638,2.55,False,0.99,3.972939,0.090591,CRTAM
31,318,1.27,False,1.07,4.090318,0.097562,CRTAM
32,76,0.3,False,1.09,4.278139,0.166769,CRTAM
33,3,0.01,False,1.15,4.475482,0.111117,CRTAM
34,193,0.77,False,1.01,4.087779,0.130482,CRTAM
35,598,2.39,False,1.03,3.858781,0.081571,CRTAM
36,43,0.17,False,1.13,3.782798,0.19543,CRTAM
37,61,0.24,False,1.05,4.161244,0.139319,CRTAM
38,31,0.12,False,1.07,4.67836,0.146759,CRTAM
39,377,1.51,False,1.05,4.073432,0.120532,CRTAM
40,542,2.17,False,1.05,3.906036,0.084957,CRTAM
41,76,0.3,False,1.06,4.273967,0.137395,CRTAM
42,293,1.17,False,1.06,3.880804,0.110948,CRTAM
43,61,0.24,False,1.06,4.34903,0.155853,CRTAM
44,582,2.33,False,0.99,4.01818,0.096999,CRTAM
45,62,0.25,False,1.04,4.292304,0.147465,CRTAM
46,62,0.25,False,1.06,4.252229,0.155922,CRTAM
47,223,0.89,False,1.1,3.7248,0.109517,CRTAM
48,70,0.28,False,1.06,4.445828,0.175772,CRTAM
49,129,0.52,False,1.06,4.281496,0.144667,CRTAM
50,574,2.3,False,1.06,3.386131,0.085292,CRTAM
51,69,0.28,False,1.05,4.221297,0.149859,CRTAM
52,438,1.75,False,1.05,3.801375,0.101596,CRTAM
53,538,2.15,False,1.03,3.818005,0.100149,CRTAM
54,392,1.57,False,1.05,4.100628,0.121744,CRTAM
55,106,0.42,False,1.11,3.266329,0.119269,CRTAM
56,67,0.27,False,1.09,4.266213,0.163106,CRTAM
57,588,2.35,False,1.04,3.878079,0.091653,CRTAM
58,62,0.25,False,1.1,4.373496,0.170136,CRTAM
59,74,0.3,False,1.09,4.103863,0.146364,CRTAM
60,70,0.28,False,1.03,4.193369,0.147556,CRTAM
61,251,1.0,False,1.1,3.289578,0.092169,CRTAM
62,114,0.46,False,1.1,3.323446,0.138873,CRTAM
63,41,0.16,False,1.13,3.537193,0.208994,CRTAM
64,65,0.26,False,1.1,4.061895,0.13486,CRTAM
65,512,2.05,False,1.04,3.839159,0.090977,CRTAM
66,254,1.02,False,1.06,4.12193,0.114404,CRTAM
67,57,0.23,False,1.07,4.123482,0.155775,CRTAM
68,722,2.89,False,0.99,3.958192,0.084533,CRTAM
69,53,0.21,False,1.11,4.25591,0.179879,CRTAM
70,314,1.26,False,1.06,4.14529,0.112819,CRTAM
71,314,1.26,False,1.05,4.157619,0.120995,CRTAM
72,735,2.94,False,0.98,3.941291,0.08048,CRTAM
73,45,0.18,False,1.11,4.016198,0.098334,CRTAM
74,261,1.04,False,1.09,3.670358,0.123374,CRTAM
75,63,0.25,False,1.1,4.022273,0.143619,CRTAM
76,80,0.32,False,1.07,4.140462,0.144236,CRTAM
77,939,3.76,False,0.97,3.924449,0.080265,CRTAM
78,748,2.99,True,0.99,3.963293,0.082721,CRTAM
79,257,1.03,False,1.08,3.932721,0.127614,CRTAM
80,61,0.24,False,1.13,4.123353,0.13283,CRTAM
81,139,0.56,False,1.06,4.117994,0.134434,CRTAM
82,95,0.38,False,1.1,3.721186,0.122049,CRTAM
83,228,0.91,False,1.07,4.190734,0.161568,CRTAM
84,51,0.2,False,1.07,4.036853,0.113358,CRTAM
85,76,0.3,False,1.13,3.569008,0.128813,CRTAM
86,731,2.92,False,0.97,3.942633,0.078378,CRTAM
87,216,0.86,False,1.09,3.770496,0.127108,CRTAM
88,281,1.12,False,1.05,3.837358,0.09578,CRTAM
89,398,1.59,False,1.05,4.054885,0.108992,CRTAM
90,358,1.43,False,1.04,4.071139,0.098652,CRTAM
91,625,2.5,False,1.04,3.827158,0.089196,CRTAM
92,834,3.34,False,0.96,3.933139,0.07766,CRTAM
93,160,0.64,False,1.09,4.188277,0.135163,CRTAM
94,100,0.4,False,1.08,4.131103,0.134583,CRTAM
95,189,0.76,False,1.1,3.597965,0.127568,CRTAM
96,70,0.28,False,1.07,4.09828,0.15563,CRTAM
97,40,0.16,False,1.11,4.589606,0.180482,CRTAM
98,110,0.44,False,1.15,4.008124,0.126494,CRTAM
99,262,1.05,False,1.05,3.864635,0.098082,CRTAM
0,67,0.27,False,1.06,5.0259,0.119012,PDCD1LG2
1,8,0.03,False,1.14,4.40817,0.19136,PDCD1LG2
2,64,0.26,False,1.09,5.018408,0.145977,PDCD1LG2
3,261,1.04,False,1.06,4.621917,0.118791,PDCD1LG2
4,396,1.58,False,1.04,4.921212,0.095581,PDCD1LG2
5,471,1.88,False,1.05,4.385573,0.134385,PDCD1LG2
6,103,0.41,False,1.08,3.696723,0.184623,PDCD1LG2
7,248,0.99,False,1.07,4.238099,0.151117,PDCD1LG2
8,106,0.42,False,1.07,4.673748,0.160907,PDCD1LG2
9,227,0.91,False,1.04,4.451096,0.135211,PDCD1LG2
10,48,0.19,False,1.05,4.655778,0.141834,PDCD1LG2
11,255,1.02,False,1.04,4.400462,0.134302,PDCD1LG2
12,311,1.24,False,1.04,4.895772,0.108569,PDCD1LG2
13,92,0.37,False,1.04,5.300262,0.204609,PDCD1LG2
14,97,0.39,False,1.07,5.054655,0.20206,PDCD1LG2
15,809,3.24,False,0.99,4.777226,0.083323,PDCD1LG2
16,135,0.54,False,1.08,4.195825,0.18701,PDCD1LG2
17,61,0.24,False,1.11,4.14161,0.138901,PDCD1LG2
18,806,3.22,False,0.99,4.778081,0.088741,PDCD1LG2
19,80,0.32,False,1.05,4.96963,0.136848,PDCD1LG2
20,125,0.5,False,1.11,4.464105,0.154247,PDCD1LG2
21,64,0.26,False,1.08,5.235009,0.147105,PDCD1LG2
22,104,0.42,False,1.04,4.991177,0.169031,PDCD1LG2
23,86,0.34,False,1.07,4.526864,0.128889,PDCD1LG2
24,270,1.08,False,1.05,4.608157,0.138493,PDCD1LG2
25,213,0.85,False,1.05,4.656454,0.142158,PDCD1LG2
26,365,1.46,False,1.07,4.511204,0.127921,PDCD1LG2
27,113,0.45,False,1.08,4.241446,0.186737,PDCD1LG2
28,598,2.39,False,1.03,4.73434,0.090929,PDCD1LG2
29,82,0.33,False,1.1,4.060107,0.162464,PDCD1LG2
30,68,0.27,False,1.07,4.609079,0.159277,PDCD1LG2
31,90,0.36,False,1.09,5.083273,0.165225,PDCD1LG2
32,407,1.63,False,1.03,4.972994,0.108566,PDCD1LG2
33,331,1.32,False,1.07,4.529698,0.131583,PDCD1LG2
34,148,0.59,False,1.11,4.05324,0.172402,PDCD1LG2
35,247,0.99,False,1.02,4.348915,0.167121,PDCD1LG2
36,118,0.47,False,1.11,4.950244,0.175027,PDCD1LG2
37,311,1.24,False,1.08,4.589536,0.146577,PDCD1LG2
38,331,1.32,False,1.06,4.368209,0.137543,PDCD1LG2
39,66,0.26,False,1.07,4.242156,0.129655,PDCD1LG2
40,615,2.46,False,0.99,4.79817,0.089725,PDCD1LG2
41,64,0.26,False,1.17,3.728673,0.174939,PDCD1LG2
42,41,0.16,False,1.13,4.697352,0.201411,PDCD1LG2
43,914,3.66,True,0.99,4.77654,0.085662,PDCD1LG2
44,68,0.27,False,1.12,5.054773,0.193719,PDCD1LG2
45,69,0.28,False,1.04,5.036716,0.193771,PDCD1LG2
46,128,0.51,False,1.04,4.99983,0.140475,PDCD1LG2
47,682,2.73,False,1.0,4.797165,0.091568,PDCD1LG2
48,138,0.55,False,1.1,4.13137,0.178481,PDCD1LG2
49,374,1.5,False,1.05,4.650859,0.112315,PDCD1LG2
50,938,3.75,False,1.01,4.770842,0.091779,PDCD1LG2
51,1,0.0,False,1.09,5.252494,0.0,PDCD1LG2
52,67,0.27,False,1.05,4.469434,0.163826,PDCD1LG2
53,121,0.48,False,1.14,4.001992,0.1941,PDCD1LG2
54,58,0.23,False,1.06,5.19278,0.111432,PDCD1LG2
55,522,2.09,False,1.04,4.703637,0.094907,PDCD1LG2
56,72,0.29,False,1.05,4.914511,0.168924,PDCD1LG2
57,140,0.56,False,1.07,4.957724,0.140886,PDCD1LG2
58,354,1.42,False,1.08,4.290762,0.137528,PDCD1LG2
59,734,2.94,False,0.99,4.783725,0.083351,PDCD1LG2
60,470,1.88,False,1.06,4.728236,0.10335,PDCD1LG2
61,466,1.86,False,1.06,4.937645,0.120516,PDCD1LG2
62,741,2.96,False,0.99,4.780047,0.082719,PDCD1LG2
63,584,2.34,False,1.03,4.817235,0.106033,PDCD1LG2
64,70,0.28,False,1.09,5.082426,0.207169,PDCD1LG2
65,56,0.22,False,1.09,5.148217,0.15141,PDCD1LG2
66,11,0.04,False,1.08,4.416231,0.252259,PDCD1LG2
67,524,2.1,False,1.04,4.704161,0.097573,PDCD1LG2
68,668,2.67,False,1.04,4.750963,0.12631,PDCD1LG2
69,157,0.63,False,1.11,4.251675,0.149411,PDCD1LG2
70,274,1.1,False,1.07,4.481138,0.134032,PDCD1LG2
71,298,1.19,False,1.08,4.494761,0.13674,PDCD1LG2
72,806,3.22,False,0.99,4.784294,0.088667,PDCD1LG2
73,768,3.07,False,0.99,4.765551,0.084041,PDCD1LG2
74,68,0.27,False,1.09,4.979311,0.177467,PDCD1LG2
75,365,1.46,False,1.05,4.661226,0.116619,PDCD1LG2
76,134,0.54,False,1.13,4.300781,0.165403,PDCD1LG2
77,41,0.16,False,1.09,4.897033,0.131583,PDCD1LG2
78,72,0.29,False,1.07,4.319775,0.169972,PDCD1LG2
79,106,0.42,False,1.15,4.384289,0.149854,PDCD1LG2
80,66,0.26,False,1.09,4.36334,0.133287,PDCD1LG2
81,144,0.58,False,1.09,4.793207,0.172135,PDCD1LG2
82,65,0.26,False,1.02,4.801375,0.120526,PDCD1LG2
83,267,1.07,False,1.06,4.419914,0.127656,PDCD1LG2
84,134,0.54,False,1.06,5.135656,0.142591,PDCD1LG2
85,61,0.24,False,1.05,4.740991,0.12431,PDCD1LG2
86,63,0.25,False,1.03,4.786646,0.141981,PDCD1LG2
87,532,2.13,False,1.02,4.842653,0.105494,PDCD1LG2
88,220,0.88,False,1.09,4.642822,0.1225,PDCD1LG2
89,61,0.24,False,1.06,4.909976,0.135907,PDCD1LG2
90,85,0.34,False,1.11,3.950625,0.170927,PDCD1LG2
91,52,0.21,False,1.1,4.507579,0.121525,PDCD1LG2
92,222,0.89,False,1.11,3.96982,0.178764,PDCD1LG2
93,210,0.84,False,1.06,4.604962,0.130334,PDCD1LG2
94,71,0.28,False,1.06,4.664942,0.201879,PDCD1LG2
95,376,1.5,False,1.08,4.759334,0.124785,PDCD1LG2
96,480,1.92,False,1.05,4.965195,0.109111,PDCD1LG2
97,79,0.32,False,1.08,5.148812,0.145414,PDCD1LG2
98,193,0.77,False,1.06,4.197273,0.174018,PDCD1LG2
99,58,0.23,False,1.09,4.699332,0.144969,PDCD1LG2
0,388,1.55,False,1.09,6.149102,0.124968,SETD9
1,293,1.17,False,1.05,6.159958,0.112676,SETD9
2,74,0.3,False,1.06,6.372931,0.117444,SETD9
3,67,0.27,False,1.05,6.542133,0.140886,SETD9
4,2,0.01,False,1.11,6.132114,0.061768,SETD9
5,67,0.27,False,1.08,6.099106,0.127758,SETD9
6,106,0.42,False,1.06,6.389515,0.10702,SETD9
7,344,1.38,False,1.02,6.342516,0.103065,SETD9
8,575,2.3,False,1.05,6.126125,0.131301,SETD9
9,158,0.63,False,1.07,6.160493,0.110139,SETD9
10,481,1.92,False,1.07,6.128947,0.111879,SETD9
11,105,0.42,False,1.12,5.905502,0.126009,SETD9
12,71,0.28,False,1.06,6.519629,0.131607,SETD9
13,104,0.42,False,1.13,5.96338,0.134166,SETD9
14,29,0.12,False,1.09,6.580075,0.085698,SETD9
15,466,1.86,False,1.04,6.211303,0.100082,SETD9
16,82,0.33,False,1.14,6.054902,0.130934,SETD9
17,138,0.55,False,1.08,6.131224,0.135102,SETD9
18,102,0.41,False,1.05,6.019269,0.124461,SETD9
19,23,0.09,False,1.06,6.302468,0.11525,SETD9
20,303,1.21,False,1.03,6.136463,0.11745,SETD9
21,60,0.24,False,1.1,6.351598,0.115149,SETD9
22,428,1.71,False,1.05,6.086583,0.10509,SETD9
23,343,1.37,False,1.09,6.09478,0.127125,SETD9
24,160,0.64,False,1.1,6.38005,0.128634,SETD9
25,146,0.58,False,1.11,5.989923,0.116761,SETD9
26,442,1.77,False,1.07,6.166508,0.119019,SETD9
27,27,0.11,False,1.08,6.309408,0.137071,SETD9
28,81,0.32,False,1.12,6.688202,0.110297,SETD9
29,705,2.82,False,1.05,6.095223,0.106349,SETD9
30,446,1.78,False,1.04,6.19718,0.103909,SETD9
31,113,0.45,False,1.04,6.352738,0.106571,SETD9
32,93,0.37,False,1.14,6.001425,0.164176,SETD9
33,71,0.28,False,1.07,6.373624,0.118783,SETD9
34,123,0.49,False,1.1,5.994646,0.119682,SETD9
35,6,0.02,False,0.95,6.424997,0.10705,SETD9
36,62,0.25,False,1.08,6.535357,0.135054,SETD9
37,644,2.58,False,1.04,6.143482,0.107731,SETD9
38,95,0.38,False,1.05,6.072269,0.112863,SETD9
39,479,1.92,False,1.02,6.174976,0.103975,SETD9
40,102,0.41,False,1.09,6.144123,0.111276,SETD9
41,73,0.29,False,1.05,6.333855,0.131147,SETD9
42,541,2.16,False,1.03,6.212159,0.095744,SETD9
43,90,0.36,False,1.16,5.939746,0.151916,SETD9
44,4,0.02,False,1.01,6.114016,0.097827,SETD9
45,86,0.34,False,1.02,6.406938,0.140602,SETD9
46,326,1.3,False,1.04,6.158142,0.11177,SETD9
47,73,0.29,False,1.14,6.116359,0.126095,SETD9
48,297,1.19,False,1.05,6.210645,0.106204,SETD9
49,84,0.34,False,1.08,6.446164,0.146326,SETD9
50,81,0.32,False,1.04,6.407542,0.128736,SETD9
51,113,0.45,False,1.13,5.993766,0.13614,SETD9
52,75,0.3,False,1.14,6.058428,0.129435,SETD9
53,1007,4.03,False,0.98,6.253414,0.092178,SETD9
54,74,0.3,False,1.07,6.340312,0.111702,SETD9
55,4,0.02,False,1.18,6.015522,0.079785,SETD9
56,78,0.31,False,1.11,6.367059,0.105512,SETD9
57,61,0.24,False,1.11,6.372837,0.125083,SETD9
58,155,0.62,False,1.07,6.455597,0.163563,SETD9
59,735,2.94,False,1.03,6.218266,0.09974,SETD9
60,2148,8.59,False,0.93,6.268476,0.081357,SETD9
61,504,2.02,False,1.05,6.125137,0.117016,SETD9
62,63,0.25,False,1.06,6.331612,0.127777,SETD9
63,253,1.01,False,1.02,6.220522,0.106555,SETD9
64,64,0.26,False,1.06,6.370746,0.143283,SETD9
65,573,2.29,False,1.04,6.184543,0.105741,SETD9
66,123,0.49,False,1.13,6.020885,0.126152,SETD9
67,133,0.53,False,1.13,6.001663,0.122606,SETD9
68,391,1.56,False,1.08,6.084685,0.122591,SETD9
69,235,0.94,False,1.08,6.169806,0.119598,SETD9
70,454,1.82,False,1.04,6.157423,0.111062,SETD9
71,82,0.33,False,1.09,6.357135,0.152737,SETD9
72,458,1.83,False,1.03,6.247634,0.106056,SETD9
73,61,0.24,False,1.03,6.34135,0.137132,SETD9
74,74,0.3,False,1.03,6.30871,0.135677,SETD9
75,68,0.27,False,1.1,6.297051,0.132415,SETD9
76,603,2.41,False,1.06,6.165929,0.108034,SETD9
77,458,1.83,False,1.02,6.301716,0.089623,SETD9
78,51,0.2,False,1.04,6.351397,0.112584,SETD9
79,71,0.28,False,1.08,6.33186,0.121887,SETD9
80,447,1.79,False,1.02,6.3143,0.099579,SETD9
81,290,1.16,False,1.04,6.153071,0.106761,SETD9
82,592,2.37,False,1.06,6.211579,0.108552,SETD9
83,89,0.36,False,1.12,6.011661,0.122693,SETD9
84,62,0.25,False,1.05,6.412001,0.109262,SETD9
85,1037,4.15,True,1.0,6.216501,0.096569,SETD9
86,658,2.63,False,1.05,6.198524,0.112212,SETD9
87,90,0.36,False,1.1,6.102176,0.110971,SETD9
88,365,1.46,False,1.08,6.047405,0.127344,SETD9
89,88,0.35,False,1.09,6.367241,0.127578,SETD9
90,138,0.55,False,1.07,6.37036,0.125517,SETD9
91,80,0.32,False,1.12,5.989339,0.133789,SETD9
92,41,0.16,False,1.09,6.015375,0.13905,SETD9
93,104,0.42,False,1.09,6.039811,0.125284,SETD9
94,122,0.49,False,1.05,6.376341,0.096409,SETD9
95,499,2.0,False,1.05,6.187235,0.101314,SETD9
96,81,0.32,False,1.07,6.272669,0.151286,SETD9
97,142,0.57,False,1.06,6.321137,0.108758,SETD9
98,89,0.36,False,1.12,6.041332,0.124172,SETD9
99,558,2.23,False,1.02,6.224591,0.09751,SETD9
0,53,0.21,False,1.15,3.958101,0.191831,DYNLRB2-AS1
1,57,0.23,False,1.11,4.238857,0.128706,DYNLRB2-AS1
2,219,0.88,False,1.07,4.247941,0.154105,DYNLRB2-AS1
3,31,0.12,False,1.09,4.211685,0.184816,DYNLRB2-AS1
4,9,0.04,False,1.02,5.057119,0.110637,DYNLRB2-AS1
5,489,1.96,False,1.04,4.02212,0.10528,DYNLRB2-AS1
6,141,0.56,False,1.15,3.540767,0.157866,DYNLRB2-AS1
7,65,0.26,False,1.09,4.328501,0.19668,DYNLRB2-AS1
8,403,1.61,False,1.05,3.827996,0.129478,DYNLRB2-AS1
9,1,0.0,False,1.47,5.416398,0.0,DYNLRB2-AS1
10,80,0.32,False,1.07,4.763475,0.200892,DYNLRB2-AS1
11,134,0.54,False,1.08,4.30007,0.175092,DYNLRB2-AS1
12,69,0.28,False,1.06,4.670579,0.234834,DYNLRB2-AS1
13,82,0.33,False,1.07,4.486536,0.223872,DYNLRB2-AS1
14,80,0.32,False,1.08,4.567227,0.212246,DYNLRB2-AS1
15,372,1.49,False,1.12,3.858675,0.146044,DYNLRB2-AS1
16,590,2.36,False,1.05,4.002588,0.108725,DYNLRB2-AS1
17,39,0.16,False,1.1,4.197715,0.132503,DYNLRB2-AS1
18,782,3.13,False,1.05,4.052598,0.123544,DYNLRB2-AS1
19,120,0.48,False,1.08,4.351247,0.178109,DYNLRB2-AS1
20,334,1.34,False,1.08,3.921236,0.134118,DYNLRB2-AS1
21,937,3.75,False,0.99,4.129843,0.095304,DYNLRB2-AS1
22,1175,4.7,False,0.97,4.137203,0.0951,DYNLRB2-AS1
23,396,1.58,False,1.04,3.970452,0.118124,DYNLRB2-AS1
24,119,0.48,False,1.14,3.629242,0.177871,DYNLRB2-AS1
25,101,0.4,False,1.04,4.272805,0.118838,DYNLRB2-AS1
26,209,0.84,False,1.16,3.629983,0.126988,DYNLRB2-AS1
27,81,0.32,False,1.08,4.674224,0.200145,DYNLRB2-AS1
28,462,1.85,False,1.11,3.699092,0.149874,DYNLRB2-AS1
29,403,1.61,False,1.08,3.915571,0.127801,DYNLRB2-AS1
30,1154,4.62,False,0.96,4.181292,0.092721,DYNLRB2-AS1
31,66,0.26,False,1.13,4.349991,0.172989,DYNLRB2-AS1
32,261,1.04,False,1.07,3.945557,0.145728,DYNLRB2-AS1
33,134,0.54,False,1.03,4.324456,0.156147,DYNLRB2-AS1
34,62,0.25,False,1.04,4.496939,0.179217,DYNLRB2-AS1
35,550,2.2,False,1.04,4.062589,0.10524,DYNLRB2-AS1
36,70,0.28,False,1.04,4.445454,0.192562,DYNLRB2-AS1
37,164,0.66,False,1.08,4.352353,0.152378,DYNLRB2-AS1
38,452,1.81,False,1.03,4.051071,0.113991,DYNLRB2-AS1
39,95,0.38,False,1.06,4.245333,0.159432,DYNLRB2-AS1
40,586,2.34,False,1.04,4.074712,0.105377,DYNLRB2-AS1
41,318,1.27,False,1.06,4.276626,0.129136,DYNLRB2-AS1
42,74,0.3,False,1.06,4.82267,0.181046,DYNLRB2-AS1
43,111,0.44,False,1.1,4.337761,0.155933,DYNLRB2-AS1
44,164,0.66,False,1.07,4.400669,0.176576,DYNLRB2-AS1
45,90,0.36,False,1.07,4.551629,0.241552,DYNLRB2-AS1
46,72,0.29,False,1.11,4.293913,0.142642,DYNLRB2-AS1
47,326,1.3,False,1.05,4.100842,0.126009,DYNLRB2-AS1
48,614,2.46,False,1.02,4.107951,0.101604,DYNLRB2-AS1
49,83,0.33,False,1.09,4.52619,0.176218,DYNLRB2-AS1
50,191,0.76,False,1.12,3.770364,0.14118,DYNLRB2-AS1
51,571,2.28,False,1.06,4.257414,0.128865,DYNLRB2-AS1
52,68,0.27,False,1.08,4.899883,0.176123,DYNLRB2-AS1
53,1089,4.36,True,0.97,4.151644,0.091433,DYNLRB2-AS1
54,51,0.2,False,1.15,4.011444,0.141816,DYNLRB2-AS1
55,139,0.56,False,1.1,3.93728,0.152218,DYNLRB2-AS1
56,72,0.29,False,1.1,4.360548,0.179423,DYNLRB2-AS1
57,67,0.27,False,1.08,4.589731,0.166992,DYNLRB2-AS1
58,68,0.27,False,1.11,4.31805,0.175385,DYNLRB2-AS1
59,914,3.66,False,0.98,4.200665,0.102165,DYNLRB2-AS1
60,626,2.5,False,1.03,4.222436,0.101875,DYNLRB2-AS1
61,385,1.54,False,1.06,3.916325,0.125578,DYNLRB2-AS1
62,57,0.23,False,1.08,4.351697,0.153471,DYNLRB2-AS1
63,576,2.3,False,1.06,4.048161,0.11459,DYNLRB2-AS1
64,354,1.42,False,1.09,3.89304,0.12169,DYNLRB2-AS1
65,127,0.51,False,1.05,4.304119,0.15063,DYNLRB2-AS1
66,59,0.24,False,1.06,4.365269,0.162954,DYNLRB2-AS1
67,297,1.19,False,1.02,4.23797,0.110032,DYNLRB2-AS1
68,270,1.08,False,1.08,3.702889,0.130828,DYNLRB2-AS1
69,361,1.44,False,1.1,3.924567,0.119161,DYNLRB2-AS1
70,140,0.56,False,1.08,3.679697,0.180792,DYNLRB2-AS1
71,645,2.58,False,1.03,4.087504,0.102904,DYNLRB2-AS1
72,113,0.45,False,1.02,4.283042,0.119578,DYNLRB2-AS1
73,69,0.28,False,1.04,4.394948,0.162618,DYNLRB2-AS1
74,1,0.0,False,0.9,5.133445,0.0,DYNLRB2-AS1
75,65,0.26,False,1.11,4.434922,0.172089,DYNLRB2-AS1
76,119,0.48,False,1.08,4.241845,0.155985,DYNLRB2-AS1
77,210,0.84,False,1.08,4.345304,0.151503,DYNLRB2-AS1
78,327,1.31,False,1.05,4.236114,0.122592,DYNLRB2-AS1
79,62,0.25,False,1.1,4.340862,0.189317,DYNLRB2-AS1
80,202,0.81,False,1.06,4.303037,0.129792,DYNLRB2-AS1
81,53,0.21,False,1.09,4.360713,0.166361,DYNLRB2-AS1
82,194,0.78,False,1.13,3.874431,0.136967,DYNLRB2-AS1
83,65,0.26,False,1.08,4.455726,0.148231,DYNLRB2-AS1
84,58,0.23,False,1.09,5.039433,0.162245,DYNLRB2-AS1
85,66,0.26,False,1.14,4.225688,0.185453,DYNLRB2-AS1
86,67,0.27,False,1.05,4.382301,0.15325,DYNLRB2-AS1
87,62,0.25,False,1.09,4.672936,0.204649,DYNLRB2-AS1
88,490,1.96,False,1.02,4.004476,0.103119,DYNLRB2-AS1
89,534,2.14,False,1.02,4.077504,0.10135,DYNLRB2-AS1
90,78,0.31,False,1.09,4.441115,0.190779,DYNLRB2-AS1
91,64,0.26,False,1.05,4.327536,0.178809,DYNLRB2-AS1
92,72,0.29,False,1.05,4.318525,0.162178,DYNLRB2-AS1
93,370,1.48,False,1.07,3.870016,0.137062,DYNLRB2-AS1
94,95,0.38,False,1.07,4.332804,0.140365,DYNLRB2-AS1
95,183,0.73,False,1.04,4.337108,0.137488,DYNLRB2-AS1
96,18,0.07,False,1.12,4.774283,0.183913,DYNLRB2-AS1
97,205,0.82,False,1.1,4.01562,0.116367,DYNLRB2-AS1
98,535,2.14,False,1.06,3.784602,0.139775,DYNLRB2-AS1
99,17,0.07,False,1.15,4.251045,0.246973,DYNLRB2-AS1
0,78,0.31,False,1.09,6.435639,0.101163,NXF1
1,1200,4.8,False,0.97,6.243962,0.074515,NXF1
2,101,0.4,False,1.14,5.992897,0.125491,NXF1
3,3,0.01,False,1.18,5.9293,0.064028,NXF1
4,370,1.48,False,1.05,6.156503,0.094225,NXF1
5,170,0.68,False,1.06,6.163126,0.095581,NXF1
6,49,0.2,False,1.1,5.983915,0.115793,NXF1
7,240,0.96,False,1.05,6.215538,0.086563,NXF1
8,219,0.88,False,1.08,6.09689,0.097145,NXF1
9,783,3.13,False,1.01,6.226346,0.085887,NXF1
10,74,0.3,False,1.11,6.007277,0.104658,NXF1
11,353,1.41,False,1.05,6.279438,0.083916,NXF1
12,359,1.44,False,1.04,6.127692,0.087068,NXF1
13,344,1.38,False,1.06,6.127382,0.109029,NXF1
14,108,0.43,False,1.14,5.950486,0.112671,NXF1
15,33,0.13,False,1.16,5.923244,0.121489,NXF1
16,233,0.93,False,1.06,6.098676,0.092955,NXF1
17,459,1.84,False,1.06,6.154752,0.087987,NXF1
18,93,0.37,False,1.16,6.086961,0.088168,NXF1
19,101,0.4,False,1.11,6.059984,0.09752,NXF1
20,87,0.35,False,1.01,6.267787,0.088332,NXF1
21,294,1.18,False,1.06,6.105154,0.104454,NXF1
22,47,0.19,False,1.11,5.760369,0.128866,NXF1
23,107,0.43,False,1.05,6.379256,0.091559,NXF1
24,566,2.26,False,1.06,6.165385,0.088228,NXF1
25,48,0.19,False,1.07,6.065139,0.126408,NXF1
26,83,0.33,False,1.13,6.340353,0.096535,NXF1
27,54,0.22,False,1.09,5.942396,0.109246,NXF1
28,78,0.31,False,1.09,6.308782,0.115849,NXF1
29,63,0.25,False,1.06,6.333571,0.097829,NXF1
30,309,1.24,False,1.07,6.105516,0.094203,NXF1
31,158,0.63,False,1.13,5.987357,0.124342,NXF1
32,397,1.59,False,1.03,6.260891,0.078082,NXF1
33,110,0.44,False,1.07,6.048115,0.123887,NXF1
34,507,2.03,False,1.06,6.10267,0.093261,NXF1
35,189,0.76,False,1.03,6.273691,0.086666,NXF1
36,12,0.05,False,1.09,6.093424,0.093484,NXF1
37,368,1.47,False,1.04,6.19028,0.090073,NXF1
38,1174,4.7,False,0.97,6.222887,0.072685,NXF1
39,392,1.57,False,1.06,6.077539,0.088723,NXF1
40,70,0.28,False,1.12,5.992028,0.091177,NXF1
41,484,1.94,False,1.04,6.128706,0.082768,NXF1
42,630,2.52,False,1.07,6.076656,0.115599,NXF1
43,10,0.04,False,1.11,6.258985,0.112608,NXF1
44,123,0.49,False,1.15,5.991932,0.135331,NXF1
45,58,0.23,False,1.13,6.372095,0.104704,NXF1
46,385,1.54,False,1.08,6.174181,0.098716,NXF1
47,1192,4.77,True,0.96,6.222005,0.071181,NXF1
48,82,0.33,False,1.1,6.215075,0.093773,NXF1
49,271,1.08,False,1.04,6.188725,0.115984,NXF1
50,91,0.36,False,1.17,5.887928,0.186852,NXF1
51,90,0.36,False,1.1,6.058251,0.088367,NXF1
52,344,1.38,False,1.06,6.10967,0.104532,NXF1
53,69,0.28,False,1.11,5.987206,0.106713,NXF1
54,73,0.29,False,1.06,6.325692,0.106694,NXF1
55,68,0.27,False,1.13,6.164598,0.109099,NXF1
56,567,2.27,False,1.02,6.201197,0.096854,NXF1
57,412,1.65,False,1.05,6.070499,0.096863,NXF1
58,2,0.01,False,1.32,5.803888,0.157209,NXF1
59,61,0.24,False,1.03,6.231084,0.080336,NXF1
60,97,0.39,False,1.12,6.027225,0.101194,NXF1
61,100,0.4,False,1.1,6.03309,0.103897,NXF1
62,109,0.44,False,1.14,5.98177,0.115749,NXF1
63,104,0.42,False,1.13,5.968407,0.12477,NXF1
64,264,1.06,False,1.08,6.141924,0.096782,NXF1
65,406,1.62,False,1.04,6.152202,0.089215,NXF1
66,67,0.27,False,1.11,6.306933,0.098843,NXF1
67,511,2.04,False,1.07,6.121721,0.103056,NXF1
68,109,0.44,False,1.12,6.134687,0.107241,NXF1
69,48,0.19,False,0.99,6.294946,0.088394,NXF1
70,509,2.04,False,1.07,6.109413,0.087588,NXF1
71,62,0.25,False,1.05,6.234508,0.093552,NXF1
72,97,0.39,False,1.09,6.072795,0.121493,NXF1
73,59,0.24,False,1.01,6.299565,0.099721,NXF1
74,118,0.47,False,1.08,6.081786,0.102924,NXF1
75,434,1.74,False,1.06,6.16403,0.085253,NXF1
76,81,0.32,False,1.14,5.908687,0.171349,NXF1
77,118,0.47,False,1.09,6.253701,0.08503,NXF1
78,551,2.2,False,1.04,6.19479,0.072602,NXF1
79,358,1.43,False,1.03,6.170304,0.077538,NXF1
80,58,0.23,False,1.14,6.286062,0.115644,NXF1
81,506,2.02,False,1.03,6.155374,0.079465,NXF1
82,50,0.2,False,1.06,6.303342,0.117248,NXF1
83,410,1.64,False,1.07,6.092578,0.116459,NXF1
84,35,0.14,False,1.13,5.990623,0.122884,NXF1
85,115,0.46,False,1.11,5.992604,0.112038,NXF1
86,427,1.71,False,1.06,6.149886,0.084909,NXF1
87,293,1.17,False,1.04,6.133193,0.084551,NXF1
88,12,0.05,False,1.21,5.845797,0.152329,NXF1
89,1169,4.68,False,0.96,6.222871,0.06821,NXF1
90,122,0.49,False,1.1,6.161623,0.10332,NXF1
91,65,0.26,False,1.06,6.303004,0.093899,NXF1
92,344,1.38,False,1.04,6.171915,0.091436,NXF1
93,54,0.22,False,1.09,6.02546,0.083018,NXF1
94,103,0.41,False,1.1,6.001618,0.076937,NXF1
95,98,0.39,False,1.14,5.987577,0.106813,NXF1
96,67,0.27,False,1.08,6.416048,0.101228,NXF1
97,1037,4.15,False,1.04,6.231361,0.094103,NXF1
98,294,1.18,False,1.07,6.269679,0.084585,NXF1
99,44,0.18,False,1.14,5.808384,0.221623,NXF1
0,105,0.42,False,1.07,5.923025,0.141313,PIK3R3
1,3,0.01,False,1.28,5.612472,0.074807,PIK3R3
2,542,2.17,False,1.04,5.645172,0.11066,PIK3R3
3,559,2.24,False,1.05,5.854436,0.110346,PIK3R3
4,91,0.36,False,1.07,5.902433,0.143995,PIK3R3
5,193,0.77,False,1.06,5.826709,0.135467,PIK3R3
6,48,0.19,False,1.13,5.468156,0.146141,PIK3R3
7,112,0.45,False,1.13,5.565224,0.141653,PIK3R3
8,109,0.44,False,1.06,5.873904,0.125558,PIK3R3
9,258,1.03,False,1.07,5.504468,0.141117,PIK3R3
10,85,0.34,False,1.08,6.146866,0.156692,PIK3R3
11,631,2.52,False,1.06,5.645832,0.117299,PIK3R3
12,100,0.4,False,1.05,5.840048,0.130072,PIK3R3
13,69,0.28,False,1.11,5.894408,0.150629,PIK3R3
14,50,0.2,False,1.02,5.828336,0.126625,PIK3R3
15,330,1.32,False,1.02,5.819299,0.102122,PIK3R3
16,127,0.51,False,1.08,5.592539,0.128428,PIK3R3
17,852,3.41,False,1.01,5.718075,0.114004,PIK3R3
18,524,2.1,False,1.04,5.665817,0.108247,PIK3R3
19,105,0.42,False,1.06,5.822336,0.136845,PIK3R3
20,147,0.59,False,1.13,5.557461,0.121129,PIK3R3
21,78,0.31,False,1.04,5.896034,0.152415,PIK3R3
22,83,0.33,False,1.13,6.200348,0.146502,PIK3R3
23,79,0.32,False,1.06,5.975982,0.145918,PIK3R3
24,31,0.12,False,1.11,5.973118,0.106159,PIK3R3
25,618,2.47,False,1.03,5.692803,0.106064,PIK3R3
26,69,0.28,False,1.06,5.941002,0.126403,PIK3R3
27,78,0.31,False,1.05,5.837107,0.132586,PIK3R3
28,768,3.07,False,1.02,5.710982,0.110617,PIK3R3
29,78,0.31,False,1.04,5.829005,0.14858,PIK3R3
30,67,0.27,False,1.03,5.99217,0.148808,PIK3R3
31,65,0.26,False,1.08,6.009245,0.161995,PIK3R3
32,689,2.76,False,1.04,5.706203,0.115297,PIK3R3
33,58,0.23,False,1.05,6.058624,0.125139,PIK3R3
34,11,0.04,False,1.08,5.782462,0.190006,PIK3R3
35,131,0.52,False,1.05,5.911699,0.146304,PIK3R3
36,71,0.28,False,1.08,5.864557,0.15704,PIK3R3
37,83,0.33,False,1.04,5.885674,0.161982,PIK3R3
38,509,2.04,False,1.04,5.646625,0.108316,PIK3R3
39,424,1.7,False,1.08,5.655587,0.126338,PIK3R3
40,460,1.84,False,1.04,5.691035,0.124279,PIK3R3
41,195,0.78,False,1.03,5.820991,0.102257,PIK3R3
42,605,2.42,False,1.03,5.676409,0.111702,PIK3R3
43,65,0.26,False,1.04,5.874381,0.121258,PIK3R3
44,429,1.72,False,1.05,5.672328,0.1134,PIK3R3
45,284,1.14,False,1.09,5.624367,0.122424,PIK3R3
46,82,0.33,False,1.09,5.902477,0.114284,PIK3R3
47,84,0.34,False,1.07,5.895345,0.133748,PIK3R3
48,145,0.58,False,1.13,5.537015,0.134504,PIK3R3
49,1277,5.11,False,0.98,5.769421,0.107138,PIK3R3
50,123,0.49,False,1.06,5.846622,0.136192,PIK3R3
51,70,0.28,False,1.13,5.918701,0.138398,PIK3R3
52,410,1.64,False,1.07,5.639541,0.133138,PIK3R3
53,267,1.07,False,1.03,5.787391,0.126694,PIK3R3
54,554,2.22,False,1.07,5.410727,0.144895,PIK3R3
55,168,0.67,False,1.11,5.525268,0.109481,PIK3R3
56,14,0.06,False,1.04,5.61062,0.125225,PIK3R3
57,235,0.94,False,1.1,5.356101,0.164798,PIK3R3
58,546,2.18,False,1.03,5.669404,0.103171,PIK3R3
59,79,0.32,False,1.05,5.908833,0.127909,PIK3R3
60,172,0.69,False,1.09,5.821581,0.12498,PIK3R3
61,59,0.24,False,1.1,5.858023,0.102888,PIK3R3
62,172,0.69,False,1.11,5.812718,0.140137,PIK3R3
63,108,0.43,False,1.13,5.520983,0.127395,PIK3R3
64,80,0.32,False,1.04,5.922845,0.132854,PIK3R3
65,131,0.52,False,1.04,5.838391,0.133987,PIK3R3
66,422,1.69,False,1.04,5.688855,0.116377,PIK3R3
67,371,1.48,False,1.07,5.673263,0.108868,PIK3R3
68,73,0.29,False,1.07,6.04971,0.13878,PIK3R3
69,1557,6.23,False,0.96,5.749959,0.092386,PIK3R3
70,329,1.32,False,1.05,5.603726,0.122276,PIK3R3
71,91,0.36,False,1.15,5.298162,0.164086,PIK3R3
72,417,1.67,False,1.07,5.589361,0.131204,PIK3R3
73,283,1.13,False,1.04,5.79322,0.110842,PIK3R3
74,343,1.37,False,1.04,5.664741,0.113197,PIK3R3
75,82,0.33,False,1.06,5.82303,0.143538,PIK3R3
76,44,0.18,False,1.11,5.843194,0.144409,PIK3R3
77,92,0.37,False,1.07,5.810663,0.123958,PIK3R3
78,205,0.82,False,1.06,5.803438,0.125543,PIK3R3
79,69,0.28,False,1.08,5.888462,0.134809,PIK3R3
80,445,1.78,False,1.06,5.636484,0.124691,PIK3R3
81,67,0.27,False,1.1,5.33518,0.145368,PIK3R3
82,198,0.79,False,1.06,5.545318,0.136836,PIK3R3
83,691,2.76,False,1.01,5.798281,0.107435,PIK3R3
84,291,1.16,False,1.06,5.830091,0.109541,PIK3R3
85,71,0.28,False,1.07,5.929524,0.134345,PIK3R3
86,189,0.76,False,1.11,5.63326,0.128895,PIK3R3
87,1504,6.02,True,0.95,5.768135,0.094318,PIK3R3
88,76,0.3,False,1.05,5.854313,0.136295,PIK3R3
89,56,0.22,False,1.09,5.811891,0.132429,PIK3R3
90,62,0.25,False,1.09,5.936975,0.133512,PIK3R3
91,67,0.27,False,1.1,5.834655,0.105234,PIK3R3
92,57,0.23,False,1.07,5.864086,0.144833,PIK3R3
93,454,1.82,False,1.07,5.644815,0.127877,PIK3R3
94,268,1.07,False,1.07,5.901138,0.127094,PIK3R3
95,63,0.25,False,1.07,5.916303,0.152106,PIK3R3
96,64,0.26,False,1.06,5.98792,0.152124,PIK3R3
97,7,0.03,False,1.13,5.71843,0.200241,PIK3R3
98,62,0.25,False,1.04,5.865382,0.135442,PIK3R3
99,86,0.34,False,1.09,5.855966,0.15362,PIK3R3
0,221,0.88,False,1.09,2.948455,0.068378,HLA-DQB1
1,595,2.38,False,1.07,3.015966,0.065056,HLA-DQB1
2,64,0.26,False,1.06,3.145984,0.095458,HLA-DQB1
3,16,0.06,False,1.13,3.502477,0.122749,HLA-DQB1
4,83,0.33,False,1.07,3.566314,0.114784,HLA-DQB1
5,68,0.27,False,1.07,3.213329,0.101247,HLA-DQB1
6,382,1.53,False,1.05,3.195622,0.068871,HLA-DQB1
7,55,0.22,False,1.07,3.22554,0.096502,HLA-DQB1
8,78,0.31,False,1.1,3.367604,0.111215,HLA-DQB1
9,449,1.8,False,1.04,3.063971,0.067328,HLA-DQB1
10,544,2.18,False,1.05,3.019903,0.066748,HLA-DQB1
11,92,0.37,False,1.02,3.350718,0.134326,HLA-DQB1
12,237,0.95,False,1.07,3.170681,0.081536,HLA-DQB1
13,7,0.03,False,1.05,3.510174,0.075774,HLA-DQB1
14,295,1.18,False,1.06,3.227615,0.089545,HLA-DQB1
15,38,0.15,False,1.14,3.480156,0.099391,HLA-DQB1
16,624,2.5,False,1.04,3.050511,0.057461,HLA-DQB1
17,2,0.01,False,0.99,3.394618,0.009307,HLA-DQB1
18,436,1.74,False,1.09,2.994389,0.061269,HLA-DQB1
19,74,0.3,False,1.12,3.318309,0.131754,HLA-DQB1
20,884,3.54,False,1.03,3.146229,0.064575,HLA-DQB1
21,111,0.44,False,1.07,3.207372,0.089786,HLA-DQB1
22,1027,4.11,False,1.04,3.060555,0.066073,HLA-DQB1
23,132,0.53,False,1.08,3.208315,0.08158,HLA-DQB1
24,232,0.93,False,1.11,2.947027,0.071758,HLA-DQB1
25,12,0.05,False,1.08,3.274755,0.093171,HLA-DQB1
26,469,1.88,False,1.06,3.060808,0.064798,HLA-DQB1
27,217,0.87,False,1.05,3.207447,0.078834,HLA-DQB1
28,1136,4.54,False,0.96,3.105145,0.052476,HLA-DQB1
29,4,0.02,False,0.98,3.206916,0.119336,HLA-DQB1
30,423,1.69,False,1.04,3.176804,0.074881,HLA-DQB1
31,279,1.12,False,1.1,2.983541,0.074284,HLA-DQB1
32,398,1.59,False,1.03,3.141343,0.060998,HLA-DQB1
33,184,0.74,False,1.14,3.073157,0.075267,HLA-DQB1
34,61,0.24,False,1.11,3.409336,0.120373,HLA-DQB1
35,888,3.55,False,1.02,3.098609,0.059287,HLA-DQB1
36,705,2.82,False,1.03,3.067404,0.0622,HLA-DQB1
37,615,2.46,False,1.05,2.993231,0.068505,HLA-DQB1
38,213,0.85,False,1.11,3.259766,0.092699,HLA-DQB1
39,243,0.97,False,1.1,3.012887,0.06465,HLA-DQB1
40,313,1.25,False,1.01,3.051288,0.052527,HLA-DQB1
41,70,0.28,False,1.04,3.348522,0.120678,HLA-DQB1
42,76,0.3,False,1.09,3.29324,0.100896,HLA-DQB1
43,77,0.31,False,1.1,3.198833,0.08796,HLA-DQB1
44,3,0.01,False,1.36,3.772708,0.223692,HLA-DQB1
45,85,0.34,False,1.07,3.333079,0.101993,HLA-DQB1
46,300,1.2,False,1.05,3.150869,0.067452,HLA-DQB1
47,2,0.01,False,1.28,3.497223,0.143208,HLA-DQB1
48,208,0.83,False,1.06,3.18467,0.086613,HLA-DQB1
49,555,2.22,False,1.06,3.030272,0.069864,HLA-DQB1
50,67,0.27,False,1.11,3.273176,0.110966,HLA-DQB1
51,79,0.32,False,1.08,3.272972,0.099258,HLA-DQB1
52,68,0.27,False,1.08,3.530541,0.092749,HLA-DQB1
53,1391,5.56,True,0.95,3.08384,0.048818,HLA-DQB1
54,60,0.24,False,1.1,3.31303,0.110877,HLA-DQB1
55,506,2.02,False,1.05,3.166584,0.063905,HLA-DQB1
56,56,0.22,False,1.18,3.142349,0.128875,HLA-DQB1
57,1039,4.16,False,0.97,3.099016,0.054159,HLA-DQB1
58,34,0.14,False,1.06,3.165996,0.101763,HLA-DQB1
59,1011,4.04,False,1.02,3.05468,0.057617,HLA-DQB1
60,65,0.26,False,1.08,3.3725,0.094253,HLA-DQB1
61,67,0.27,False,1.1,3.219162,0.103755,HLA-DQB1
62,390,1.56,False,1.07,3.144057,0.072226,HLA-DQB1
63,1145,4.58,False,0.98,3.124139,0.057876,HLA-DQB1
64,133,0.53,False,1.07,3.207536,0.090024,HLA-DQB1
65,79,0.32,False,1.07,3.347869,0.108716,HLA-DQB1
66,536,2.14,False,1.06,3.055378,0.063831,HLA-DQB1
67,22,0.09,False,1.15,3.413399,0.121126,HLA-DQB1
68,1,0.0,False,0.99,3.632016,0.0,HLA-DQB1
69,255,1.02,False,1.05,3.186282,0.082051,HLA-DQB1
70,58,0.23,False,1.06,3.222779,0.104638,HLA-DQB1
71,87,0.35,False,1.08,3.286893,0.100724,HLA-DQB1
72,75,0.3,False,1.09,3.278387,0.111379,HLA-DQB1
73,381,1.52,False,1.11,2.935374,0.065842,HLA-DQB1
74,66,0.26,False,1.08,3.18901,0.077104,HLA-DQB1
75,2,0.01,False,1.44,3.368201,0.069261,HLA-DQB1
76,57,0.23,False,1.1,3.409172,0.113891,HLA-DQB1
77,381,1.52,False,1.03,3.147141,0.060992,HLA-DQB1
78,70,0.28,False,1.1,3.328005,0.112,HLA-DQB1
79,10,0.04,False,1.21,3.276751,0.111113,HLA-DQB1
80,57,0.23,False,1.08,3.206586,0.08816,HLA-DQB1
81,56,0.22,False,1.11,3.293523,0.076031,HLA-DQB1
82,62,0.25,False,1.07,3.533708,0.102664,HLA-DQB1
83,72,0.29,False,1.07,3.208933,0.090957,HLA-DQB1
84,2,0.01,False,1.16,3.581944,0.13327,HLA-DQB1
85,197,0.79,False,1.1,3.199881,0.092343,HLA-DQB1
86,74,0.3,False,1.14,3.199944,0.109399,HLA-DQB1
87,1,0.0,False,1.32,4.34676,0.0,HLA-DQB1
88,235,0.94,False,1.07,3.170879,0.095435,HLA-DQB1
89,104,0.42,False,1.08,3.15834,0.096877,HLA-DQB1
90,1,0.0,False,1.09,3.494941,0.0,HLA-DQB1
91,1,0.0,False,1.04,3.520738,0.0,HLA-DQB1
92,75,0.3,False,1.08,3.253922,0.109041,HLA-DQB1
93,219,0.88,False,1.1,3.104761,0.077069,HLA-DQB1
94,243,0.97,False,1.11,3.086774,0.078588,HLA-DQB1
95,616,2.46,False,1.05,3.031963,0.058071,HLA-DQB1
96,59,0.24,False,1.02,3.198632,0.078224,HLA-DQB1
97,339,1.36,False,1.05,3.186874,0.08251,HLA-DQB1
98,66,0.26,False,1.13,3.158629,0.085818,HLA-DQB1
99,48,0.19,False,1.01,3.573777,0.093029,HLA-DQB1
0,182,0.73,False,1.04,5.227144,0.138646,HLA-B
1,11,0.04,False,1.11,5.456376,0.17494,HLA-B
2,100,0.4,False,1.06,5.48385,0.102709,HLA-B
3,21,0.08,False,1.07,5.497584,0.153664,HLA-B
4,47,0.19,False,1.1,5.631439,0.145548,HLA-B
5,281,1.12,False,1.03,5.603465,0.122795,HLA-B
6,566,2.26,False,1.05,5.446822,0.132581,HLA-B
7,307,1.23,False,1.09,5.22742,0.120242,HLA-B
8,49,0.2,False,1.05,6.040655,0.148182,HLA-B
9,246,0.98,False,1.08,5.56898,0.107222,HLA-B
10,650,2.6,False,1.01,5.474808,0.099541,HLA-B
11,445,1.78,False,1.07,4.943829,0.15106,HLA-B
12,67,0.27,False,1.04,5.859378,0.167003,HLA-B
13,497,1.99,False,1.04,5.581228,0.111222,HLA-B
14,212,0.85,False,1.05,5.177962,0.143839,HLA-B
15,529,2.12,False,1.04,5.635964,0.111811,HLA-B
16,236,0.94,False,1.08,5.298738,0.130579,HLA-B
17,40,0.16,False,1.13,5.389338,0.164791,HLA-B
18,98,0.39,False,1.11,4.540781,0.143595,HLA-B
19,101,0.4,False,1.12,4.62614,0.151092,HLA-B
20,59,0.24,False,1.02,5.841922,0.153091,HLA-B
21,66,0.26,False,1.06,5.535866,0.138501,HLA-B
22,658,2.63,False,1.04,5.410725,0.100553,HLA-B
23,78,0.31,False,1.1,4.734186,0.170125,HLA-B
24,243,0.97,False,1.08,5.318177,0.125649,HLA-B
25,176,0.7,False,1.06,5.153057,0.134024,HLA-B
26,61,0.24,False,1.09,5.632588,0.115651,HLA-B
27,240,0.96,False,1.06,5.034451,0.145683,HLA-B
28,332,1.33,False,1.06,5.410908,0.107682,HLA-B
29,158,0.63,False,1.03,5.199295,0.11968,HLA-B
30,4,0.02,False,1.02,5.536169,0.068125,HLA-B
31,65,0.26,False,1.07,5.546789,0.115767,HLA-B
32,241,0.96,False,1.14,5.12681,0.145317,HLA-B
33,529,2.12,False,1.04,5.429925,0.103961,HLA-B
34,717,2.87,False,1.05,5.365004,0.128063,HLA-B
35,79,0.32,False,1.14,4.56934,0.206261,HLA-B
36,77,0.31,False,1.05,5.149512,0.148563,HLA-B
37,184,0.74,False,1.08,5.703976,0.151699,HLA-B
38,58,0.23,False,1.09,5.397459,0.159665,HLA-B
39,303,1.21,False,1.05,5.648479,0.137955,HLA-B
40,489,1.96,False,1.07,5.322974,0.126375,HLA-B
41,133,0.53,False,1.13,4.92464,0.168199,HLA-B
42,55,0.22,False,1.05,5.853362,0.189339,HLA-B
43,702,2.81,False,0.99,5.49759,0.095512,HLA-B
44,705,2.82,False,0.97,5.479448,0.082638,HLA-B
45,62,0.25,False,1.15,5.451367,0.15601,HLA-B
46,269,1.08,False,1.08,5.068381,0.15965,HLA-B
47,14,0.06,False,1.16,5.556715,0.243529,HLA-B
48,447,1.79,False,1.06,5.36741,0.111486,HLA-B
49,285,1.14,False,1.08,5.381222,0.122919,HLA-B
50,255,1.02,False,1.08,5.086935,0.159915,HLA-B
51,238,0.95,False,1.07,5.323284,0.137268,HLA-B
52,80,0.32,False,1.06,5.144818,0.140408,HLA-B
53,284,1.14,False,1.07,5.096333,0.12242,HLA-B
54,306,1.22,False,1.06,5.611877,0.115351,HLA-B
55,218,0.87,False,1.03,5.335001,0.140281,HLA-B
56,368,1.47,False,1.07,5.234571,0.119295,HLA-B
57,282,1.13,False,1.08,4.85311,0.135465,HLA-B
58,80,0.32,False,1.11,4.895547,0.159309,HLA-B
59,132,0.53,False,1.13,4.718318,0.147152,HLA-B
60,39,0.16,False,1.07,4.971426,0.141026,HLA-B
61,202,0.81,False,1.06,5.694789,0.130129,HLA-B
62,251,1.0,False,1.05,5.409986,0.110594,HLA-B
63,117,0.47,False,1.12,4.825904,0.17467,HLA-B
64,16,0.06,False,1.19,5.579493,0.150742,HLA-B
65,197,0.79,False,1.06,5.25519,0.142578,HLA-B
66,53,0.21,False,1.04,5.250906,0.15652,HLA-B
67,282,1.13,False,1.09,4.964438,0.151759,HLA-B
68,672,2.69,False,0.99,5.501435,0.090966,HLA-B
69,747,2.99,False,0.97,5.487397,0.085045,HLA-B
70,265,1.06,False,1.09,4.790284,0.140775,HLA-B
71,193,0.77,False,1.06,5.727929,0.12766,HLA-B
72,683,2.73,False,0.97,5.487289,0.089166,HLA-B
73,92,0.37,False,1.11,5.430593,0.156492,HLA-B
74,495,1.98,False,1.04,5.38228,0.111571,HLA-B
75,189,0.76,False,1.07,5.33785,0.129546,HLA-B
76,216,0.86,False,1.05,5.569146,0.128249,HLA-B
77,41,0.16,False,1.06,5.742591,0.135199,HLA-B
78,101,0.4,False,1.09,4.917418,0.161232,HLA-B
79,51,0.2,False,1.17,5.043923,0.14445,HLA-B
80,711,2.84,False,0.99,5.495028,0.095446,HLA-B
81,728,2.91,False,1.0,5.493943,0.086142,HLA-B
82,684,2.74,False,0.97,5.484436,0.08332,HLA-B
83,103,0.41,False,1.08,5.05607,0.133465,HLA-B
84,57,0.23,False,1.11,5.087533,0.142359,HLA-B
85,172,0.69,False,1.07,5.629833,0.10855,HLA-B
86,705,2.82,False,0.98,5.490867,0.089659,HLA-B
87,68,0.27,False,1.08,5.249697,0.157454,HLA-B
88,157,0.63,False,1.06,5.773245,0.124253,HLA-B
89,54,0.22,False,1.09,5.70458,0.110926,HLA-B
90,848,3.39,True,1.0,5.491995,0.097136,HLA-B
91,78,0.31,False,1.05,5.621073,0.148921,HLA-B
92,115,0.46,False,1.06,5.233943,0.144555,HLA-B
93,120,0.48,False,1.08,5.15998,0.138829,HLA-B
94,401,1.6,False,1.04,5.627321,0.122193,HLA-B
95,67,0.27,False,1.06,5.817045,0.14518,HLA-B
96,226,0.9,False,1.06,5.737866,0.129879,HLA-B
97,67,0.27,False,1.1,5.661484,0.161459,HLA-B
98,74,0.3,False,1.07,5.328165,0.100607,HLA-B
99,246,0.98,False,1.07,5.698461,0.129663,HLA-B
0,570,2.28,False,1.04,5.637737,0.109896,HLA-C
1,10,0.04,False,1.18,5.213757,0.225735,HLA-C
2,785,3.14,False,0.99,5.497799,0.099544,HLA-C
3,620,2.48,False,1.05,5.471136,0.105294,HLA-C
4,43,0.17,False,1.17,4.917654,0.17655,HLA-C
5,127,0.51,False,1.12,5.11565,0.173282,HLA-C
6,382,1.53,False,1.06,5.371015,0.116863,HLA-C
7,656,2.62,False,0.99,5.514895,0.10421,HLA-C
8,63,0.25,False,1.0,5.751998,0.158083,HLA-C
9,207,0.83,False,1.07,5.303653,0.148371,HLA-C
10,228,0.91,False,1.03,5.669272,0.12472,HLA-C
11,81,0.32,False,1.12,6.036113,0.138857,HLA-C
12,107,0.43,False,1.17,5.211986,0.162609,HLA-C
13,301,1.2,False,1.07,5.584371,0.126628,HLA-C
14,127,0.51,False,1.09,5.628682,0.135511,HLA-C
15,126,0.5,False,1.12,4.652329,0.153245,HLA-C
16,705,2.82,False,1.01,5.49121,0.105248,HLA-C
17,3,0.01,False,1.26,5.974996,0.191817,HLA-C
18,249,1.0,False,1.08,5.231419,0.177391,HLA-C
19,207,0.83,False,1.1,4.916966,0.146213,HLA-C
20,273,1.09,False,1.04,5.626627,0.124127,HLA-C
21,410,1.64,False,1.06,5.739871,0.12366,HLA-C
22,65,0.26,False,1.04,5.299033,0.147631,HLA-C
23,84,0.34,False,1.15,5.223316,0.174673,HLA-C
24,381,1.52,False,1.06,5.396126,0.135185,HLA-C
25,807,3.23,False,1.01,5.506433,0.091701,HLA-C
26,359,1.44,False,1.07,5.315811,0.131483,HLA-C
27,95,0.38,False,1.07,5.004159,0.131388,HLA-C
28,442,1.77,False,1.05,5.625578,0.11148,HLA-C
29,281,1.12,False,1.05,5.435606,0.1116,HLA-C
30,32,0.13,False,1.13,5.146736,0.19258,HLA-C
31,65,0.26,False,1.02,5.510731,0.130934,HLA-C
32,758,3.03,False,0.99,5.509709,0.097058,HLA-C
33,323,1.29,False,1.06,5.292365,0.142257,HLA-C
34,77,0.31,False,1.04,5.834053,0.179888,HLA-C
35,11,0.04,False,1.3,5.050375,0.144483,HLA-C
36,88,0.35,False,1.13,5.191946,0.136121,HLA-C
37,194,0.78,False,1.09,5.540749,0.16187,HLA-C
38,859,3.44,True,1.0,5.506405,0.096435,HLA-C
39,57,0.23,False,1.05,5.596714,0.152192,HLA-C
40,102,0.41,False,1.07,5.267233,0.16253,HLA-C
41,83,0.33,False,1.05,5.827767,0.158051,HLA-C
42,271,1.08,False,1.05,4.832324,0.139514,HLA-C
43,276,1.1,False,1.06,5.345914,0.134873,HLA-C
44,788,3.15,False,1.0,5.488721,0.09386,HLA-C
45,59,0.24,False,1.08,5.903424,0.151197,HLA-C
46,222,0.89,False,1.05,4.798646,0.120771,HLA-C
47,373,1.49,False,1.04,5.358749,0.120626,HLA-C
48,192,0.77,False,1.07,5.024301,0.172647,HLA-C
49,312,1.25,False,1.04,5.640206,0.125271,HLA-C
50,383,1.53,False,1.05,5.575174,0.10657,HLA-C
51,741,2.96,False,1.02,5.474513,0.101007,HLA-C
52,189,0.76,False,1.06,4.85457,0.144344,HLA-C
53,146,0.58,False,1.07,5.701482,0.138477,HLA-C
54,61,0.24,False,1.15,5.078652,0.218344,HLA-C
55,439,1.76,False,1.07,5.454192,0.138493,HLA-C
56,67,0.27,False,1.05,5.639947,0.17207,HLA-C
57,8,0.03,False,1.06,5.255898,0.03826,HLA-C
58,196,0.78,False,1.09,5.655036,0.128513,HLA-C
59,281,1.12,False,1.09,4.754451,0.145353,HLA-C
60,64,0.26,False,1.08,5.608588,0.155267,HLA-C
61,88,0.35,False,1.09,5.640599,0.116463,HLA-C
62,13,0.05,False,1.18,5.333609,0.197945,HLA-C
63,336,1.34,False,1.06,5.484224,0.132101,HLA-C
64,187,0.75,False,1.08,5.409177,0.148142,HLA-C
65,788,3.15,False,0.98,5.488429,0.093757,HLA-C
66,7,0.03,False,1.07,5.413924,0.225854,HLA-C
67,446,1.78,False,1.06,5.647811,0.114341,HLA-C
68,311,1.24,False,1.06,5.457372,0.128594,HLA-C
69,928,3.71,False,0.99,5.507028,0.090636,HLA-C
70,73,0.29,False,1.16,4.767652,0.170064,HLA-C
71,210,0.84,False,1.07,5.337623,0.158863,HLA-C
72,68,0.27,False,1.03,5.684497,0.126416,HLA-C
73,312,1.25,False,1.07,5.364087,0.123383,HLA-C
74,188,0.75,False,1.06,5.598398,0.109136,HLA-C
75,119,0.48,False,1.13,4.59956,0.184189,HLA-C
76,176,0.7,False,1.08,4.870553,0.135837,HLA-C
77,60,0.24,False,1.1,5.064972,0.185669,HLA-C
78,144,0.58,False,1.05,5.538691,0.12948,HLA-C
79,89,0.36,False,1.08,5.318687,0.135171,HLA-C
80,80,0.32,False,1.09,5.844925,0.123789,HLA-C
81,108,0.43,False,1.09,5.312866,0.125068,HLA-C
82,235,0.94,False,1.08,5.321313,0.151484,HLA-C
83,858,3.43,False,0.97,5.501497,0.0864,HLA-C
84,73,0.29,False,1.06,5.754374,0.155395,HLA-C
85,371,1.48,False,1.06,5.432215,0.122945,HLA-C
86,386,1.54,False,1.06,5.306141,0.137244,HLA-C
87,69,0.28,False,1.06,5.722226,0.156147,HLA-C
88,207,0.83,False,1.08,5.196713,0.15882,HLA-C
89,65,0.26,False,1.09,5.737709,0.133723,HLA-C
90,286,1.14,False,1.07,5.372252,0.118608,HLA-C
91,288,1.15,False,1.07,5.599185,0.118367,HLA-C
92,79,0.32,False,1.08,5.209344,0.158385,HLA-C
93,278,1.11,False,1.08,5.028937,0.151811,HLA-C
94,210,0.84,False,1.07,5.360234,0.159716,HLA-C
95,115,0.46,False,1.08,5.690004,0.15871,HLA-C
96,65,0.26,False,1.05,5.873785,0.169906,HLA-C
97,52,0.21,False,1.07,5.766356,0.183699,HLA-C
98,73,0.29,False,1.09,5.753003,0.179765,HLA-C
99,48,0.19,False,1.07,5.63206,0.111415,HLA-C
0,197,0.79,False,1.06,3.342354,0.093409,HLA-DRB1
1,56,0.22,False,1.12,3.413166,0.117403,HLA-DRB1
2,1427,5.71,False,0.95,3.275108,0.067618,HLA-DRB1
3,505,2.02,False,1.06,3.159329,0.083132,HLA-DRB1
4,171,0.68,False,1.09,3.443676,0.10338,HLA-DRB1
5,3,0.01,False,1.17,3.272218,0.05565,HLA-DRB1
6,81,0.32,False,1.08,3.679085,0.132478,HLA-DRB1
7,280,1.12,False,1.08,3.549785,0.117226,HLA-DRB1
8,6,0.02,False,1.12,3.739298,0.045901,HLA-DRB1
9,631,2.52,False,1.03,3.205759,0.075789,HLA-DRB1
10,68,0.27,False,1.1,3.724573,0.126901,HLA-DRB1
11,604,2.42,False,1.03,3.247804,0.073987,HLA-DRB1
12,721,2.88,False,1.02,3.230468,0.071419,HLA-DRB1
13,609,2.44,False,1.03,3.257307,0.070392,HLA-DRB1
14,59,0.24,False,1.16,3.31128,0.127881,HLA-DRB1
15,79,0.32,False,1.08,3.426748,0.09538,HLA-DRB1
16,52,0.21,False,1.07,3.417818,0.102247,HLA-DRB1
17,180,0.72,False,1.07,3.338097,0.101818,HLA-DRB1
18,55,0.22,False,1.09,3.336724,0.101419,HLA-DRB1
19,1,0.0,False,1.47,4.024139,0.0,HLA-DRB1
20,57,0.23,False,1.06,3.420328,0.128313,HLA-DRB1
21,75,0.3,False,1.08,3.553188,0.147792,HLA-DRB1
22,73,0.29,False,1.09,3.465099,0.111629,HLA-DRB1
23,311,1.24,False,1.07,3.209125,0.092231,HLA-DRB1
24,63,0.25,False,1.05,3.445597,0.143777,HLA-DRB1
25,69,0.28,False,1.07,3.442592,0.131604,HLA-DRB1
26,68,0.27,False,1.09,3.442557,0.113256,HLA-DRB1
27,127,0.51,False,1.05,3.434453,0.114007,HLA-DRB1
28,436,1.74,False,1.08,3.124675,0.07809,HLA-DRB1
29,134,0.54,False,1.08,3.422525,0.101775,HLA-DRB1
30,289,1.16,False,1.07,3.404625,0.090352,HLA-DRB1
31,145,0.58,False,1.1,3.369589,0.111765,HLA-DRB1
32,273,1.09,False,1.12,3.157372,0.085213,HLA-DRB1
33,134,0.54,False,1.07,3.411137,0.123234,HLA-DRB1
34,2,0.01,False,1.4,4.144869,0.115192,HLA-DRB1
35,544,2.18,False,1.03,3.348702,0.084923,HLA-DRB1
36,306,1.22,False,1.04,3.216811,0.069456,HLA-DRB1
37,113,0.45,False,1.05,3.50155,0.123834,HLA-DRB1
38,59,0.24,False,1.12,3.446688,0.117827,HLA-DRB1
39,632,2.53,False,1.0,3.206262,0.064573,HLA-DRB1
40,740,2.96,False,1.02,3.22437,0.073043,HLA-DRB1
41,14,0.06,False,1.01,3.472393,0.098527,HLA-DRB1
42,708,2.83,False,1.03,3.204996,0.082161,HLA-DRB1
43,78,0.31,False,1.08,3.456398,0.113757,HLA-DRB1
44,60,0.24,False,1.1,3.422199,0.097139,HLA-DRB1
45,166,0.66,False,1.11,3.233559,0.08921,HLA-DRB1
46,136,0.54,False,1.14,3.090184,0.094576,HLA-DRB1
47,674,2.7,False,1.03,3.330669,0.077647,HLA-DRB1
48,523,2.09,False,1.06,3.19942,0.083861,HLA-DRB1
49,74,0.3,False,1.1,3.575807,0.114716,HLA-DRB1
50,53,0.21,False,1.13,3.28429,0.095667,HLA-DRB1
51,263,1.05,False,1.06,3.426198,0.115206,HLA-DRB1
52,163,0.65,False,1.05,3.43067,0.106263,HLA-DRB1
53,1289,5.16,False,0.95,3.288825,0.065215,HLA-DRB1
54,172,0.69,False,1.13,3.104164,0.090843,HLA-DRB1
55,411,1.64,False,1.08,3.263955,0.089926,HLA-DRB1
56,296,1.18,False,1.12,3.113773,0.08588,HLA-DRB1
57,819,3.28,True,0.99,3.29931,0.078174,HLA-DRB1
58,299,1.2,False,1.04,3.357213,0.086027,HLA-DRB1
59,140,0.56,False,1.05,3.36119,0.094368,HLA-DRB1
60,228,0.91,False,1.03,3.343752,0.078718,HLA-DRB1
61,115,0.46,False,1.07,3.462165,0.120443,HLA-DRB1
62,61,0.24,False,1.03,3.522574,0.127196,HLA-DRB1
63,834,3.34,False,1.04,3.206533,0.079071,HLA-DRB1
64,68,0.27,False,1.08,3.554099,0.112024,HLA-DRB1
65,566,2.26,False,1.05,3.147699,0.081898,HLA-DRB1
66,316,1.26,False,1.06,3.368008,0.09514,HLA-DRB1
67,66,0.26,False,1.08,3.48665,0.163171,HLA-DRB1
68,388,1.55,False,1.04,3.363744,0.085408,HLA-DRB1
69,53,0.21,False,1.04,3.351109,0.095951,HLA-DRB1
70,72,0.29,False,1.08,3.503985,0.144605,HLA-DRB1
71,551,2.2,False,1.03,3.226453,0.079202,HLA-DRB1
72,194,0.78,False,1.11,3.258056,0.08555,HLA-DRB1
73,71,0.28,False,1.05,3.388898,0.112905,HLA-DRB1
74,439,1.76,False,1.04,3.206838,0.07348,HLA-DRB1
75,531,2.12,False,1.02,3.255107,0.071053,HLA-DRB1
76,185,0.74,False,1.08,3.388772,0.092851,HLA-DRB1
77,54,0.22,False,1.1,3.482005,0.178931,HLA-DRB1
78,182,0.73,False,1.1,3.063715,0.085354,HLA-DRB1
79,202,0.81,False,1.09,3.271265,0.093428,HLA-DRB1
80,21,0.08,False,1.18,3.361813,0.132855,HLA-DRB1
81,49,0.2,False,1.12,3.360888,0.102735,HLA-DRB1
82,64,0.26,False,1.07,3.438058,0.124927,HLA-DRB1
83,55,0.22,False,1.07,3.45312,0.122874,HLA-DRB1
84,71,0.28,False,1.08,3.484143,0.097362,HLA-DRB1
85,104,0.42,False,1.11,3.115656,0.073737,HLA-DRB1
86,317,1.27,False,1.06,3.21235,0.093153,HLA-DRB1
87,636,2.54,False,1.04,3.224033,0.086105,HLA-DRB1
88,72,0.29,False,1.08,3.478744,0.12893,HLA-DRB1
89,89,0.36,False,1.07,3.433929,0.1147,HLA-DRB1
90,80,0.32,False,1.11,3.767909,0.159567,HLA-DRB1
91,51,0.2,False,1.1,3.431651,0.129023,HLA-DRB1
92,597,2.39,False,1.0,3.345832,0.084459,HLA-DRB1
93,217,0.87,False,1.06,3.44784,0.108316,HLA-DRB1
94,68,0.27,False,1.11,3.455558,0.126308,HLA-DRB1
95,61,0.24,False,1.1,3.372437,0.117251,HLA-DRB1
96,349,1.4,False,1.06,3.170449,0.086455,HLA-DRB1
97,63,0.25,False,1.08,3.463252,0.11394,HLA-DRB1
98,43,0.17,False,1.08,3.440182,0.09511,HLA-DRB1
99,44,0.18,False,1.09,3.293049,0.075552,HLA-DRB1
