seq_idx,source,variant_id,offset,ref,alt,pos,rsids,AF,consequence,injected_idx,variant_idx,cluster,mech_diversity,mech_causality,pred,wt_pred,pred_diff
1,variant,6-31575565-A-G,1056,A,G,31575565.0,rs1054920809,4.4440691674925226e-06,5_prime_UTR_variant,133,133,55,0.0021561384201049805,0.014242115971515767,4.569423198699951,4.528110980987549,0.041312217712402344
2,variant,6-31575566-G-T,1057,G,T,31575566.0,rs1771133007,1.6551304077248246e-06,5_prime_UTR_variant,182,182,96,0.0022946596145629883,0.010572687224669603,4.539096832275391,4.528110980987549,0.010985851287841797
3,variant,6-31575566-G-A,1057,G,A,31575566.0,,2.2123208573185786e-06,5_prime_UTR_variant,247,247,96,0.0022946596145629883,0.010572687224669603,4.528654098510742,4.528110980987549,0.0005431175231933594
4,variant,6-31575567-C-A,1058,C,A,31575567.0,,0.0,5_prime_UTR_variant,349,349,60,-1.1920928955078125e-07,0.01008249312557287,4.535560131072998,4.528110980987549,0.007449150085449219
5,variant,6-31575567-C-T,1058,C,T,31575567.0,,0.0,5_prime_UTR_variant,449,449,60,-1.1920928955078125e-07,0.01008249312557287,4.52172327041626,4.528110980987549,-0.0063877105712890625
6,variant,6-31575568-A-C,1059,A,C,31575568.0,,2.1879252779759064e-06,5_prime_UTR_variant,485,485,96,0.0022946596145629883,0.0052863436123348016,4.555968761444092,4.528110980987549,0.02785778045654297
7,variant,6-31575569-G-C,1060,G,C,31575569.0,,0.0,5_prime_UTR_variant,538,538,96,0.0022946596145629883,0.01145374449339207,4.540083885192871,4.528110980987549,0.011972904205322266
8,variant,6-31575569-G-A,1060,G,A,31575569.0,,0.0,5_prime_UTR_variant,552,552,60,-1.1920928955078125e-07,0.010999083409715858,4.5275492668151855,4.528110980987549,-0.0005617141723632812
9,variant,6-31575570-A-G,1061,A,G,31575570.0,,0.0,5_prime_UTR_variant,563,563,60,-1.1920928955078125e-07,0.007332722273143905,4.49169397354126,4.528110980987549,-0.03641700744628906
10,variant,6-31575570-A-T,1061,A,T,31575570.0,rs1187389120,2.1689527428576384e-06,5_prime_UTR_variant,567,567,55,0.0021561384201049805,0.006103763987792472,4.540633678436279,4.528110980987549,0.012522697448730469
11,variant,6-31575571-C-T,1062,C,T,31575571.0,rs4248164,0.0007574994066796,5_prime_UTR_variant,762,762,96,0.0022946596145629883,0.009691629955947136,4.50626802444458,4.528110980987549,-0.02184295654296875
12,variant,6-31575571-C-A,1062,C,A,31575571.0,,0.0,5_prime_UTR_variant,797,797,60,-1.1920928955078125e-07,0.01008249312557287,4.508296966552734,4.528110980987549,-0.019814014434814453
13,variant,6-31575572-G-T,1063,G,T,31575572.0,,0.0,5_prime_UTR_variant,858,858,14,0.002293884754180908,0.018418201516793065,4.484866619110107,4.528110980987549,-0.043244361877441406
14,variant,6-31575572-G-A,1063,G,A,31575572.0,rs1254170116,6.481259438334057e-06,5_prime_UTR_variant,921,921,60,-1.1920928955078125e-07,0.005499541704857929,4.501461505889893,4.528110980987549,-0.02664947509765625
15,variant,6-31575573-C-T,1064,C,T,31575573.0,rs1205533116,6.571683928289785e-06,5_prime_UTR_variant,932,932,96,0.0022946596145629883,0.014096916299559472,4.54417085647583,4.528110980987549,0.01605987548828125
16,variant,6-31575573-C-A,1064,C,A,31575573.0,,0.0,5_prime_UTR_variant,1034,1034,14,0.002293884754180908,0.00866738894907909,4.498658180236816,4.528110980987549,-0.029452800750732422
17,variant,6-31575575-C-A,1066,C,A,31575575.0,,0.0,5_prime_UTR_variant,1080,1080,55,0.0021561384201049805,0.019328585961342827,4.571507930755615,4.528110980987549,0.043396949768066406
18,variant,6-31575575-C-T,1066,C,T,31575575.0,,0.0,5_prime_UTR_variant,1119,1119,55,0.0021561384201049805,0.019328585961342827,4.58515739440918,4.528110980987549,0.05704641342163086
19,variant,6-31575576-C-T,1067,C,T,31575576.0,rs1771133804,0.0,5_prime_UTR_variant,1120,1120,96,0.0022946596145629883,0.009691629955947136,4.568016529083252,4.528110980987549,0.039905548095703125
20,variant,6-31575577-C-A,1068,C,A,31575577.0,,2.0337769678825942e-06,5_prime_UTR_variant,1443,1443,14,0.002293884754180908,0.015167930660888406,4.4876227378845215,4.528110980987549,-0.040488243103027344
21,variant,6-31575578-T-A,1069,T,A,31575578.0,rs2150388247,1.5509839442142096e-06,5_prime_UTR_variant,1572,1572,96,0.0022946596145629883,0.0052863436123348016,4.514834403991699,4.528110980987549,-0.01327657699584961
22,variant,6-31575579-C-A,1070,C,A,31575579.0,,0.0,5_prime_UTR_variant,1615,1615,60,-1.1920928955078125e-07,0.01008249312557287,4.532674312591553,4.528110980987549,0.004563331604003906
23,variant,6-31575579-C-T,1070,C,T,31575579.0,,0.0,5_prime_UTR_variant,1673,1673,60,-1.1920928955078125e-07,0.01008249312557287,4.534724712371826,4.528110980987549,0.006613731384277344
24,variant,6-31575580-A-G,1071,A,G,31575580.0,,0.0,5_prime_UTR_variant,1690,1690,96,0.0022946596145629883,0.01145374449339207,4.539522647857666,4.528110980987549,0.011411666870117188
25,variant,6-31575580-A-T,1071,A,T,31575580.0,,0.0,5_prime_UTR_variant,1883,1883,96,0.0022946596145629883,0.01145374449339207,4.513036727905273,4.528110980987549,-0.01507425308227539
26,variant,6-31575581-G-T,1072,G,T,31575581.0,,0.0,5_prime_UTR_variant,1957,1957,60,-1.1920928955078125e-07,0.010999083409715858,4.472688674926758,4.528110980987549,-0.055422306060791016
27,variant,6-31575581-G-A,1072,G,A,31575581.0,,0.0,5_prime_UTR_variant,1966,1966,60,-1.1920928955078125e-07,0.010999083409715858,4.511224746704102,4.528110980987549,-0.016886234283447266
28,variant,6-31575582-C-A,1073,C,A,31575582.0,,0.0,5_prime_UTR_variant,2057,2057,96,0.0022946596145629883,0.007048458149779736,4.550759315490723,4.528110980987549,0.022648334503173828
29,variant,6-31575582-C-T,1073,C,T,31575582.0,,0.0,5_prime_UTR_variant,2097,2097,60,-1.1920928955078125e-07,0.007332722273143905,4.518841743469238,4.528110980987549,-0.009269237518310547
30,variant,6-31575583-A-G,1074,A,G,31575583.0,,1.9633096689074576e-06,5_prime_UTR_variant,2114,2114,96,0.0022946596145629883,0.010572687224669603,4.554164886474609,4.528110980987549,0.026053905487060547
31,variant,6-31575584-A-G,1075,A,G,31575584.0,rs1583047014,0.0,5_prime_UTR_variant,2172,2172,55,0.0021561384201049805,0.008138351983723296,4.523611545562744,4.528110980987549,-0.0044994354248046875
32,variant,6-31575585-G-C,1076,G,C,31575585.0,,0.0,5_prime_UTR_variant,2195,2195,96,0.0022946596145629883,0.007048458149779736,4.597601413726807,4.528110980987549,0.06949043273925781
33,variant,6-31575585-G-A,1076,G,A,31575585.0,rs1771134143,0.0,5_prime_UTR_variant,2230,2230,55,0.0021561384201049805,0.01119023397761953,4.55444860458374,4.528110980987549,0.026337623596191406
34,variant,6-31575586-G-A,1077,G,A,31575586.0,rs1771134278,3.860914418970989e-06,5_prime_UTR_variant,2239,2239,96,0.0022946596145629883,0.014096916299559472,4.6014628410339355,4.528110980987549,0.07335186004638672
35,variant,6-31575586-G-T,1077,G,T,31575586.0,,0.0,5_prime_UTR_variant,2268,2268,96,0.0022946596145629883,0.014096916299559472,4.586258888244629,4.528110980987549,0.05814790725708008
36,variant,6-31575587-A-G,1078,A,G,31575587.0,,0.0,5_prime_UTR_variant,2269,2269,96,0.0022946596145629883,0.007929515418502203,4.544142723083496,4.528110980987549,0.016031742095947266
37,variant,6-31575588-C-A,1079,C,A,31575588.0,,0.0,5_prime_UTR_variant,2317,2317,60,-1.1920928955078125e-07,0.010999083409715858,4.5062689781188965,4.528110980987549,-0.021842002868652344
38,variant,6-31575588-C-T,1079,C,T,31575588.0,rs1771134434,2.9377980028849176e-06,5_prime_UTR_variant,2351,2351,60,-1.1920928955078125e-07,0.010999083409715858,4.4852614402771,4.528110980987549,-0.04284954071044922
39,variant,6-31575589-A-G,1080,A,G,31575589.0,rs1771134578,1.8790281666322176e-06,5_prime_UTR_variant,2358,2358,96,0.0022946596145629883,0.014096916299559472,4.552450656890869,4.528110980987549,0.024339675903320312
40,variant,6-31575590-G-T,1081,G,T,31575590.0,,0.0,5_prime_UTR_variant,2391,2391,96,0.0022946596145629883,0.010572687224669603,4.503899574279785,4.528110980987549,-0.024211406707763672
41,variant,6-31575590-G-A,1081,G,A,31575590.0,,0.0,5_prime_UTR_variant,2399,2399,60,-1.1920928955078125e-07,0.012832263978001834,4.519737243652344,4.528110980987549,-0.008373737335205078
42,variant,6-31575591-C-T,1082,C,T,31575591.0,,1.8221507939111008e-06,5_prime_UTR_variant,2569,2569,96,0.0022946596145629883,0.01145374449339207,4.5175886154174805,4.528110980987549,-0.01052236557006836
43,variant,6-31575591-C-A,1082,C,A,31575591.0,,0.0,5_prime_UTR_variant,2628,2628,96,0.0022946596145629883,0.01145374449339207,4.512064456939697,4.528110980987549,-0.016046524047851562
44,variant,6-31575592-A-G,1083,A,G,31575592.0,,0.0,5_prime_UTR_variant,2684,2684,60,-1.1920928955078125e-07,0.007332722273143905,4.556267261505127,4.528110980987549,0.028156280517578125
45,variant,6-31575593-G-A,1084,G,A,31575593.0,,1.788166628519112e-06,5_prime_UTR_variant,2703,2703,96,0.0022946596145629883,0.014096916299559472,4.520492076873779,4.528110980987549,-0.007618904113769531
46,variant,6-31575593-G-T,1084,G,T,31575593.0,,0.0,5_prime_UTR_variant,2830,2830,60,-1.1920928955078125e-07,0.017415215398716773,4.4942755699157715,4.528110980987549,-0.033835411071777344
47,variant,6-31575595-G-A,1086,G,A,31575595.0,,1.766971763791215e-06,5_prime_UTR_variant,2894,2894,96,0.0022946596145629883,0.014096916299559472,4.5358686447143555,4.528110980987549,0.007757663726806641
48,variant,6-31575595-G-T,1086,G,T,31575595.0,,0.0,5_prime_UTR_variant,2925,2925,96,0.0022946596145629883,0.014096916299559472,4.550189018249512,4.528110980987549,0.02207803726196289
49,variant,6-31575597-A-T,1088,A,T,31575597.0,,1.747445235066333e-06,5_prime_UTR_variant,2960,2960,96,0.0022946596145629883,0.009691629955947136,4.4849982261657715,4.528110980987549,-0.043112754821777344
50,variant,6-31575597-A-G,1088,A,G,31575597.0,rs61761335,0.0,5_prime_UTR_variant,3066,3066,96,0.0022946596145629883,0.009691629955947136,4.550894260406494,4.528110980987549,0.022783279418945312
51,variant,6-31575598-C-T,1089,C,T,31575598.0,,0.0,5_prime_UTR_variant,3125,3125,96,0.0022946596145629883,0.014977973568281937,4.536396026611328,4.528110980987549,0.008285045623779297
52,variant,6-31575598-C-A,1089,C,A,31575598.0,,3.429661080891986e-06,5_prime_UTR_variant,3152,3152,96,0.0022946596145629883,0.014977973568281937,4.559539794921875,4.528110980987549,0.03142881393432617
53,variant,6-31575599-C-A,1090,C,A,31575599.0,,0.0,5_prime_UTR_variant,3165,3165,96,0.0022946596145629883,0.012334801762114538,4.527895450592041,4.528110980987549,-0.0002155303955078125
54,variant,6-31575599-C-T,1090,C,T,31575599.0,,0.0,5_prime_UTR_variant,3204,3204,96,0.0022946596145629883,0.012334801762114538,4.554226398468018,4.528110980987549,0.02611541748046875
55,variant,6-31575600-A-G,1091,A,G,31575600.0,,0.0,5_prime_UTR_variant,3296,3296,60,-1.1920928955078125e-07,0.008249312557286892,4.568317890167236,4.528110980987549,0.0402069091796875
56,variant,6-31575601-G-A,1092,G,A,31575601.0,,1.6425162034223469e-06,5_prime_UTR_variant,3450,3450,14,0.002293884754180908,0.016251354279523293,4.519438743591309,4.528110980987549,-0.008672237396240234
57,variant,6-31575601-G-T,1092,G,T,31575601.0,,0.0,5_prime_UTR_variant,3454,3454,96,0.0022946596145629883,0.009691629955947136,4.505094528198242,4.528110980987549,-0.02301645278930664
58,variant,6-31575602-C-A,1093,C,A,31575602.0,,1.6293703786982634e-06,5_prime_UTR_variant,3481,3481,55,0.0021561384201049805,0.01017293997965412,4.503636837005615,4.528110980987549,-0.024474143981933594
59,variant,6-31575604-A-G,1095,A,G,31575604.0,,1.6137309135976191e-06,5_prime_UTR_variant,3491,3491,60,-1.1920928955078125e-07,0.01008249312557287,4.555439472198486,4.528110980987549,0.0273284912109375
60,variant,6-31575604-A-C,1095,A,C,31575604.0,,0.0,5_prime_UTR_variant,3520,3520,55,0.0021561384201049805,0.015259409969481181,4.545543193817139,4.528110980987549,0.017432212829589844
61,variant,6-31575605-A-G,1096,A,G,31575605.0,,1.5996467979870044e-06,5_prime_UTR_variant,3590,3590,55,0.0021561384201049805,0.01627670396744659,4.513082981109619,4.528110980987549,-0.015027999877929688
62,variant,6-31575606-G-T,1097,G,T,31575606.0,,3.148059536101947e-06,5_prime_UTR_variant,3597,3597,96,0.0022946596145629883,0.012334801762114538,4.5184831619262695,4.528110980987549,-0.009627819061279297
63,variant,6-31575606-G-A,1097,G,A,31575606.0,,7.870148840254867e-06,5_prime_UTR_variant,3766,3766,96,0.0022946596145629883,0.012334801762114538,4.553616523742676,4.528110980987549,0.025505542755126953
64,variant,6-31575608-G-T,1099,G,T,31575608.0,,0.0,5_prime_UTR_variant,3773,3773,60,-1.1920928955078125e-07,0.005499541704857929,4.507063865661621,4.528110980987549,-0.021047115325927734
65,variant,6-31575608-G-A,1099,G,A,31575608.0,rs1771135383,3.0844491328071263e-06,5_prime_UTR_variant,3780,3780,14,0.002293884754180908,0.00866738894907909,4.526378154754639,4.528110980987549,-0.0017328262329101562
66,variant,6-31575609-G-T,1100,G,T,31575609.0,,0.0,5_prime_UTR_variant,3802,3802,96,0.0022946596145629883,0.007048458149779736,4.573421955108643,4.528110980987549,0.04531097412109375
67,variant,6-31575610-G-A,1101,G,A,31575610.0,,1.5023993317327771e-06,5_prime_UTR_variant,3828,3828,86,0.09385615587234497,1.0,4.812318325042725,4.528110980987549,0.2842073440551758
68,variant,6-31575610-G-T,1101,G,T,31575610.0,,0.0,5_prime_UTR_variant,3964,3964,60,-1.1920928955078125e-07,0.00458295142071494,4.566405773162842,4.528110980987549,0.03829479217529297
69,variant,6-31575611-A-G,1102,A,G,31575611.0,,0.0,5_prime_UTR_variant,3994,3994,96,0.0022946596145629883,0.007048458149779736,4.548666477203369,4.528110980987549,0.020555496215820312
70,variant,6-31575612-G-T,1103,G,T,31575612.0,,0.0,5_prime_UTR_variant,4005,4005,96,0.0022946596145629883,0.00881057268722467,4.46411657333374,4.528110980987549,-0.0639944076538086
71,variant,6-31575613-A-G,1104,A,G,31575613.0,,0.0,5_prime_UTR_variant,4069,4069,60,-1.1920928955078125e-07,0.011915673693858845,4.515048027038574,4.528110980987549,-0.01306295394897461
72,variant,6-31575614-G-T,1105,G,T,31575614.0,,0.0,5_prime_UTR_variant,4105,4105,60,-1.1920928955078125e-07,0.008249312557286892,4.565604209899902,4.528110980987549,0.037493228912353516
73,variant,6-31575615-A-G,1106,A,G,31575615.0,,0.0,5_prime_UTR_variant,4118,4118,96,0.0022946596145629883,0.01145374449339207,4.5292277336120605,4.528110980987549,0.0011167526245117188
74,variant,6-31575617-G-T,1108,G,T,31575617.0,,0.0,5_prime_UTR_variant,4133,4133,96,0.0022946596145629883,0.014096916299559472,4.5098958015441895,4.528110980987549,-0.018215179443359375
75,variant,6-31575617-G-A,1108,G,A,31575617.0,,0.0,5_prime_UTR_variant,4239,4239,60,-1.1920928955078125e-07,0.010999083409715858,4.574455261230469,4.528110980987549,0.04634428024291992
76,variant,6-31575618-C-A,1109,C,A,31575618.0,,1.38487659364674e-06,5_prime_UTR_variant,4352,4352,60,-1.1920928955078125e-07,0.011915673693858845,4.523990154266357,4.528110980987549,-0.004120826721191406
77,variant,6-31575621-C-A,1112,C,A,31575621.0,,0.0,5_prime_UTR_variant,4356,4356,96,0.0022946596145629883,0.007048458149779736,4.569179058074951,4.528110980987549,0.041068077087402344
78,variant,6-31575623-A-T,1114,A,T,31575623.0,,0.0,5_prime_UTR_variant,4387,4387,14,0.002293884754180908,0.00866738894907909,4.537576198577881,4.528110980987549,0.009465217590332031
79,variant,6-31575624-C-A,1115,C,A,31575624.0,,0.0,5_prime_UTR_variant,4457,4457,39,0.006371796131134033,0.015473887814313348,4.4748358726501465,4.528110980987549,-0.053275108337402344
80,variant,6-31575624-C-T,1115,C,T,31575624.0,rs1771135562,0.0,5_prime_UTR_variant,4478,4478,55,0.0021561384201049805,0.01017293997965412,4.470350742340088,4.528110980987549,-0.05776023864746094
81,variant,6-31575625-A-G,1116,A,G,31575625.0,,0.0,5_prime_UTR_variant,4492,4492,14,0.002293884754180908,0.010834236186348862,4.5460052490234375,4.528110980987549,0.017894268035888672
82,variant,6-31575626-G-T,1117,G,T,31575626.0,,0.0,5_prime_UTR_variant,4506,4506,9,0.01365596055984497,0.15594059405940594,4.619870662689209,4.528110980987549,0.09175968170166016
83,variant,6-31575626-G-C,1117,G,C,31575626.0,,0.0,5_prime_UTR_variant,4672,4672,9,0.01365596055984497,0.15594059405940594,4.660017967224121,4.528110980987549,0.13190698623657227
84,variant,6-31575627-A-G,1118,A,G,31575627.0,,0.0,5_prime_UTR_variant,4675,4675,96,0.0022946596145629883,0.00881057268722467,4.559927463531494,4.528110980987549,0.03181648254394531
85,variant,6-31575627-A-C,1118,A,C,31575627.0,rs1771135729,0.0,5_prime_UTR_variant,4795,4795,9,0.01365596055984497,0.06435643564356436,4.641643524169922,4.528110980987549,0.11353254318237305
86,variant,6-31575628-C-T,1119,C,T,31575628.0,,0.0,5_prime_UTR_variant,4908,4908,9,0.01365596055984497,0.06188118811881188,4.632833480834961,4.528110980987549,0.10472249984741211
87,variant,6-31575628-C-A,1119,C,A,31575628.0,rs1012980674,1.233745404298369e-06,5_prime_UTR_variant,4935,4935,14,0.002293884754180908,0.016251354279523293,4.588272571563721,4.528110980987549,0.060161590576171875
88,variant,6-31575629-C-G,1120,C,G,31575629.0,rs3093660,0.0006440891803225,5_prime_UTR_variant,4955,4955,96,0.0022946596145629883,0.006167400881057269,4.611642360687256,4.528110980987549,0.08353137969970703
89,variant,6-31575629-C-T,1120,C,T,31575629.0,rs3093660,1.5310996970464068e-05,5_prime_UTR_variant,5021,5021,9,0.01365596055984497,0.15841584158415842,4.662818908691406,4.528110980987549,0.13470792770385742
90,variant,6-31575629-C-A,1120,C,A,31575629.0,,1.2084446109412575e-06,5_prime_UTR_variant,5053,5053,9,0.01365596055984497,0.15841584158415842,4.667665004730225,4.528110980987549,0.13955402374267578
91,variant,6-31575630-C-T,1121,C,T,31575630.0,,0.0,5_prime_UTR_variant,5306,5306,9,0.01365596055984497,0.15346534653465346,4.670993328094482,4.528110980987549,0.1428823471069336
92,variant,6-31575630-C-A,1121,C,A,31575630.0,,3.5484565396871207e-06,5_prime_UTR_variant,5574,5574,96,0.0022946596145629883,0.0026431718061674008,4.526430606842041,4.528110980987549,-0.0016803741455078125
93,variant,6-31575631-C-A,1122,C,A,31575631.0,,0.0,5_prime_UTR_variant,5594,5594,9,0.01365596055984497,0.16584158415841585,4.614465236663818,4.528110980987549,0.08635425567626953
94,variant,6-31575631-C-T,1122,C,T,31575631.0,rs1292117826,9.884313989071902e-07,5_prime_UTR_variant,5596,5596,96,0.0022946596145629883,0.004405286343612335,4.583198547363281,4.528110980987549,0.05508756637573242
95,variant,6-31575632-C-T,1123,C,T,31575632.0,,0.0,5_prime_UTR_variant,5735,5735,96,0.0022946596145629883,0.004405286343612335,4.566940784454346,4.528110980987549,0.038829803466796875
96,variant,6-31575633-C-G,1124,C,G,31575633.0,rs1351963824,1.6870234158850126e-05,5_prime_UTR_variant,5741,5741,55,0.0021561384201049805,0.00508646998982706,4.559586524963379,4.528110980987549,0.03147554397583008
97,variant,6-31575633-C-T,1124,C,T,31575633.0,,0.0,5_prime_UTR_variant,5786,5786,55,0.0021561384201049805,0.00508646998982706,4.589013576507568,4.528110980987549,0.06090259552001953
98,variant,6-31575633-C-A,1124,C,A,31575633.0,rs1351963824,3.748940924188917e-05,5_prime_UTR_variant,5891,5891,14,0.002293884754180908,0.014084507042253523,4.568851947784424,4.528110980987549,0.040740966796875
99,variant,6-31575634-C-G,1125,C,G,31575634.0,rs1771137269,2.088419505002809e-06,5_prime_UTR_variant,5913,5913,60,-1.1920928955078125e-07,0.010999083409715858,4.5518798828125,4.528110980987549,0.023768901824951172
100,variant,6-31575634-C-T,1125,C,T,31575634.0,rs1771137269,1.0442097525014044e-06,5_prime_UTR_variant,5915,5915,55,0.0021561384201049805,0.015259409969481181,4.4874749183654785,4.528110980987549,-0.04063606262207031
101,variant,6-31575634-C-A,1125,C,A,31575634.0,,0.0,5_prime_UTR_variant,6017,6017,39,0.006371796131134033,0.02127659574468085,4.455686569213867,4.528110980987549,-0.07242441177368164
102,variant,6-31575635-T-C,1126,T,C,31575635.0,,0.0,5_prime_UTR_variant,6064,6064,9,0.01365596055984497,0.09653465346534654,4.670464038848877,4.528110980987549,0.14235305786132812
103,variant,6-31575635-T-A,1126,T,A,31575635.0,,1.0334421892439336e-06,5_prime_UTR_variant,6072,6072,96,0.0022946596145629883,0.0052863436123348016,4.519219875335693,4.528110980987549,-0.008891105651855469
104,variant,6-31575636-G-A,1127,G,A,31575636.0,,0.0,5_prime_UTR_variant,6381,6381,55,0.0021561384201049805,0.007121057985757883,4.516787528991699,4.528110980987549,-0.01132345199584961
105,variant,6-31575636-G-T,1127,G,T,31575636.0,rs904527578,0.0,5_prime_UTR_variant,6475,6475,96,0.0022946596145629883,0.007048458149779736,4.494869709014893,4.528110980987549,-0.03324127197265625
106,variant,6-31575638-A-G,1129,A,G,31575638.0,,9.951417181320793e-07,5_prime_UTR_variant,6534,6534,60,-1.1920928955078125e-07,0.00916590284142988,4.516624927520752,4.528110980987549,-0.011486053466796875
107,variant,6-31575641-C-T,1132,C,T,31575641.0,,0.0,5_prime_UTR_variant,6552,6552,96,0.0022946596145629883,0.009691629955947136,4.575080871582031,4.528110980987549,0.04696989059448242
108,variant,6-31575641-C-A,1132,C,A,31575641.0,,0.0,5_prime_UTR_variant,6591,6591,60,-1.1920928955078125e-07,0.007332722273143905,4.640536785125732,4.528110980987549,0.1124258041381836
109,variant,6-31575643-A-T,1134,A,T,31575643.0,,9.680991953159488e-07,5_prime_UTR_variant,6642,6642,55,0.0021561384201049805,0.012207527975584944,4.437077045440674,4.528110980987549,-0.091033935546875
110,variant,6-31575643-A-C,1134,A,C,31575643.0,,0.0,5_prime_UTR_variant,6752,6752,96,0.0022946596145629883,0.00881057268722467,4.564169406890869,4.528110980987549,0.03605842590332031
111,variant,6-31575644-C-G,1135,C,G,31575644.0,,9.564179469914916e-07,5_prime_UTR_variant,6815,6815,60,-1.1920928955078125e-07,0.006416131989000917,4.4925150871276855,4.528110980987549,-0.03559589385986328
112,variant,6-31575644-C-T,1135,C,T,31575644.0,rs1771137781,2.869253840974475e-06,5_prime_UTR_variant,6838,6838,39,0.006371796131134033,0.030947775628626696,4.430840015411377,4.528110980987549,-0.09727096557617188
113,variant,6-31575644-C-A,1135,C,A,31575644.0,,0.0,5_prime_UTR_variant,6844,6844,14,0.002293884754180908,0.00866738894907909,4.5361714363098145,4.528110980987549,0.008060455322265625
114,variant,6-31575645-C-G,1136,C,G,31575645.0,,9.435796013187468e-07,5_prime_UTR_variant,6859,6859,55,0.0021561384201049805,0.013224821973550356,4.510494709014893,4.528110980987549,-0.01761627197265625
115,variant,6-31575645-C-A,1136,C,A,31575645.0,rs1441050243,8.251410578638418e-06,5_prime_UTR_variant,6961,6961,55,0.0021561384201049805,0.013224821973550356,4.51351261138916,4.528110980987549,-0.014598369598388672
116,variant,6-31575646-C-T,1137,C,T,31575646.0,rs1352519712,1.8437767923815144e-06,5_prime_UTR_variant,6982,6982,60,-1.1920928955078125e-07,0.007332722273143905,4.5210771560668945,4.528110980987549,-0.007033824920654297
117,variant,6-31575646-C-A,1137,C,A,31575646.0,,0.0,5_prime_UTR_variant,7002,7002,39,0.006371796131134033,0.027079303675048357,4.463951587677002,4.528110980987549,-0.06415939331054688
118,variant,6-31575647-T-C,1138,T,C,31575647.0,,2.745050673635435e-06,5_prime_UTR_variant,7008,7008,60,-1.1920928955078125e-07,0.012832263978001834,4.536108016967773,4.528110980987549,0.00799703598022461
119,variant,6-31575648-C-A,1139,C,A,31575648.0,,9.119012228595398e-07,5_prime_UTR_variant,7081,7081,60,-1.1920928955078125e-07,0.006416131989000917,4.495954990386963,4.528110980987549,-0.03215599060058594
120,variant,6-31575649-A-G,1140,A,G,31575649.0,,0.0,5_prime_UTR_variant,7116,7116,55,0.0021561384201049805,0.009155645981688708,4.476999759674072,4.528110980987549,-0.05111122131347656
121,variant,6-31575652-C-G,1143,C,G,31575652.0,,8.938243885347358e-07,5_prime_UTR_variant,7252,7252,96,0.0022946596145629883,0.004405286343612335,4.508841037750244,4.528110980987549,-0.019269943237304688
122,variant,6-31575652-C-T,1143,C,T,31575652.0,rs1325321051,1.0228697949696836e-05,5_prime_UTR_variant,7263,7263,75,0.016881704330444336,0.06218905472636816,4.431349754333496,4.528110980987549,-0.09676122665405273
123,variant,6-31575652-C-A,1143,C,A,31575652.0,,0.0,5_prime_UTR_variant,7326,7326,98,0.029362082481384277,0.5465116279069767,4.664330959320068,4.528110980987549,0.13621997833251953
124,variant,6-31575653-G-T,1144,G,T,31575653.0,,0.0,5_prime_UTR_variant,7451,7451,75,0.016881704330444336,0.21890547263681592,4.348876476287842,4.528110980987549,-0.17923450469970703
125,variant,6-31575653-G-A,1144,G,A,31575653.0,rs1771138369,5.4589750228497095e-06,5_prime_UTR_variant,7454,7454,98,0.029362082481384277,0.45348837209302323,4.632390022277832,4.528110980987549,0.1042790412902832
126,variant,6-31575654-C-T,1145,C,T,31575654.0,,0.0,5_prime_UTR_variant,7470,7470,96,0.0022946596145629883,0.004405286343612335,4.56092643737793,4.528110980987549,0.03281545639038086
127,variant,6-31575654-C-A,1145,C,A,31575654.0,,0.0,5_prime_UTR_variant,7514,7514,75,0.016881704330444336,0.047263681592039794,4.441873550415039,4.528110980987549,-0.08623743057250977
128,variant,6-31575655-C-A,1146,C,A,31575655.0,,0.0,5_prime_UTR_variant,7522,7522,55,0.0021561384201049805,0.013224821973550356,4.5150861740112305,4.528110980987549,-0.01302480697631836
129,variant,6-31575655-C-T,1146,C,T,31575655.0,,1.7319376225345868e-06,5_prime_UTR_variant,7591,7591,39,0.006371796131134033,0.04448742746615087,4.503843784332275,4.528110980987549,-0.024267196655273438
130,variant,6-31575656-A-G,1147,A,G,31575656.0,,0.0,5_prime_UTR_variant,7662,7662,75,0.016881704330444336,0.1965174129353234,4.410140037536621,4.528110980987549,-0.11797094345092773
131,variant,6-31575657-C-A,1148,C,A,31575657.0,,8.594565140787571e-07,5_prime_UTR_variant,7707,7707,39,0.006371796131134033,0.0735009671179884,4.5140509605407715,4.528110980987549,-0.014060020446777344
132,variant,6-31575658-A-T,1149,A,T,31575658.0,,1.7107995935140163e-06,5_prime_UTR_variant,7723,7723,20,0.050684332847595215,0.2897727272727273,4.7214035987854,4.528110980987549,0.19329261779785156
133,variant,6-31575659-T-C,1150,T,C,31575659.0,,0.0,5_prime_UTR_variant,7753,7753,60,-1.1920928955078125e-07,0.008249312557286892,4.533162593841553,4.528110980987549,0.005051612854003906
134,variant,6-31575659-T-A,1150,T,A,31575659.0,,1.7125076420653527e-06,5_prime_UTR_variant,7859,7859,39,0.006371796131134033,0.059961315280464215,4.449312210083008,4.528110980987549,-0.07879877090454102
135,variant,6-31575660-C-A,1151,C,A,31575660.0,,0.0,5_prime_UTR_variant,7883,7883,39,0.006371796131134033,0.09090909090909091,4.470184326171875,4.528110980987549,-0.05792665481567383
136,variant,6-31575660-C-T,1151,C,T,31575660.0,rs2150388330,6.566505568396722e-06,5_prime_UTR_variant,7904,7904,39,0.006371796131134033,0.09090909090909091,4.39767599105835,4.528110980987549,-0.13043498992919922
137,variant,6-31575661-C-T,1152,C,T,31575661.0,,0.0,5_prime_UTR_variant,7951,7951,39,0.006371796131134033,0.10251450676982592,4.449188709259033,4.528110980987549,-0.07892227172851562
138,variant,6-31575661-C-A,1152,C,A,31575661.0,,0.0,5_prime_UTR_variant,7987,7987,39,0.006371796131134033,0.10251450676982592,4.481642723083496,4.528110980987549,-0.046468257904052734
139,variant,6-31575662-C-T,1153,C,T,31575662.0,,0.0,5_prime_UTR_variant,8006,8006,20,0.050684332847595215,0.6818181818181818,4.757077693939209,4.528110980987549,0.22896671295166016
140,variant,6-31575662-C-A,1153,C,A,31575662.0,,0.0,5_prime_UTR_variant,8032,8032,75,0.016881704330444336,0.047263681592039794,4.406711101531982,4.528110980987549,-0.1213998794555664
141,variant,6-31575663-C-A,1154,C,A,31575663.0,,0.0,5_prime_UTR_variant,8143,8143,39,0.006371796131134033,0.03481624758220503,4.470116138458252,4.528110980987549,-0.057994842529296875
142,variant,6-31575664-T-C,1155,T,C,31575664.0,,0.0,5_prime_UTR_variant,8193,8193,14,0.002293884754180908,0.009750812567713976,4.563541412353516,4.528110980987549,0.0354304313659668
143,variant,6-31575665-G-T,1156,G,T,31575665.0,,0.0,5_prime_UTR_variant,8249,8249,96,0.0022946596145629883,0.007929515418502203,4.644099712371826,4.528110980987549,0.11598873138427734
144,variant,6-31575666-A-G,1157,A,G,31575666.0,rs1771138665,1.4486119400390549e-06,5_prime_UTR_variant,8275,8275,38,0.004481136798858643,0.028350515463917526,4.671714782714844,4.528110980987549,0.14360380172729492
145,variant,6-31575667-C-G,1158,C,G,31575667.0,,8.048885712261995e-07,5_prime_UTR_variant,8375,8375,60,-1.1920928955078125e-07,0.013748854262144821,4.540274620056152,4.528110980987549,0.012163639068603516
146,variant,6-31575667-C-A,1158,C,A,31575667.0,,8.048911626169909e-07,5_prime_UTR_variant,8400,8400,96,0.0022946596145629883,0.01145374449339207,4.529616832733154,4.528110980987549,0.0015058517456054688
147,variant,6-31575669-A-C,1160,A,C,31575669.0,,8.066675916455051e-07,5_prime_UTR_variant,8490,8490,14,0.002293884754180908,0.015167930660888406,4.5567193031311035,4.528110980987549,0.028608322143554688
148,variant,6-31575670-G-A,1161,G,A,31575670.0,,8.044068625558259e-07,5_prime_UTR_variant,8591,8591,60,-1.1920928955078125e-07,0.011915673693858845,4.557289123535156,4.528110980987549,0.029178142547607422
149,variant,6-31575670-G-T,1161,G,T,31575670.0,,0.0,5_prime_UTR_variant,8621,8621,60,-1.1920928955078125e-07,0.011915673693858845,4.535752296447754,4.528110980987549,0.007641315460205078
150,variant,6-31575671-C-T,1162,C,T,31575671.0,rs1405874375,1.4270159811519729e-06,5_prime_UTR_variant,8731,8731,55,0.0021561384201049805,0.01017293997965412,4.491730213165283,4.528110980987549,-0.036380767822265625
151,variant,6-31575671-C-A,1162,C,A,31575671.0,,0.0,5_prime_UTR_variant,8965,8965,39,0.006371796131134033,0.027079303675048357,4.438699722290039,4.528110980987549,-0.08941125869750977
152,variant,6-31575672-T-C,1163,T,C,31575672.0,,0.0,5_prime_UTR_variant,8966,8966,96,0.0022946596145629883,0.007929515418502203,4.521605968475342,4.528110980987549,-0.006505012512207031
153,variant,6-31575673-G-C,1164,G,C,31575673.0,,7.902439641166021e-07,5_prime_UTR_variant,9037,9037,96,0.0022946596145629883,0.010572687224669603,4.485339164733887,4.528110980987549,-0.04277181625366211
154,variant,6-31575673-G-A,1164,G,A,31575673.0,,0.0,5_prime_UTR_variant,9050,9050,96,0.0022946596145629883,0.010572687224669603,4.514138698577881,4.528110980987549,-0.013972282409667969
155,variant,6-31575673-G-T,1164,G,T,31575673.0,rs999084577,4.232625074070939e-06,5_prime_UTR_variant,9078,9078,39,0.006371796131134033,0.019342359767891684,4.443437576293945,4.528110980987549,-0.08467340469360352
156,variant,6-31575674-C-T,1165,C,T,31575674.0,,7.937931724261653e-07,5_prime_UTR_variant,9124,9124,14,0.002293884754180908,0.00866738894907909,4.545802116394043,4.528110980987549,0.01769113540649414
157,variant,6-31575674-C-A,1165,C,A,31575674.0,,7.937944326433672e-07,5_prime_UTR_variant,9133,9133,96,0.0022946596145629883,0.007048458149779736,4.54478645324707,4.528110980987549,0.016675472259521484
158,variant,6-31575675-C-A,1166,C,A,31575675.0,,7.868130138872497e-07,5_prime_UTR_variant,9172,9172,14,0.002293884754180908,0.0065005417118093175,4.541440486907959,4.528110980987549,0.013329505920410156
159,variant,6-31575676-A-G,1167,A,G,31575676.0,,7.853818447991229e-07,5_prime_UTR_variant,9242,9242,60,-1.1920928955078125e-07,0.01008249312557287,4.5467681884765625,4.528110980987549,0.018657207489013672
160,variant,6-31575677-G-T,1168,G,T,31575677.0,,0.0,5_prime_UTR_variant,9326,9326,96,0.0022946596145629883,0.007929515418502203,4.4627604484558105,4.528110980987549,-0.06535053253173828
161,variant,6-31575678-G-T,1169,G,T,31575678.0,,0.0,5_prime_UTR_variant,9439,9439,96,0.0022946596145629883,0.00881057268722467,4.544534683227539,4.528110980987549,0.016423702239990234
162,variant,6-31575678-G-A,1169,G,A,31575678.0,,7.835430878179421e-07,5_prime_UTR_variant,9486,9486,60,-1.1920928955078125e-07,0.00916590284142988,4.519711971282959,4.528110980987549,-0.008399009704589844
163,variant,6-31575679-C-T,1170,C,T,31575679.0,,1.564568163541181e-06,5_prime_UTR_variant,9562,9562,55,0.0021561384201049805,0.008138351983723296,4.559045314788818,4.528110980987549,0.03093433380126953
164,variant,6-31575680-A-G,1171,A,G,31575680.0,,1.560193838482493e-06,5_prime_UTR_variant,9904,9904,55,0.0021561384201049805,0.007121057985757883,4.560257911682129,4.528110980987549,0.03214693069458008
165,variant,6-31575681-G-C,1172,G,C,31575681.0,,0.0,5_prime_UTR_variant,10057,10057,60,-1.1920928955078125e-07,0.007332722273143905,4.52532958984375,4.528110980987549,-0.002781391143798828
166,variant,6-31575681-G-T,1172,G,T,31575681.0,,0.0,5_prime_UTR_variant,10102,10102,14,0.002293884754180908,0.007583965330444203,4.476609706878662,4.528110980987549,-0.05150127410888672
167,variant,6-31575682-G-C,1173,G,C,31575682.0,rs538552423,4.9729938804547527e-05,5_prime_UTR_variant,10126,10126,96,0.0022946596145629883,0.004405286343612335,4.535585403442383,4.528110980987549,0.007474422454833984
168,variant,6-31575682-G-T,1173,G,T,31575682.0,rs538552423,1.5885952673674904e-05,5_prime_UTR_variant,10127,10127,34,0.21404755115509033,1.0,5.016842842102051,4.528110980987549,0.48873186111450195
169,variant,6-31575682-G-A,1173,G,A,31575682.0,rs538552423,0.0001049768705566,5_prime_UTR_variant,10238,10238,55,0.0021561384201049805,0.01119023397761953,4.508132457733154,4.528110980987549,-0.01997852325439453
170,variant,6-31575685-C-A,1176,C,A,31575685.0,,7.681482710518715e-07,5_prime_UTR_variant,10325,10325,61,0.015010178089141846,0.11538461538461538,4.432563781738281,4.528110980987549,-0.09554719924926758
171,variant,6-31575685-C-T,1176,C,T,31575685.0,rs1562479547,7.681482710518715e-07,5_prime_UTR_variant,10344,10344,61,0.015010178089141846,0.11538461538461538,4.450235843658447,4.528110980987549,-0.07787513732910156
172,variant,6-31575686-T-C,1177,T,C,31575686.0,,2.2995272172041427e-06,5_prime_UTR_variant,10395,10395,61,0.015010178089141846,0.033216783216783216,4.4588847160339355,4.528110980987549,-0.06922626495361328
173,variant,6-31575687-C-A,1178,C,A,31575687.0,,0.0,5_prime_UTR_variant,10647,10647,61,0.015010178089141846,0.07517482517482517,4.416360855102539,4.528110980987549,-0.11175012588500977
174,variant,6-31575690-C-A,1181,C,A,31575690.0,,7.621556199831106e-07,5_prime_UTR_variant,10725,10725,61,0.015010178089141846,0.13986013986013987,4.490724563598633,4.528110980987549,-0.037386417388916016
175,variant,6-31575690-C-T,1181,C,T,31575690.0,,0.0,5_prime_UTR_variant,10739,10739,61,0.015010178089141846,0.13986013986013987,4.498365879058838,4.528110980987549,-0.029745101928710938
176,variant,6-31575691-C-A,1182,C,A,31575691.0,,0.0,5_prime_UTR_variant,10745,10745,61,0.015010178089141846,0.11363636363636363,4.407068729400635,4.528110980987549,-0.12104225158691406
177,variant,6-31575691-C-T,1182,C,T,31575691.0,,7.627113473143408e-07,5_prime_UTR_variant,10783,10783,61,0.015010178089141846,0.11363636363636363,4.45824670791626,4.528110980987549,-0.06986427307128906
178,variant,6-31575692-T-C,1183,T,C,31575692.0,,0.0,5_prime_UTR_variant,10791,10791,55,0.0021561384201049805,0.00508646998982706,4.469130039215088,4.528110980987549,-0.05898094177246094
179,variant,6-31575693-C-T,1184,C,T,31575693.0,rs1215936409,0.0,5_prime_UTR_variant,10797,10797,61,0.015010178089141846,0.07867132867132867,4.484258651733398,4.528110980987549,-0.04385232925415039
180,variant,6-31575695-C-A,1186,C,A,31575695.0,,0.0,5_prime_UTR_variant,10839,10839,66,0.027637064456939697,0.4810126582278481,4.658361434936523,4.528110980987549,0.1302504539489746
181,variant,6-31575695-C-T,1186,C,T,31575695.0,rs1771139729,0.0,5_prime_UTR_variant,10851,10851,66,0.027637064456939697,0.4810126582278481,4.612358570098877,4.528110980987549,0.08424758911132812
182,variant,6-31575696-A-G,1187,A,G,31575696.0,rs1771139893,0.0,5_prime_UTR_variant,10861,10861,96,0.0022946596145629883,0.007048458149779736,4.524293899536133,4.528110980987549,-0.0038170814514160156
183,variant,6-31575697-C-A,1188,C,A,31575697.0,,0.0,5_prime_UTR_variant,10914,10914,96,0.0022946596145629883,0.0052863436123348016,4.495292663574219,4.528110980987549,-0.03281831741333008
184,variant,6-31575698-A-T,1189,A,T,31575698.0,,7.413195190912016e-07,5_prime_UTR_variant,10921,10921,55,0.0021561384201049805,0.012207527975584944,4.563016891479492,4.528110980987549,0.03490591049194336
185,variant,6-31575698-A-G,1189,A,G,31575698.0,rs1245601180,7.413195190912016e-07,5_prime_UTR_variant,10971,10971,38,0.004481136798858643,0.03608247422680412,4.616734981536865,4.528110980987549,0.0886240005493164
186,variant,6-31575699-T-A,1190,T,A,31575699.0,rs372568141,7.322466792613096e-06,5_prime_UTR_variant,10978,10978,96,0.0022946596145629883,0.006167400881057269,4.569721698760986,4.528110980987549,0.0416107177734375
187,variant,6-31575700-A-T,1191,A,T,31575700.0,,0.0,5_prime_UTR_variant,11051,11051,60,-1.1920928955078125e-07,0.006416131989000917,4.532807350158691,4.528110980987549,0.004696369171142578
188,variant,6-31575702-T-C,1193,T,C,31575702.0,,0.0,5_prime_UTR_variant,11081,11081,96,0.0022946596145629883,0.009691629955947136,4.516542434692383,4.528110980987549,-0.011568546295166016
189,variant,6-31575703-G-T,1194,G,T,31575703.0,,0.0,5_prime_UTR_variant,11088,11088,60,-1.1920928955078125e-07,0.012832263978001834,4.558902263641357,4.528110980987549,0.030791282653808594
190,variant,6-31575703-G-A,1194,G,A,31575703.0,,1.4767340549640415e-06,5_prime_UTR_variant,11109,11109,55,0.0021561384201049805,0.013224821973550356,4.5519022941589355,4.528110980987549,0.02379131317138672
191,variant,6-31575704-A-T,1195,A,T,31575704.0,,7.38072744449693e-07,5_prime_UTR_variant,11143,11143,60,-1.1920928955078125e-07,0.00458295142071494,4.492976665496826,4.528110980987549,-0.035134315490722656
192,variant,6-31575704-A-G,1195,A,G,31575704.0,,7.380738339540535e-07,5_prime_UTR_variant,11306,11306,36,0.005969822406768799,0.017374517374517374,4.47162389755249,4.528110980987549,-0.056487083435058594
193,variant,6-31575704-A-C,1195,A,C,31575704.0,,0.0,5_prime_UTR_variant,11334,11334,60,-1.1920928955078125e-07,0.00458295142071494,4.538929462432861,4.528110980987549,0.0108184814453125
194,variant,6-31575705-C-A,1196,C,A,31575705.0,,0.0,5_prime_UTR_variant,11339,11339,60,-1.1920928955078125e-07,0.00458295142071494,4.582681179046631,4.528110980987549,0.05457019805908203
195,variant,6-31575706-C-G,1197,C,G,31575706.0,rs1195109615,1.471170212922465e-06,5_prime_UTR_variant,11415,11415,38,0.004481136798858643,0.05670103092783505,4.643083095550537,4.528110980987549,0.11497211456298828
196,variant,6-31575707-C-A,1198,C,A,31575707.0,,0.0,5_prime_UTR_variant,11436,11436,96,0.0022946596145629883,0.015859030837004406,4.494852542877197,4.528110980987549,-0.03325843811035156
197,variant,6-31575709-C-A,1200,C,A,31575709.0,rs752785007,6.609166914510426e-07,5_prime_UTR_variant,11464,11464,96,0.0022946596145629883,0.00881057268722467,4.525028705596924,4.528110980987549,-0.003082275390625
198,variant,6-31575709-C-T,1200,C,T,31575709.0,rs752785007,2.939265947722216e-06,5_prime_UTR_variant,11494,11494,96,0.0022946596145629883,0.00881057268722467,4.467147350311279,4.528110980987549,-0.06096363067626953
199,variant,6-31575710-G-A,1201,G,A,31575710.0,rs554060079,3.1077174542636564e-05,5_prime_UTR_variant,11499,11499,60,-1.1920928955078125e-07,0.01008249312557287,4.560189723968506,4.528110980987549,0.03207874298095703
200,variant,6-31575711-G-A,1202,G,A,31575711.0,rs1771140892,6.549663478290485e-07,5_prime_UTR_variant,11576,11576,94,0.012443006038665771,0.1129032258064516,4.440363883972168,4.528110980987549,-0.08774709701538086
201,variant,6-31575711-G-T,1202,G,T,31575711.0,,0.0,5_prime_UTR_variant,11613,11613,31,0.036433398723602295,0.07692307692307693,4.394069194793701,4.528110980987549,-0.13404178619384766
202,variant,6-31575712-C-T,1203,C,T,31575712.0,rs372719825,2.617074843106363e-06,5_prime_UTR_variant,11640,11640,31,0.036433398723602295,0.14046822742474915,4.385261058807373,4.528110980987549,-0.14284992218017578
203,variant,6-31575712-C-A,1203,C,A,31575712.0,,0.0,5_prime_UTR_variant,11644,11644,31,0.036433398723602295,0.14046822742474915,4.351211071014404,4.528110980987549,-0.17689990997314453
204,variant,6-31575713-T-C,1204,T,C,31575713.0,rs1771141250,0.0,5_prime_UTR_variant,11716,11716,94,0.012443006038665771,0.1021505376344086,4.43744421005249,4.528110980987549,-0.0906667709350586
205,variant,6-31575715-C-A,1206,C,A,31575715.0,rs750426362,7.251600065554464e-07,5_prime_UTR_variant,11731,11731,94,0.012443006038665771,0.01881720430107527,4.402908802032471,4.528110980987549,-0.12520217895507812
206,variant,6-31575715-C-T,1206,C,T,31575715.0,,0.0,5_prime_UTR_variant,11778,11778,25,0.026683151721954346,0.12301587301587301,4.3823065757751465,4.528110980987549,-0.14580440521240234
207,variant,6-31575717-C-T,1208,C,T,31575717.0,rs1771141784,1.4463156554991817e-06,5_prime_UTR_variant,11990,11990,31,0.036433398723602295,0.18896321070234115,4.346496105194092,4.528110980987549,-0.18161487579345703
208,variant,6-31575718-C-G,1209,C,G,31575718.0,rs755847921,1.4460354047308494e-06,5_prime_UTR_variant,12101,12101,31,0.036433398723602295,0.1488294314381271,4.35897970199585,4.528110980987549,-0.16913127899169922
209,variant,6-31575718-C-A,1209,C,A,31575718.0,rs755847921,3.615088511827124e-06,5_prime_UTR_variant,12203,12203,31,0.036433398723602295,0.1488294314381271,4.369900703430176,4.528110980987549,-0.15821027755737305
210,variant,6-31575719-C-T,1210,C,T,31575719.0,rs1159990647,7.214351364883135e-07,5_prime_UTR_variant,12230,12230,94,0.012443006038665771,0.05913978494623656,4.466496467590332,4.528110980987549,-0.0616145133972168
211,variant,6-31575719-C-A,1210,C,A,31575719.0,,7.214351364883135e-07,5_prime_UTR_variant,12265,12265,31,0.036433398723602295,0.11204013377926421,4.357819557189941,4.528110980987549,-0.17029142379760742
212,variant,6-31575720-T-C,1211,T,C,31575720.0,,7.218152788083696e-07,5_prime_UTR_variant,12269,12269,60,-1.1920928955078125e-07,0.01008249312557287,4.554328918457031,4.528110980987549,0.026217937469482422
213,variant,6-31575721-C-G,1212,C,G,31575721.0,,3.598002389073586e-06,5_prime_UTR_variant,12271,12271,94,0.012443006038665771,0.12634408602150538,4.449097156524658,4.528110980987549,-0.07901382446289062
214,variant,6-31575721-C-A,1212,C,A,31575721.0,,1.4392009556294343e-06,5_prime_UTR_variant,12276,12276,94,0.012443006038665771,0.12634408602150538,4.453625679016113,4.528110980987549,-0.07448530197143555
215,variant,6-31575723-C-A,1214,C,A,31575723.0,,0.0,5_prime_UTR_variant,12311,12311,55,0.0021561384201049805,0.008138351983723296,4.487859725952148,4.528110980987549,-0.04025125503540039
216,variant,6-31575725-C-A,1216,C,A,31575725.0,rs1675572940,0.0,5_prime_UTR_variant,12317,12317,96,0.0022946596145629883,0.01145374449339207,4.481524467468262,4.528110980987549,-0.04658651351928711
217,variant,6-31575725-C-G,1216,C,G,31575725.0,,7.126537372274634e-07,5_prime_UTR_variant,12408,12408,55,0.0021561384201049805,0.007121057985757883,4.497869968414307,4.528110980987549,-0.030241012573242188
218,variant,6-31575725-C-T,1216,C,T,31575725.0,,2.13796121168239e-06,5_prime_UTR_variant,12477,12477,55,0.0021561384201049805,0.007121057985757883,4.461060047149658,4.528110980987549,-0.06705093383789062
219,variant,6-31575726-C-A,1217,C,A,31575726.0,,0.0,5_prime_UTR_variant,12488,12488,96,0.0022946596145629883,0.004405286343612335,4.511379718780518,4.528110980987549,-0.01673126220703125
220,variant,6-31575726-C-T,1217,C,T,31575726.0,rs779966486,5.782850122660677e-06,5_prime_UTR_variant,12496,12496,14,0.002293884754180908,0.0065005417118093175,4.518346309661865,4.528110980987549,-0.009764671325683594
221,variant,6-31575727-C-T,1218,C,T,31575727.0,,7.114612132690362e-07,5_prime_UTR_variant,12514,12514,96,0.0022946596145629883,0.007048458149779736,4.4965033531188965,4.528110980987549,-0.031607627868652344
222,variant,6-31575728-C-G,1219,C,G,31575728.0,rs1460074168,2.5658756499683754e-06,5_prime_UTR_variant,12626,12626,60,-1.1920928955078125e-07,0.005499541704857929,4.537755012512207,4.528110980987549,0.009644031524658203
223,variant,6-31575730-G-T,1221,G,T,31575730.0,,0.0,5_prime_UTR_variant,12839,12839,96,0.0022946596145629883,0.000881057268722467,4.611313343048096,4.528110980987549,0.08320236206054688
224,variant,6-31575730-G-A,1221,G,A,31575730.0,,7.09152463524743e-07,5_prime_UTR_variant,12945,12945,5,0.007886707782745361,0.19047619047619047,4.591528415679932,4.528110980987549,0.06341743469238281
225,variant,6-31575734-A-G,1225,A,G,31575734.0,,7.079615944994216e-07,5_prime_UTR_variant,12949,12949,60,-1.1920928955078125e-07,0.011915673693858845,4.566479206085205,4.528110980987549,0.03836822509765625
226,variant,6-31575735-G-A,1226,G,A,31575735.0,rs998337111,6.370749595138863e-07,5_prime_UTR_variant,12954,12954,55,0.0021561384201049805,0.00508646998982706,4.4997878074646,4.528110980987549,-0.02832317352294922
227,variant,6-31575736-G-T,1227,G,T,31575736.0,,0.0,5_prime_UTR_variant,13294,13294,5,0.007886707782745361,0.1391941391941392,4.675478458404541,4.528110980987549,0.1473674774169922
228,variant,6-31575736-G-A,1227,G,A,31575736.0,rs375864945,0.0001114425376803,5_prime_UTR_variant,13425,13425,60,-1.1920928955078125e-07,0.006416131989000917,4.5662760734558105,4.528110980987549,0.03816509246826172
229,variant,6-31575737-A-C,1228,A,C,31575737.0,,7.046392035885866e-07,5_prime_UTR_variant,13468,13468,14,0.002293884754180908,0.009750812567713976,4.514035224914551,4.528110980987549,-0.014075756072998047
230,variant,6-31575737-A-T,1228,A,T,31575737.0,,7.046392035885866e-07,5_prime_UTR_variant,13487,13487,14,0.002293884754180908,0.009750812567713976,4.5325798988342285,4.528110980987549,0.0044689178466796875
231,variant,6-31575738-C-T,1229,C,T,31575738.0,rs1771143387,1.270979098748721e-06,5_prime_UTR_variant,13510,13510,96,0.0022946596145629883,0.00881057268722467,4.5600266456604,4.528110980987549,0.03191566467285156
232,variant,6-31575739-A-G,1230,A,G,31575739.0,rs1771143532,6.576091960069969e-06,5_prime_UTR_variant,13559,13559,96,0.0022946596145629883,0.00881057268722467,4.609480381011963,4.528110980987549,0.08136940002441406
233,variant,6-31575930-G-T,1421,G,T,31575930.0,,0.0,intron_variant,13570,13570,55,0.0021561384201049805,0.007121057985757883,4.518911361694336,4.528110980987549,-0.00919961929321289
234,variant,6-31575931-A-G,1422,A,G,31575931.0,,1.4505514271250217e-06,intron_variant,13624,13624,55,0.0021561384201049805,0.013224821973550356,4.515823841094971,4.528110980987549,-0.012287139892578125
235,variant,6-31575932-G-C,1423,G,C,31575932.0,,7.291393239420189e-07,intron_variant,13653,13653,55,0.0021561384201049805,0.007121057985757883,4.522452354431152,4.528110980987549,-0.005658626556396484
236,variant,6-31575932-G-A,1423,G,A,31575932.0,,2.1874179718260567e-06,intron_variant,13682,13682,96,0.0022946596145629883,0.01145374449339207,4.518585681915283,4.528110980987549,-0.009525299072265625
237,variant,6-31575936-C-T,1427,C,T,31575936.0,,0.0,intron_variant,13723,13723,55,0.0021561384201049805,0.012207527975584944,4.5280632972717285,4.528110980987549,-4.76837158203125e-05
238,variant,6-31575936-C-A,1427,C,A,31575936.0,,0.0,intron_variant,13782,13782,96,0.0022946596145629883,0.007929515418502203,4.516763210296631,4.528110980987549,-0.011347770690917969
239,variant,6-31575938-G-A,1429,G,A,31575938.0,rs1771159754,7.362956963516548e-07,intron_variant,13791,13791,60,-1.1920928955078125e-07,0.008249312557286892,4.531166076660156,4.528110980987549,0.003055095672607422
240,variant,6-31575939-G-A,1430,G,A,31575939.0,,0.0,intron_variant,13822,13822,60,-1.1920928955078125e-07,0.011915673693858845,4.524565696716309,4.528110980987549,-0.0035452842712402344
241,variant,6-31575940-C-T,1431,C,T,31575940.0,,2.212878955521133e-06,intron_variant,13824,13824,55,0.0021561384201049805,0.012207527975584944,4.531824111938477,4.528110980987549,0.0037131309509277344
242,variant,6-31575941-C-A,1432,C,A,31575941.0,,0.0,intron_variant,13922,13922,96,0.0022946596145629883,0.01145374449339207,4.5404534339904785,4.528110980987549,0.012342453002929688
243,variant,6-31575943-G-A,1434,G,A,31575943.0,,0.0,intron_variant,13967,13967,96,0.0022946596145629883,0.007048458149779736,4.529699802398682,4.528110980987549,0.0015888214111328125
244,variant,6-31575944-C-A,1435,C,A,31575944.0,,0.0,intron_variant,13973,13973,96,0.0022946596145629883,0.01762114537444934,4.537291526794434,4.528110980987549,0.009180545806884766
245,variant,6-31575944-C-G,1435,C,G,31575944.0,rs1771159949,1.4910707229754617e-06,intron_variant,14048,14048,55,0.0021561384201049805,0.003051881993896236,4.531361103057861,4.528110980987549,0.0032501220703125
246,variant,6-31575945-C-A,1436,C,A,31575945.0,,3.726721037042117e-06,intron_variant,14200,14200,55,0.0021561384201049805,0.017293997965412006,4.525521755218506,4.528110980987549,-0.0025892257690429688
247,variant,6-31575946-T-G,1437,T,G,31575946.0,,0.0,intron_variant,14220,14220,96,0.0022946596145629883,0.00881057268722467,4.526350498199463,4.528110980987549,-0.0017604827880859375
248,variant,6-31575946-T-C,1437,T,C,31575946.0,,0.0,intron_variant,14372,14372,55,0.0021561384201049805,0.01017293997965412,4.5208024978637695,4.528110980987549,-0.007308483123779297
249,variant,6-31575946-T-A,1437,T,A,31575946.0,,1.4920318041499374e-06,intron_variant,14439,14439,96,0.0022946596145629883,0.00881057268722467,4.520988941192627,4.528110980987549,-0.007122039794921875
250,variant,6-31575947-T-C,1438,T,C,31575947.0,,0.0,intron_variant,14501,14501,60,-1.1920928955078125e-07,0.00916590284142988,4.523656368255615,4.528110980987549,-0.004454612731933594
251,variant,6-31575947-T-A,1438,T,A,31575947.0,,0.0,intron_variant,14599,14599,96,0.0022946596145629883,0.007048458149779736,4.521421432495117,4.528110980987549,-0.006689548492431641
252,variant,6-31575948-C-A,1439,C,A,31575948.0,,7.467992185492977e-07,intron_variant,14687,14687,14,0.002293884754180908,0.02058504875406284,4.5369791984558105,4.528110980987549,0.008868217468261719
253,variant,6-31575948-C-T,1439,C,T,31575948.0,,0.0,intron_variant,14903,14903,60,-1.1920928955078125e-07,0.010999083409715858,4.532435894012451,4.528110980987549,0.004324913024902344
254,variant,6-31575949-A-G,1440,A,G,31575949.0,,0.0,intron_variant,14971,14971,14,0.002293884754180908,0.005417118093174431,4.5311408042907715,4.528110980987549,0.0030298233032226562
255,variant,6-31575951-C-A,1442,C,A,31575951.0,,0.0,intron_variant,15044,15044,55,0.0021561384201049805,0.01119023397761953,4.530141353607178,4.528110980987549,0.0020303726196289062
256,variant,6-31575952-C-A,1443,C,A,31575952.0,,7.505445200492958e-07,intron_variant,15221,15221,55,0.0021561384201049805,0.01119023397761953,4.531869888305664,4.528110980987549,0.0037589073181152344
257,variant,6-31575953-A-G,1444,A,G,31575953.0,,7.565349488884988e-07,intron_variant,15309,15309,55,0.0021561384201049805,0.012207527975584944,4.544442653656006,4.528110980987549,0.01633167266845703
258,variant,6-31575953-A-C,1444,A,C,31575953.0,,1.5130744765518849e-06,intron_variant,15501,15501,96,0.0022946596145629883,0.012334801762114538,4.537954330444336,4.528110980987549,0.00984334945678711
259,variant,6-31575954-C-A,1445,C,A,31575954.0,,0.0,intron_variant,15536,15536,96,0.0022946596145629883,0.012334801762114538,4.527632236480713,4.528110980987549,-0.0004787445068359375
260,variant,6-31575954-C-T,1445,C,T,31575954.0,,7.578467451997987e-07,intron_variant,15554,15554,96,0.0022946596145629883,0.012334801762114538,4.524929523468018,4.528110980987549,-0.00318145751953125
261,variant,6-31575955-T-G,1446,T,G,31575955.0,,0.0,intron_variant,15572,15572,14,0.002293884754180908,0.011917659804983749,4.535295486450195,4.528110980987549,0.007184505462646484
262,variant,6-31575956-C-A,1447,C,A,31575956.0,,0.0,intron_variant,15611,15611,60,-1.1920928955078125e-07,0.007332722273143905,4.53224515914917,4.528110980987549,0.004134178161621094
263,variant,6-31575957-T-C,1448,T,C,31575957.0,,0.0,intron_variant,15616,15616,55,0.0021561384201049805,0.008138351983723296,4.534719944000244,4.528110980987549,0.0066089630126953125
264,variant,6-31575958-C-A,1449,C,A,31575958.0,,0.0,intron_variant,15686,15686,55,0.0021561384201049805,0.01017293997965412,4.5225982666015625,4.528110980987549,-0.005512714385986328
265,variant,6-31575959-C-A,1450,C,A,31575959.0,,0.0,intron_variant,15717,15717,55,0.0021561384201049805,0.007121057985757883,4.514407634735107,4.528110980987549,-0.013703346252441406
266,variant,6-31575959-C-T,1450,C,T,31575959.0,,7.61323545757829e-07,intron_variant,15823,15823,55,0.0021561384201049805,0.007121057985757883,4.523463249206543,4.528110980987549,-0.004647731781005859
267,variant,6-31575960-C-A,1451,C,A,31575960.0,,7.631851685647082e-07,intron_variant,15845,15845,60,-1.1920928955078125e-07,0.011915673693858845,4.5327982902526855,4.528110980987549,0.004687309265136719
268,variant,6-31575960-C-T,1451,C,T,31575960.0,,1.5263703371294165e-06,intron_variant,16094,16094,96,0.0022946596145629883,0.009691629955947136,4.531185150146484,4.528110980987549,0.003074169158935547
269,variant,6-31575960-C-G,1451,C,G,31575960.0,rs758071895,7.631851685647082e-07,intron_variant,16134,16134,60,-1.1920928955078125e-07,0.011915673693858845,4.542182445526123,4.528110980987549,0.014071464538574219
270,variant,6-31575962-C-A,1453,C,A,31575962.0,,0.0,intron_variant,16169,16169,96,0.0022946596145629883,0.014977973568281937,4.526896953582764,4.528110980987549,-0.0012140274047851562
271,variant,6-31575963-C-A,1454,C,A,31575963.0,,7.672453742776384e-07,intron_variant,16376,16376,14,0.002293884754180908,0.018418201516793065,4.52766752243042,4.528110980987549,-0.00044345855712890625
272,variant,6-31575964-C-A,1455,C,A,31575964.0,,0.0,intron_variant,16408,16408,55,0.0021561384201049805,0.007121057985757883,4.530275821685791,4.528110980987549,0.0021648406982421875
273,variant,6-31575965-A-C,1456,A,C,31575965.0,,0.0,intron_variant,16416,16416,96,0.0022946596145629883,0.012334801762114538,4.524653911590576,4.528110980987549,-0.0034570693969726562
274,variant,6-31575965-A-G,1456,A,G,31575965.0,,7.698264965042179e-07,intron_variant,16419,16419,60,-1.1920928955078125e-07,0.005499541704857929,4.532320499420166,4.528110980987549,0.0042095184326171875
275,variant,6-31575967-G-T,1458,G,T,31575967.0,,0.0,intron_variant,16439,16439,14,0.002293884754180908,0.010834236186348862,4.509341716766357,4.528110980987549,-0.018769264221191406
276,variant,6-31575968-G-T,1459,G,T,31575968.0,,0.0,intron_variant,16464,16464,96,0.0022946596145629883,0.01145374449339207,4.529469013214111,4.528110980987549,0.0013580322265625
277,variant,6-31575968-G-C,1459,G,C,31575968.0,,7.730293163637938e-07,intron_variant,16512,16512,55,0.0021561384201049805,0.013224821973550356,4.537539005279541,4.528110980987549,0.009428024291992188
278,variant,6-31575969-G-T,1460,G,T,31575969.0,,0.0,intron_variant,16513,16513,14,0.002293884754180908,0.00866738894907909,4.5233564376831055,4.528110980987549,-0.004754543304443359
279,variant,6-31575970-G-A,1461,G,A,31575970.0,rs1436580177,3.095194246652934e-06,intron_variant,16520,16520,14,0.002293884754180908,0.011917659804983749,4.5303635597229,4.528110980987549,0.0022525787353515625
280,variant,6-31575971-A-G,1462,A,G,31575971.0,,0.0,intron_variant,16580,16580,60,-1.1920928955078125e-07,0.00916590284142988,4.514096736907959,4.528110980987549,-0.014014244079589844
281,variant,6-31575973-A-G,1464,A,G,31575973.0,rs1771160712,7.761359914438768e-07,intron_variant,16689,16689,96,0.0022946596145629883,0.0052863436123348016,4.547435283660889,4.528110980987549,0.019324302673339844
282,variant,6-31575974-T-C,1465,T,C,31575974.0,rs763453789,2.782829386121752e-06,intron_variant,16699,16699,96,0.0022946596145629883,0.014096916299559472,4.518521785736084,4.528110980987549,-0.009589195251464844
283,variant,6-31575975-G-T,1466,G,T,31575975.0,,7.777924694133111e-07,intron_variant,16736,16736,14,0.002293884754180908,0.010834236186348862,4.529758453369141,4.528110980987549,0.0016474723815917969
284,variant,6-31575976-G-A,1467,G,A,31575976.0,rs1771161013,1.5597095820758174e-06,intron_variant,16833,16833,55,0.0021561384201049805,0.012207527975584944,4.53833532333374,4.528110980987549,0.010224342346191406
285,variant,6-31575978-G-T,1469,G,T,31575978.0,,7.805535998351471e-07,intron_variant,16835,16835,55,0.0021561384201049805,0.014242115971515767,4.519191265106201,4.528110980987549,-0.008919715881347656
286,variant,6-31575979-A-G,1470,A,G,31575979.0,,1.562377939223498e-06,intron_variant,16845,16845,60,-1.1920928955078125e-07,0.010999083409715858,4.521175861358643,4.528110980987549,-0.00693511962890625
287,variant,6-31575980-C-A,1471,C,A,31575980.0,,0.0,intron_variant,16928,16928,96,0.0022946596145629883,0.01145374449339207,4.517282009124756,4.528110980987549,-0.010828971862792969
288,variant,6-31575980-C-T,1471,C,T,31575980.0,rs998453265,6.180313454261467e-05,intron_variant,16939,16939,55,0.0021561384201049805,0.01017293997965412,4.524272441864014,4.528110980987549,-0.0038385391235351562
289,variant,6-31575981-G-C,1472,G,C,31575981.0,rs3093661,7.865456644816428e-07,intron_variant,16941,16941,60,-1.1920928955078125e-07,0.010999083409715858,4.530246257781982,4.528110980987549,0.0021352767944335938
290,variant,6-31575981-G-T,1472,G,T,31575981.0,,7.865456644816428e-07,intron_variant,17149,17149,96,0.0022946596145629883,0.012334801762114538,4.5323076248168945,4.528110980987549,0.004196643829345703
291,variant,6-31575981-G-A,1472,G,A,31575981.0,rs3093661,0.0390771764223198,intron_variant,17246,17246,96,0.0022946596145629883,0.012334801762114538,4.529148578643799,4.528110980987549,0.00103759765625
292,variant,6-31575982-C-A,1473,C,A,31575982.0,,4.724327610072896e-06,intron_variant,17251,17251,55,0.0021561384201049805,0.01017293997965412,4.523229598999023,4.528110980987549,-0.004881381988525391
293,variant,6-31575983-A-G,1474,A,G,31575983.0,,1.5724185212032777e-06,intron_variant,17252,17252,96,0.0022946596145629883,0.010572687224669603,4.524295330047607,4.528110980987549,-0.0038156509399414062
294,variant,6-31575984-A-T,1475,A,T,31575984.0,,0.0,intron_variant,17275,17275,55,0.0021561384201049805,0.009155645981688708,4.5147576332092285,4.528110980987549,-0.013353347778320312
295,variant,6-31575984-A-C,1475,A,C,31575984.0,rs1771161746,6.572461386789352e-06,intron_variant,17344,17344,60,-1.1920928955078125e-07,0.011915673693858845,4.521404266357422,4.528110980987549,-0.006706714630126953
296,variant,6-31575985-G-A,1476,G,A,31575985.0,rs1023522386,1.1081086643016464e-05,intron_variant,17413,17413,60,-1.1920928955078125e-07,0.01008249312557287,4.5233330726623535,4.528110980987549,-0.0047779083251953125
297,variant,6-31575987-G-C,1478,G,C,31575987.0,,0.0,intron_variant,17465,17465,55,0.0021561384201049805,0.015259409969481181,4.522506237030029,4.528110980987549,-0.005604743957519531
298,variant,6-31575987-G-T,1478,G,T,31575987.0,,0.0,intron_variant,17649,17649,96,0.0022946596145629883,0.010572687224669603,4.527131080627441,4.528110980987549,-0.0009799003601074219
299,variant,6-31575987-G-A,1478,G,A,31575987.0,,0.0,intron_variant,17755,17755,14,0.002293884754180908,0.009750812567713976,4.5317912101745605,4.528110980987549,0.0036802291870117188
300,variant,6-31575988-A-T,1479,A,T,31575988.0,,7.91195575634341e-07,intron_variant,17776,17776,60,-1.1920928955078125e-07,0.011915673693858845,4.515526294708252,4.528110980987549,-0.012584686279296875
301,variant,6-31575989-G-T,1480,G,T,31575989.0,,0.0,intron_variant,17857,17857,55,0.0021561384201049805,0.01119023397761953,4.529672622680664,4.528110980987549,0.0015616416931152344
302,variant,6-31575990-G-T,1481,G,T,31575990.0,,0.0,intron_variant,17884,17884,60,-1.1920928955078125e-07,0.007332722273143905,4.520148277282715,4.528110980987549,-0.007962703704833984
303,variant,6-31575991-G-T,1482,G,T,31575991.0,,0.0,intron_variant,17902,17902,55,0.0021561384201049805,0.009155645981688708,4.526793003082275,4.528110980987549,-0.0013179779052734375
304,variant,6-31575992-A-T,1483,A,T,31575992.0,rs970967956,6.574708411681942e-06,intron_variant,17983,17983,96,0.0022946596145629883,0.012334801762114538,4.521215438842773,4.528110980987549,-0.006895542144775391
305,variant,6-31575992-A-G,1483,A,G,31575992.0,,7.946485190135551e-07,intron_variant,18097,18097,96,0.0022946596145629883,0.012334801762114538,4.520106792449951,4.528110980987549,-0.008004188537597656
306,variant,6-31575993-G-T,1484,G,T,31575993.0,,0.0,intron_variant,18103,18103,60,-1.1920928955078125e-07,0.02016498625114574,4.530489444732666,4.528110980987549,0.0023784637451171875
307,variant,6-31575993-G-C,1484,G,C,31575993.0,rs530204623,3.550314344832092e-06,intron_variant,18185,18185,60,-1.1920928955078125e-07,0.02016498625114574,4.524143695831299,4.528110980987549,-0.00396728515625
308,variant,6-31575995-G-T,1486,G,T,31575995.0,,0.0,intron_variant,18275,18275,14,0.002293884754180908,0.009750812567713976,4.524735450744629,4.528110980987549,-0.003375530242919922
309,variant,6-31575995-G-A,1486,G,A,31575995.0,,7.994627610245915e-06,intron_variant,18319,18319,96,0.0022946596145629883,0.010572687224669603,4.527956008911133,4.528110980987549,-0.00015497207641601562
310,variant,6-31575997-G-C,1488,G,C,31575997.0,rs1277907874,1.3143022369424072e-05,intron_variant,18355,18355,14,0.002293884754180908,0.009750812567713976,4.517671585083008,4.528110980987549,-0.010439395904541016
311,variant,6-31575997-G-T,1488,G,T,31575997.0,rs1277907874,0.0,intron_variant,18386,18386,96,0.0022946596145629883,0.007929515418502203,4.524780750274658,4.528110980987549,-0.003330230712890625
312,variant,6-31575999-T-G,1490,T,G,31575999.0,,0.0,intron_variant,18641,18641,96,0.0022946596145629883,0.00881057268722467,4.51456880569458,4.528110980987549,-0.01354217529296875
313,variant,6-31575999-T-C,1490,T,C,31575999.0,,1.6213735952824517e-06,intron_variant,18650,18650,60,-1.1920928955078125e-07,0.015582034830430797,4.531056880950928,4.528110980987549,0.0029458999633789062
314,variant,6-31576000-G-T,1491,G,T,31576000.0,,0.0,intron_variant,18668,18668,60,-1.1920928955078125e-07,0.010999083409715858,4.5232768058776855,4.528110980987549,-0.004834175109863281
315,variant,6-31576000-G-A,1491,G,A,31576000.0,,0.0,intron_variant,18673,18673,60,-1.1920928955078125e-07,0.010999083409715858,4.522385597229004,4.528110980987549,-0.005725383758544922
316,variant,6-31576001-G-T,1492,G,T,31576001.0,,0.0,intron_variant,18720,18720,96,0.0022946596145629883,0.009691629955947136,4.513556480407715,4.528110980987549,-0.014554500579833984
317,variant,6-31576001-G-A,1492,G,A,31576001.0,rs1230269878,2.1560769748227702e-06,intron_variant,18722,18722,14,0.002293884754180908,0.009750812567713976,4.517914772033691,4.528110980987549,-0.010196208953857422
318,variant,6-31576002-G-T,1493,G,T,31576002.0,,8.068159814109597e-07,intron_variant,18809,18809,96,0.0022946596145629883,0.013215859030837005,4.518074989318848,4.528110980987549,-0.010035991668701172
319,variant,6-31576004-T-G,1495,T,G,31576004.0,,0.0,intron_variant,18825,18825,60,-1.1920928955078125e-07,0.00458295142071494,4.509562015533447,4.528110980987549,-0.018548965454101562
320,variant,6-31576005-G-T,1496,G,T,31576005.0,,0.0,intron_variant,18904,18904,96,0.0022946596145629883,0.0052863436123348016,4.52141809463501,4.528110980987549,-0.0066928863525390625
321,variant,6-31576006-G-T,1497,G,T,31576006.0,rs1771162725,7.297618786989806e-07,intron_variant,18945,18945,55,0.0021561384201049805,0.015259409969481181,4.518200397491455,4.528110980987549,-0.00991058349609375
322,variant,6-31576006-G-C,1497,G,C,31576006.0,,8.209007908558219e-07,intron_variant,18946,18946,60,-1.1920928955078125e-07,0.012832263978001834,4.523078441619873,4.528110980987549,-0.005032539367675781
323,variant,6-31576007-G-A,1498,G,A,31576007.0,,8.225050542935586e-07,intron_variant,19028,19028,60,-1.1920928955078125e-07,0.007332722273143905,4.525484561920166,4.528110980987549,-0.0026264190673828125
324,variant,6-31576007-G-T,1498,G,T,31576007.0,,0.0,intron_variant,19101,19101,60,-1.1920928955078125e-07,0.007332722273143905,4.521457195281982,4.528110980987549,-0.006653785705566406
325,variant,6-31576008-T-G,1499,T,G,31576008.0,,0.0,intron_variant,19142,19142,96,0.0022946596145629883,0.00881057268722467,4.529628276824951,4.528110980987549,0.0015172958374023438
326,variant,6-31576009-G-A,1500,G,A,31576009.0,,0.0,intron_variant,19174,19174,96,0.0022946596145629883,0.012334801762114538,4.526159286499023,4.528110980987549,-0.0019516944885253906
327,variant,6-31576009-G-T,1500,G,T,31576009.0,,0.0,intron_variant,19233,19233,96,0.0022946596145629883,0.012334801762114538,4.527470111846924,4.528110980987549,-0.000640869140625
328,variant,6-31576011-A-G,1502,A,G,31576011.0,,0.0,intron_variant,19265,19265,96,0.0022946596145629883,0.015859030837004406,4.527891159057617,4.528110980987549,-0.00021982192993164062
329,variant,6-31576011-A-T,1502,A,T,31576011.0,,0.0,intron_variant,19268,19268,55,0.0021561384201049805,0.014242115971515767,4.528818607330322,4.528110980987549,0.0007076263427734375
330,variant,6-31576012-A-C,1503,A,C,31576012.0,rs889960685,6.575140708011152e-06,intron_variant,19281,19281,55,0.0021561384201049805,0.008138351983723296,4.5234599113464355,4.528110980987549,-0.004651069641113281
331,variant,6-31576013-G-A,1504,G,A,31576013.0,,8.434647507646008e-07,intron_variant,19308,19308,96,0.0022946596145629883,0.014096916299559472,4.5322723388671875,4.528110980987549,0.004161357879638672
332,variant,6-31576013-G-T,1504,G,T,31576013.0,,0.0,intron_variant,19337,19337,60,-1.1920928955078125e-07,0.006416131989000917,4.530319690704346,4.528110980987549,0.002208709716796875
333,variant,6-31576015-T-G,1506,T,G,31576015.0,,0.0,intron_variant,19396,19396,96,0.0022946596145629883,0.010572687224669603,4.523654937744141,4.528110980987549,-0.004456043243408203
334,variant,6-31576015-T-C,1506,T,C,31576015.0,rs1771163037,8.455758625296586e-07,intron_variant,19424,19424,60,-1.1920928955078125e-07,0.011915673693858845,4.5253095626831055,4.528110980987549,-0.0028014183044433594
335,variant,6-31576016-G-A,1507,G,A,31576016.0,,0.0,intron_variant,19429,19429,96,0.0022946596145629883,0.007929515418502203,4.53113317489624,4.528110980987549,0.0030221939086914062
336,variant,6-31576016-G-C,1507,G,C,31576016.0,,0.0,intron_variant,19460,19460,14,0.002293884754180908,0.007583965330444203,4.526185989379883,4.528110980987549,-0.0019249916076660156
337,variant,6-31576016-G-T,1507,G,T,31576016.0,,0.0,intron_variant,19540,19540,8,0.008680582046508789,0.01257861635220126,4.532866477966309,4.528110980987549,0.004755496978759766
338,variant,6-31576017-T-A,1508,T,A,31576017.0,,8.451927969289075e-07,intron_variant,19565,19565,96,0.0022946596145629883,0.004405286343612335,4.524325370788574,4.528110980987549,-0.0037856101989746094
339,variant,6-31576018-G-T,1509,G,T,31576018.0,,0.0,intron_variant,19617,19617,60,-1.1920928955078125e-07,0.013748854262144821,4.531971454620361,4.528110980987549,0.0038604736328125
340,variant,6-31576019-C-A,1510,C,A,31576019.0,,8.597432118974704e-07,intron_variant,19649,19649,60,-1.1920928955078125e-07,0.017415215398716773,4.530993938446045,4.528110980987549,0.0028829574584960938
341,variant,6-31576019-C-T,1510,C,T,31576019.0,rs1251569413,1.5971816588785045e-05,intron_variant,19673,19673,69,0.00382232666015625,0.01738122827346466,4.53124475479126,4.528110980987549,0.0031337738037109375
342,variant,6-31576020-G-A,1511,G,A,31576020.0,rs923759486,1.5134042211870536e-05,intron_variant,19714,19714,60,-1.1920928955078125e-07,0.00916590284142988,4.527108192443848,4.528110980987549,-0.0010027885437011719
343,variant,6-31576020-G-T,1511,G,T,31576020.0,,0.0,intron_variant,19858,19858,60,-1.1920928955078125e-07,0.00916590284142988,4.529329299926758,4.528110980987549,0.0012183189392089844
344,variant,6-31576021-C-A,1512,C,A,31576021.0,,8.611469443922972e-07,intron_variant,19870,19870,60,-1.1920928955078125e-07,0.00916590284142988,4.533481121063232,4.528110980987549,0.005370140075683594
345,variant,6-31576021-C-T,1512,C,T,31576021.0,rs956838114,2.284739463543174e-06,intron_variant,20063,20063,96,0.0022946596145629883,0.009691629955947136,4.534496307373047,4.528110980987549,0.006385326385498047
346,variant,6-31576022-T-G,1513,T,G,31576022.0,rs1359927039,0.0,intron_variant,20089,20089,55,0.0021561384201049805,0.008138351983723296,4.532446384429932,4.528110980987549,0.0043354034423828125
347,variant,6-31576023-G-A,1514,G,A,31576023.0,rs1439630467,1.8707907208780245e-05,intron_variant,20141,20141,96,0.0022946596145629883,0.006167400881057269,4.529509544372559,4.528110980987549,0.0013985633850097656
348,variant,6-31576023-G-T,1514,G,T,31576023.0,,8.843766029325928e-07,intron_variant,20147,20147,60,-1.1920928955078125e-07,0.016498625114573784,4.5366740226745605,4.528110980987549,0.008563041687011719
349,variant,6-31576024-A-T,1515,A,T,31576024.0,rs989501526,0.0001536707016276,intron_variant,20249,20249,60,-1.1920928955078125e-07,0.01008249312557287,4.532817840576172,4.528110980987549,0.004706859588623047
350,variant,6-31576025-T-A,1516,T,A,31576025.0,,0.0,intron_variant,20322,20322,55,0.0021561384201049805,0.01119023397761953,4.528587341308594,4.528110980987549,0.0004763603210449219
351,variant,6-31576025-T-G,1516,T,G,31576025.0,,8.935113207884343e-07,intron_variant,20378,20378,60,-1.1920928955078125e-07,0.011915673693858845,4.522572040557861,4.528110980987549,-0.0055389404296875
352,variant,6-31576026-A-T,1517,A,T,31576026.0,,0.0,intron_variant,20535,20535,96,0.0022946596145629883,0.007929515418502203,4.509422779083252,4.528110980987549,-0.018688201904296875
353,variant,6-31576026-A-G,1517,A,G,31576026.0,,0.0,intron_variant,20540,20540,60,-1.1920928955078125e-07,0.008249312557286892,4.524590969085693,4.528110980987549,-0.0035200119018554688
354,variant,6-31576027-G-A,1518,G,A,31576027.0,,0.0,intron_variant,20556,20556,60,-1.1920928955078125e-07,0.010999083409715858,4.531118869781494,4.528110980987549,0.0030078887939453125
355,variant,6-31576027-G-T,1518,G,T,31576027.0,rs915257713,9.80247129212612e-06,intron_variant,20563,20563,96,0.0022946596145629883,0.007048458149779736,4.5315399169921875,4.528110980987549,0.003428936004638672
356,variant,6-31576028-G-T,1519,G,T,31576028.0,,0.0,intron_variant,20660,20660,55,0.0021561384201049805,0.00508646998982706,4.536845684051514,4.528110980987549,0.008734703063964844
357,variant,6-31576028-G-A,1519,G,A,31576028.0,,0.0,intron_variant,20676,20676,55,0.0021561384201049805,0.00508646998982706,4.535637855529785,4.528110980987549,0.007526874542236328
358,variant,6-31576029-G-T,1520,G,T,31576029.0,,9.240641078715476e-07,intron_variant,20754,20754,96,0.0022946596145629883,0.009691629955947136,4.5322394371032715,4.528110980987549,0.004128456115722656
359,variant,6-31576030-A-C,1521,A,C,31576030.0,,0.0,intron_variant,20770,20770,60,-1.1920928955078125e-07,0.012832263978001834,4.517786979675293,4.528110980987549,-0.01032400131225586
360,variant,6-31576030-A-G,1521,A,G,31576030.0,,0.0,intron_variant,21094,21094,14,0.002293884754180908,0.010834236186348862,4.524887561798096,4.528110980987549,-0.003223419189453125
361,variant,6-31576031-G-A,1522,G,A,31576031.0,rs1771164285,0.0,intron_variant,21104,21104,96,0.0022946596145629883,0.012334801762114538,4.531560897827148,4.528110980987549,0.0034499168395996094
362,variant,6-31576031-G-T,1522,G,T,31576031.0,,0.0,intron_variant,21113,21113,55,0.0021561384201049805,0.012207527975584944,4.538272857666016,4.528110980987549,0.010161876678466797
363,variant,6-31576032-G-A,1523,G,A,31576032.0,,0.0,intron_variant,21128,21128,55,0.0021561384201049805,0.008138351983723296,4.5278096199035645,4.528110980987549,-0.000301361083984375
364,variant,6-31576032-G-T,1523,G,T,31576032.0,,9.26318753693696e-07,intron_variant,21132,21132,96,0.0022946596145629883,0.009691629955947136,4.521825313568115,4.528110980987549,-0.006285667419433594
365,variant,6-31576033-G-A,1524,G,A,31576033.0,rs188671091,0.0003648226294265,intron_variant,21143,21143,60,-1.1920928955078125e-07,0.010999083409715858,4.527845859527588,4.528110980987549,-0.0002651214599609375
366,variant,6-31576033-G-T,1524,G,T,31576033.0,,0.0,intron_variant,21165,21165,60,-1.1920928955078125e-07,0.010999083409715858,4.534038066864014,4.528110980987549,0.005927085876464844
367,variant,6-31576033-G-C,1524,G,C,31576033.0,,9.296030223253462e-07,intron_variant,21257,21257,96,0.0022946596145629883,0.007929515418502203,4.52437686920166,4.528110980987549,-0.003734111785888672
368,variant,6-31576034-A-G,1525,A,G,31576034.0,rs56021158,0.0,intron_variant,21846,21846,55,0.0021561384201049805,0.006103763987792472,4.509946823120117,4.528110980987549,-0.01816415786743164
369,variant,6-31576035-T-A,1526,T,A,31576035.0,,0.0,intron_variant,21859,21859,60,-1.1920928955078125e-07,0.007332722273143905,4.523545265197754,4.528110980987549,-0.004565715789794922
370,variant,6-31576035-T-G,1526,T,G,31576035.0,,1.911811938883196e-06,intron_variant,21999,21999,96,0.0022946596145629883,0.006167400881057269,4.522425174713135,4.528110980987549,-0.0056858062744140625
371,variant,6-31576036-G-T,1527,G,T,31576036.0,,0.0,intron_variant,22121,22121,14,0.002293884754180908,0.013001083423618635,4.519214153289795,4.528110980987549,-0.008896827697753906
372,variant,6-31576036-G-A,1527,G,A,31576036.0,rs1771164738,9.548325987487874e-06,intron_variant,22164,22164,60,-1.1920928955078125e-07,0.012832263978001834,4.51822566986084,4.528110980987549,-0.009885311126708984
373,variant,6-31576037-G-T,1528,G,T,31576037.0,,0.0,intron_variant,22221,22221,60,-1.1920928955078125e-07,0.012832263978001834,4.52432918548584,4.528110980987549,-0.0037817955017089844
374,variant,6-31576037-G-A,1528,G,A,31576037.0,rs2150388809,0.0,intron_variant,22240,22240,55,0.0021561384201049805,0.009155645981688708,4.526207447052002,4.528110980987549,-0.001903533935546875
375,variant,6-31576038-A-G,1529,A,G,31576038.0,,9.763298589008087e-07,intron_variant,22273,22273,60,-1.1920928955078125e-07,0.007332722273143905,4.519996643066406,4.528110980987549,-0.008114337921142578
376,variant,6-31576039-G-T,1530,G,T,31576039.0,,1.948410000019484e-06,intron_variant,22289,22289,60,-1.1920928955078125e-07,0.011915673693858845,4.526129245758057,4.528110980987549,-0.0019817352294921875
377,variant,6-31576039-G-A,1530,G,A,31576039.0,,1.948413796328409e-06,intron_variant,22302,22302,60,-1.1920928955078125e-07,0.011915673693858845,4.525288105010986,4.528110980987549,-0.0028228759765625
378,variant,6-31576041-G-A,1532,G,A,31576041.0,,0.0,intron_variant,22303,22303,55,0.0021561384201049805,0.013224821973550356,4.522651672363281,4.528110980987549,-0.005459308624267578
379,variant,6-31576041-G-C,1532,G,C,31576041.0,,1.009968387989456e-06,intron_variant,22322,22322,96,0.0022946596145629883,0.009691629955947136,4.516822338104248,4.528110980987549,-0.011288642883300781
380,variant,6-31576041-G-T,1532,G,T,31576041.0,,0.0,intron_variant,22388,22388,55,0.0021561384201049805,0.013224821973550356,4.517262935638428,4.528110980987549,-0.010848045349121094
381,variant,6-31576043-A-G,1534,A,G,31576043.0,,0.0,intron_variant,22520,22520,55,0.0021561384201049805,0.01017293997965412,4.518223285675049,4.528110980987549,-0.0098876953125
382,variant,6-31576044-A-G,1535,A,G,31576044.0,,0.0,intron_variant,22574,22574,14,0.002293884754180908,0.014084507042253523,4.529135704040527,4.528110980987549,0.0010247230529785156
383,variant,6-31576046-A-C,1537,A,C,31576046.0,,0.0,intron_variant,22700,22700,96,0.0022946596145629883,0.00881057268722467,4.508939266204834,4.528110980987549,-0.019171714782714844
384,variant,6-31576048-A-T,1539,A,T,31576048.0,rs4645839,0.001770247497994,intron_variant,22735,22735,55,0.0021561384201049805,0.007121057985757883,4.5223307609558105,4.528110980987549,-0.005780220031738281
385,variant,6-31576048-A-C,1539,A,C,31576048.0,,0.0,intron_variant,22805,22805,60,-1.1920928955078125e-07,0.011915673693858845,4.517538547515869,4.528110980987549,-0.010572433471679688
386,variant,6-31576049-C-A,1540,C,A,31576049.0,rs961191700,5.817435521833503e-05,intron_variant,22816,22816,96,0.0022946596145629883,0.009691629955947136,4.512575149536133,4.528110980987549,-0.015535831451416016
387,variant,6-31576049-C-T,1540,C,T,31576049.0,rs961191700,1.6212401533502452e-05,intron_variant,22987,22987,60,-1.1920928955078125e-07,0.01008249312557287,4.525911808013916,4.528110980987549,-0.0021991729736328125
388,variant,6-31576049-C-G,1540,C,G,31576049.0,,1.1149564720993292e-06,intron_variant,23192,23192,55,0.0021561384201049805,0.01119023397761953,4.510152339935303,4.528110980987549,-0.017958641052246094
389,variant,6-31576050-G-A,1541,G,A,31576050.0,rs1800610,0.0841850109873164,intron_variant,23230,23230,60,-1.1920928955078125e-07,0.006416131989000917,4.522757053375244,4.528110980987549,-0.0053539276123046875
390,variant,6-31576050-G-C,1541,G,C,31576050.0,,6.576178451178451e-06,intron_variant,23323,23323,96,0.0022946596145629883,0.004405286343612335,4.520689487457275,4.528110980987549,-0.0074214935302734375
391,variant,6-31576051-T-C,1542,T,C,31576051.0,rs1771165917,6.621288767645735e-06,intron_variant,23337,23337,96,0.0022946596145629883,0.013215859030837005,4.518755912780762,4.528110980987549,-0.00935506820678711
392,variant,6-31576051-T-A,1542,T,A,31576051.0,,0.0,intron_variant,23352,23352,60,-1.1920928955078125e-07,0.008249312557286892,4.521130561828613,4.528110980987549,-0.006980419158935547
393,variant,6-31576051-T-G,1542,T,G,31576051.0,,0.0,intron_variant,23378,23378,60,-1.1920928955078125e-07,0.008249312557286892,4.5223069190979,4.528110980987549,-0.0058040618896484375
394,variant,6-31576052-G-T,1543,G,T,31576052.0,,0.0,intron_variant,23388,23388,14,0.002293884754180908,0.016251354279523293,4.516578674316406,4.528110980987549,-0.011532306671142578
395,variant,6-31576052-G-A,1543,G,A,31576052.0,,0.0,intron_variant,23662,23662,96,0.0022946596145629883,0.006167400881057269,4.518464088439941,4.528110980987549,-0.009646892547607422
396,variant,6-31576053-G-A,1544,G,A,31576053.0,,0.0,intron_variant,23727,23727,60,-1.1920928955078125e-07,0.011915673693858845,4.5198140144348145,4.528110980987549,-0.008296966552734375
397,variant,6-31576053-G-T,1544,G,T,31576053.0,,1.1886818469263065e-06,intron_variant,23750,23750,60,-1.1920928955078125e-07,0.011915673693858845,4.5143914222717285,4.528110980987549,-0.013719558715820312
398,variant,6-31576054-A-G,1545,A,G,31576054.0,,0.0,intron_variant,23780,23780,96,0.0022946596145629883,0.007929515418502203,4.523552894592285,4.528110980987549,-0.004558086395263672
399,variant,6-31576055-G-T,1546,G,T,31576055.0,,0.0,intron_variant,23827,23827,96,0.0022946596145629883,0.01145374449339207,4.533646106719971,4.528110980987549,0.005535125732421875
400,variant,6-31576056-A-G,1547,A,G,31576056.0,,0.0,intron_variant,23839,23839,55,0.0021561384201049805,0.008138351983723296,4.528893947601318,4.528110980987549,0.0007829666137695312
401,variant,6-31576057-A-C,1548,A,C,31576057.0,,0.0,intron_variant,23847,23847,55,0.0021561384201049805,0.01017293997965412,4.523454666137695,4.528110980987549,-0.004656314849853516
402,variant,6-31576057-A-G,1548,A,G,31576057.0,,1.2589004260119042e-06,intron_variant,23908,23908,96,0.0022946596145629883,0.009691629955947136,4.523635387420654,4.528110980987549,-0.004475593566894531
403,variant,6-31576059-G-T,1550,G,T,31576059.0,,0.0,intron_variant,23996,23996,96,0.0022946596145629883,0.009691629955947136,4.527811050415039,4.528110980987549,-0.0002999305725097656
404,variant,6-31576060-A-G,1551,A,G,31576060.0,,0.0,intron_variant,24004,24004,96,0.0022946596145629883,0.00881057268722467,4.520410537719727,4.528110980987549,-0.007700443267822266
405,variant,6-31576060-A-C,1551,A,C,31576060.0,,0.0,intron_variant,24027,24027,60,-1.1920928955078125e-07,0.01008249312557287,4.5268235206604,4.528110980987549,-0.0012874603271484375
406,variant,6-31576061-C-G,1552,C,G,31576061.0,,0.0,intron_variant,24175,24175,96,0.0022946596145629883,0.014096916299559472,4.52454137802124,4.528110980987549,-0.0035696029663085938
407,variant,6-31576061-C-A,1552,C,A,31576061.0,,0.0,intron_variant,24284,24284,55,0.0021561384201049805,0.01119023397761953,4.533039569854736,4.528110980987549,0.0049285888671875
408,variant,6-31576061-C-T,1552,C,T,31576061.0,rs1188121821,4.326036751346063e-05,intron_variant,24290,24290,60,-1.1920928955078125e-07,0.01008249312557287,4.526329517364502,4.528110980987549,-0.001781463623046875
409,variant,6-31576062-G-A,1553,G,A,31576062.0,rs376227512,4.501932536893886e-05,intron_variant,24298,24298,60,-1.1920928955078125e-07,0.013748854262144821,4.531538009643555,4.528110980987549,0.0034270286560058594
410,variant,6-31576062-G-T,1553,G,T,31576062.0,rs376227512,0.0,intron_variant,24547,24547,60,-1.1920928955078125e-07,0.013748854262144821,4.5379638671875,4.528110980987549,0.009852886199951172
411,variant,6-31576063-G-T,1554,G,T,31576063.0,,0.0,intron_variant,24592,24592,60,-1.1920928955078125e-07,0.012832263978001834,4.529485702514648,4.528110980987549,0.0013747215270996094
412,variant,6-31576064-G-A,1555,G,A,31576064.0,rs1771166451,0.0,intron_variant,24648,24648,96,0.0022946596145629883,0.01145374449339207,4.523091793060303,4.528110980987549,-0.005019187927246094
413,variant,6-31576064-G-T,1555,G,T,31576064.0,,0.0,intron_variant,24716,24716,96,0.0022946596145629883,0.01145374449339207,4.51808500289917,4.528110980987549,-0.010025978088378906
414,variant,6-31576065-G-C,1556,G,C,31576065.0,rs897970143,1.1465996440954705e-06,intron_variant,24749,24749,96,0.0022946596145629883,0.01145374449339207,4.524317264556885,4.528110980987549,-0.0037937164306640625
415,variant,6-31576065-G-A,1556,G,A,31576065.0,,0.0,intron_variant,24802,24802,96,0.0022946596145629883,0.01145374449339207,4.531776428222656,4.528110980987549,0.003665447235107422
416,variant,6-31576065-G-T,1556,G,T,31576065.0,,0.0,intron_variant,24935,24935,60,-1.1920928955078125e-07,0.01833180568285976,4.527795314788818,4.528110980987549,-0.00031566619873046875
