locus,variant_id,cluster,mech_diversity,mech_causality,pred,wt_pred,log2fc,offset,ref,alt,pos,target,ag_prediction
HLA-DQB1,chr6_32666466_G_A_hg38,38,0.007123,0.017595307917888565,3.0325000286102295,3.0645413398742676,-0.04622584086420743,865,G,A,32666466.0,-0.437477,0.021450042724609375
HLA-DQB1,chr6_32666541_C_A_hg38,38,0.007123,0.013685239491691103,3.039809226989746,3.0645413398742676,-0.03568089660920518,940,C,A,32666541.0,-0.498968,0.021463871002197266
HLA-DQB1,chr6_32666610_T_C_hg38,31,0.005829,0.010815307820299502,3.061669111251831,3.0645413398742676,-0.004143749989888511,1009,C,T,32666610.0,0.477069,0.03977775573730469
HLA-DQB1,chr6_32666690_C_T_hg38,81,0.010154,0.01689545934530095,3.0641868114471436,3.0645413398742676,-0.0005114764036659929,1089,C,T,32666690.0,-0.798345,-0.03784990310668945
HLA-DQB1,chr6_32666708_C_A_hg38,62,0.019171,0.0372168284789644,3.119252920150757,3.0645413398742676,0.07893212554408947,1107,A,C,32666708.0,0.568145,0.0437312126159668
HLA-DQB1,chr6_32666713_C_T_hg38,31,0.005829,0.006655574043261231,3.0615909099578857,3.0645413398742676,-0.004256570608854514,1112,C,T,32666713.0,-0.467408,0.00924062728881836
HLA-DQB1,chr6_32666729_C_T_hg38,31,0.005829,0.008319467554076539,3.070559501647949,3.0645413398742676,0.00868237214615803,1128,C,T,32666729.0,-0.704208,0.012046337127685547
HLA-DQB1,chr6_32666731_T_C_hg38,81,0.010154,0.13093980992608237,3.0058271884918213,3.0645413398742676,-0.08470661502945914,1130,C,T,32666731.0,0.567804,0.10038280487060547
HLA-DQB1,chr6_32666737_G_A_hg38,43,0.00574,0.0070052539404553416,3.0538856983184814,3.0645413398742676,-0.015372841230023013,1136,A,G,32666737.0,0.574874,-0.016087055206298828
HLA-DQB1,chr6_32666768_C_A_hg38,43,0.00574,0.00788091068301226,3.098787784576416,3.0645413398742676,0.04940717593986767,1167,C,A,32666768.0,-0.704208,-0.11664676666259766
HLA-DQB1,chr6_32666779_G_A_hg38,31,0.005829,0.009983361064891847,3.0728471279144287,3.0645413398742676,0.01198271921621533,1178,G,A,32666779.0,-0.704208,0.14042043685913086
HLA-DQB1,chr6_32666816_G_C_hg38,74,0.0,0.012908777969018933,3.062117576599121,3.0645413398742676,-0.0034967512573426253,1215,G,C,32666816.0,-0.635885,0.07740449905395508
HLA-DQB1,chr6_32666843_C_T_hg38,74,0.0,0.014629948364888123,3.054828405380249,3.0645413398742676,-0.014012802426999923,1242,T,C,32666843.0,0.561274,-0.03816699981689453
HLA-DQB1,chr6_32666857_T_C_hg38,43,0.00574,0.010507880910683012,3.058163642883301,3.0645413398742676,-0.009201071821160263,1256,C,T,32666857.0,0.622916,0.03525352478027344
HLA-DQB1,chr6_32666869_T_C_hg38,38,0.007123,0.012707722385141739,3.0913033485412598,3.0645413398742676,0.03860941718809709,1268,T,C,32666869.0,-0.650401,0.13712310791015625
