locus,cluster,mech_diversity,pred_centered,is_wt,has_variant,category
IRF7,0,0.038001,0.2366660000000005,False,False,Oncogene
IRF7,1,0.027084,-0.2892739999999998,False,False,Oncogene
IRF7,2,0.208421,-0.4810219999999994,False,False,Oncogene
IRF7,3,0.006184,0.11239500000000024,False,False,Oncogene
IRF7,4,0.045613,-0.22225799999999918,False,False,Oncogene
IRF7,5,0.044587,-0.2042609999999998,False,False,Oncogene
IRF7,6,0.023286,0.1045190000000007,False,False,Oncogene
IRF7,7,0.070794,-0.3835539999999993,False,False,Oncogene
IRF7,8,0.034435,-0.26096399999999953,False,False,Oncogene
IRF7,9,0.01296,-0.10690999999999917,False,True,Oncogene
IRF7,10,0.005372,0.006096000000000323,False,True,Oncogene
IRF7,11,0.039788,-0.17435699999999965,False,True,Oncogene
IRF7,12,0.008509,-0.11348199999999942,False,False,Oncogene
IRF7,13,0.011775,0.04450600000000016,False,False,Oncogene
IRF7,14,0.001771,0.010879000000000083,False,True,Oncogene
IRF7,15,0.003053,0.006442000000000725,False,True,Oncogene
IRF7,16,0.010552,-0.07407699999999995,False,False,Oncogene
IRF7,17,0.062811,-0.33391899999999985,False,False,Oncogene
IRF7,18,0.006459,-0.08078499999999966,False,True,Oncogene
IRF7,19,0.073482,0.18598800000000004,False,False,Oncogene
IRF7,20,0.004504,-0.06447099999999928,False,True,Oncogene
IRF7,21,0.239119,-0.7116009999999999,False,False,Oncogene
IRF7,22,0.014305,-0.11527299999999929,False,False,Oncogene
IRF7,23,0.009326,0.07261900000000043,False,True,Oncogene
IRF7,24,0.010059,-0.0678049999999999,False,True,Oncogene
IRF7,25,0.005446,0.09785400000000077,False,False,Oncogene
IRF7,26,0.036707,0.13427000000000078,False,False,Oncogene
IRF7,27,0.00283,0.0004170000000005558,False,True,Oncogene
IRF7,28,0.023399,-0.23645399999999928,False,False,Oncogene
IRF7,29,0.076615,0.11719900000000028,False,False,Oncogene
IRF7,30,0.241296,-0.15771899999999928,False,False,Oncogene
IRF7,31,0.07948,-0.19173499999999954,False,False,Oncogene
IRF7,32,0.047506,0.08235100000000006,False,True,Oncogene
IRF7,33,0.016448,0.07695200000000035,False,False,Oncogene
IRF7,34,0.006595,-0.0578599999999998,False,False,Oncogene
IRF7,35,0.026915,0.10580900000000071,False,False,Oncogene
IRF7,36,0.227212,-0.5712459999999995,False,False,Oncogene
IRF7,37,0.082766,-0.4604879999999998,False,False,Oncogene
IRF7,38,0.054558,0.06473400000000051,False,False,Oncogene
IRF7,39,0.063691,-0.24928799999999995,False,False,Oncogene
IRF7,40,0.004463,-0.06700799999999951,False,True,Oncogene
IRF7,41,0.02548,0.0459890000000005,False,False,Oncogene
IRF7,42,0.009417,0.10083300000000062,False,False,Oncogene
IRF7,43,0.074551,-0.4175779999999998,False,False,Oncogene
IRF7,44,0.254841,-0.5644599999999995,False,False,Oncogene
IRF7,45,0.032323,-0.19608699999999946,False,False,Oncogene
IRF7,46,0.240812,-0.07375499999999935,False,False,Oncogene
IRF7,47,0.173831,-0.802422,False,False,Oncogene
IRF7,48,0.002159,0.007194000000000145,False,True,Oncogene
IRF7,49,0.206397,-0.48807199999999984,False,False,Oncogene
IRF7,50,0.032606,0.06744400000000006,False,True,Oncogene
IRF7,51,0.038776,-0.3140539999999996,False,False,Oncogene
IRF7,52,0.041777,0.14192400000000038,False,True,Oncogene
IRF7,53,0.201376,-0.3989159999999998,False,False,Oncogene
IRF7,54,0.041782,-0.18783499999999975,False,False,Oncogene
IRF7,55,0.081011,-0.3151869999999999,False,False,Oncogene
IRF7,56,0.059626,0.13894200000000012,False,False,Oncogene
IRF7,57,0.029079,0.07391100000000073,False,False,Oncogene
IRF7,58,0.005226,-0.1046579999999997,False,False,Oncogene
IRF7,59,0.019189,0.06734000000000062,False,True,Oncogene
IRF7,60,0.001533,0.004036000000000151,False,True,Oncogene
IRF7,61,0.064017,-0.31291399999999925,False,False,Oncogene
IRF7,62,0.036906,0.004492000000000829,False,False,Oncogene
IRF7,63,0.011733,-0.09144299999999994,False,False,Oncogene
IRF7,64,0.043195,-0.35306199999999954,False,False,Oncogene
IRF7,65,0.016723,-0.1054239999999993,False,False,Oncogene
IRF7,66,0.019398,0.050186000000000064,False,False,Oncogene
IRF7,67,0.041055,0.18757100000000015,False,True,Oncogene
IRF7,68,0.031665,-0.17081400000000002,False,False,Oncogene
IRF7,69,0.013691,-0.09176199999999923,False,True,Oncogene
IRF7,70,0.004176,0.0666500000000001,False,True,Oncogene
IRF7,71,0.028654,0.1383290000000006,False,False,Oncogene
IRF7,72,0.214469,-0.55626,False,False,Oncogene
IRF7,73,0.037392,-0.2984649999999993,False,False,Oncogene
IRF7,74,0.029913,-0.22427999999999937,False,False,Oncogene
IRF7,75,0.063055,-0.3799979999999996,False,False,Oncogene
IRF7,76,0.001734,0.007004000000000232,False,True,Oncogene
IRF7,77,0.041053,-0.32765799999999956,False,False,Oncogene
IRF7,78,0.002429,0.008659000000000638,False,True,Oncogene
IRF7,79,0.015325,-0.09613499999999942,False,False,Oncogene
IRF7,80,0.037912,-0.26487399999999983,False,False,Oncogene
IRF7,81,0.025517,-0.1599629999999994,False,False,Oncogene
IRF7,82,0.00851,0.09172700000000056,False,True,Oncogene
IRF7,83,0.006661,-0.030502999999999503,False,False,Oncogene
IRF7,84,0.073175,-0.46379699999999957,False,False,Oncogene
IRF7,85,0.034577,-0.20035699999999945,False,False,Oncogene
IRF7,86,0.095666,0.1831940000000003,False,False,Oncogene
IRF7,87,0.068077,-0.2444689999999996,False,False,Oncogene
IRF7,88,0.015786,0.12028600000000012,False,False,Oncogene
IRF7,89,0.008183,-0.06325299999999956,False,True,Oncogene
IRF7,90,0.029368,0.11490800000000068,False,False,Oncogene
IRF7,91,0.056601,-0.36520499999999956,False,False,Oncogene
IRF7,92,0.033787,-0.05644999999999989,False,False,Oncogene
IRF7,93,0.002287,-0.04207899999999931,False,True,Oncogene
IRF7,94,0.004327,-0.04613499999999959,False,True,Oncogene
IRF7,95,0.185183,-0.40438999999999936,False,False,Oncogene
IRF7,96,0.028295,-0.17196999999999996,False,False,Oncogene
IRF7,97,0.049874,-0.22289599999999954,False,False,Oncogene
IRF7,98,0.026863,0.06315400000000082,False,True,Oncogene
IRF7,99,0.0,0.0,True,True,Oncogene
PIK3R3,0,0.042161,-0.222734,False,False,Oncogene
PIK3R3,1,0.008825,-0.1017159999999997,False,True,Oncogene
PIK3R3,2,0.161537,-0.4445009999999998,False,False,Oncogene
PIK3R3,3,0.008602,-0.060850999999999544,False,False,Oncogene
PIK3R3,4,0.021128,-0.05371300000000012,False,True,Oncogene
PIK3R3,5,0.005554,-0.03910899999999984,False,True,Oncogene
PIK3R3,6,0.039776,0.0863170000000002,False,True,Oncogene
PIK3R3,7,0.046129,0.09622200000000003,False,False,Oncogene
PIK3R3,8,0.065059,-0.23059199999999969,False,True,Oncogene
PIK3R3,9,0.011294,0.0792780000000004,False,True,Oncogene
PIK3R3,10,0.106711,0.2750199999999996,False,True,Oncogene
PIK3R3,11,0.010304,-0.09931100000000015,False,True,Oncogene
PIK3R3,12,0.0024,0.009381000000000306,False,True,Oncogene
PIK3R3,13,0.059796,-0.06418500000000016,False,False,Oncogene
PIK3R3,14,0.051291,0.10779899999999998,False,True,Oncogene
PIK3R3,15,0.007782,0.08403999999999989,False,True,Oncogene
PIK3R3,16,0.192868,0.41630699999999976,False,False,Oncogene
PIK3R3,17,0.007629,-0.08816299999999977,False,True,Oncogene
PIK3R3,18,0.134136,0.14935900000000046,False,True,Oncogene
PIK3R3,19,0.183342,0.4460879999999996,False,True,Oncogene
PIK3R3,20,0.016555,-0.12797500000000017,False,True,Oncogene
PIK3R3,21,0.017769,-0.0894579999999996,False,True,Oncogene
PIK3R3,22,0.034846,0.06491500000000006,False,False,Oncogene
PIK3R3,23,0.077705,0.15038700000000027,False,True,Oncogene
PIK3R3,24,0.072356,0.1655660000000001,False,False,Oncogene
PIK3R3,25,0.061952,0.1394409999999997,False,False,Oncogene
PIK3R3,26,0.006649,-0.05552099999999971,False,False,Oncogene
PIK3R3,27,0.035505,0.13875599999999988,False,True,Oncogene
PIK3R3,28,0.007733,-0.08359899999999953,False,True,Oncogene
PIK3R3,29,0.015598,0.07602400000000031,False,True,Oncogene
PIK3R3,30,0.004245,-0.06189999999999962,False,True,Oncogene
PIK3R3,31,0.087383,0.1108450000000003,False,False,Oncogene
PIK3R3,32,0.336085,0.09305900000000022,False,False,Oncogene
PIK3R3,33,0.098889,0.2557210000000003,False,False,Oncogene
PIK3R3,34,0.008054,0.06775500000000001,False,True,Oncogene
PIK3R3,35,0.040703,0.1589210000000003,False,False,Oncogene
PIK3R3,36,0.023192,-0.15167799999999954,False,False,Oncogene
PIK3R3,37,0.043047,0.13049700000000009,False,False,Oncogene
PIK3R3,38,0.042431,-0.23889400000000016,False,False,Oncogene
PIK3R3,39,0.087276,0.30391499999999994,False,False,Oncogene
PIK3R3,40,0.031948,0.12179699999999993,False,False,Oncogene
PIK3R3,41,0.035419,0.08190600000000003,False,False,Oncogene
PIK3R3,42,0.00206,-0.015715000000000146,False,True,Oncogene
PIK3R3,43,0.082726,0.17398000000000025,False,False,Oncogene
PIK3R3,44,0.074186,0.179265,False,False,Oncogene
PIK3R3,45,0.077394,0.19075299999999995,False,True,Oncogene
PIK3R3,46,0.023812,0.06471499999999963,False,True,Oncogene
PIK3R3,47,0.020471,-0.09104199999999985,False,True,Oncogene
PIK3R3,48,0.049953,0.11024000000000012,False,False,Oncogene
PIK3R3,49,0.257938,0.34641199999999994,False,False,Oncogene
PIK3R3,50,0.020562,0.1564160000000001,False,True,Oncogene
PIK3R3,51,0.102776,0.18596900000000005,False,False,Oncogene
PIK3R3,52,0.026579,0.09362600000000043,False,False,Oncogene
PIK3R3,53,0.113765,0.16969800000000035,False,True,Oncogene
PIK3R3,54,0.041702,0.15234799999999993,False,False,Oncogene
PIK3R3,55,0.065501,0.1263449999999997,False,False,Oncogene
PIK3R3,56,0.01849,0.09088899999999978,False,True,Oncogene
PIK3R3,57,0.27844,-0.15207000000000015,False,False,Oncogene
PIK3R3,58,0.04124,-0.220904,False,False,Oncogene
PIK3R3,59,0.045637,-0.2748489999999997,False,False,Oncogene
PIK3R3,60,0.024055,0.057157000000000124,False,False,Oncogene
PIK3R3,61,0.142588,0.2354560000000001,False,True,Oncogene
PIK3R3,62,0.009903,-0.09738799999999959,False,True,Oncogene
PIK3R3,63,0.018191,-0.12684799999999985,False,True,Oncogene
PIK3R3,64,0.042043,0.15949300000000033,False,False,Oncogene
PIK3R3,65,0.015099,-0.11667299999999958,False,True,Oncogene
PIK3R3,66,0.041488,-0.21022599999999958,False,False,Oncogene
PIK3R3,67,0.019297,-0.11709100000000028,False,False,Oncogene
PIK3R3,68,0.154872,-0.32298399999999994,False,True,Oncogene
PIK3R3,69,0.045439,0.11766200000000016,False,False,Oncogene
PIK3R3,70,0.031959,0.0817009999999998,False,True,Oncogene
PIK3R3,71,0.066507,0.23306800000000027,False,False,Oncogene
PIK3R3,72,0.148771,-0.39853899999999953,False,False,Oncogene
PIK3R3,73,0.015295,0.0565629999999997,False,False,Oncogene
PIK3R3,74,0.012617,-0.10254099999999955,False,True,Oncogene
PIK3R3,75,0.041898,0.13186500000000034,False,True,Oncogene
PIK3R3,76,0.010574,-0.054685000000000095,False,False,Oncogene
PIK3R3,77,0.037797,-0.13993500000000036,False,True,Oncogene
PIK3R3,78,0.028693,0.07613000000000003,False,True,Oncogene
PIK3R3,79,0.057688,0.13523200000000024,False,True,Oncogene
PIK3R3,80,0.045172,0.1247619999999996,False,True,Oncogene
PIK3R3,81,0.01721,-0.07638099999999959,False,True,Oncogene
PIK3R3,82,0.034645,0.11992899999999995,False,False,Oncogene
PIK3R3,83,0.082331,0.06908799999999982,False,False,Oncogene
PIK3R3,84,0.01502,0.09086800000000039,False,False,Oncogene
PIK3R3,85,0.001632,0.012004000000000126,False,True,Oncogene
PIK3R3,86,0.015453,0.05308099999999971,False,True,Oncogene
PIK3R3,87,0.057587,0.0815330000000003,False,True,Oncogene
PIK3R3,88,0.099029,0.16613599999999984,False,False,Oncogene
PIK3R3,89,0.010298,-0.06775500000000001,False,True,Oncogene
PIK3R3,90,0.078067,0.22061300000000017,False,True,Oncogene
PIK3R3,91,0.055735,0.0697479999999997,False,True,Oncogene
PIK3R3,92,0.051934,-0.2314040000000004,False,False,Oncogene
PIK3R3,93,-0.0,0.0,True,True,Oncogene
PIK3R3,94,0.15796,-0.37939599999999984,False,False,Oncogene
PIK3R3,95,0.326734,0.6224720000000001,False,False,Oncogene
PIK3R3,96,0.016578,-0.1596700000000002,False,False,Oncogene
PIK3R3,97,0.005964,0.04450299999999974,False,True,Oncogene
PIK3R3,98,0.030645,-0.11777899999999963,False,True,Oncogene
PIK3R3,99,0.022772,0.07736300000000007,False,True,Oncogene
HLA-B,0,0.000649,0.0003489999999999327,False,True,HLA
HLA-B,1,0.019119,-0.09628200000000042,False,False,HLA
HLA-B,2,0.165431,-0.5055290000000001,False,True,HLA
HLA-B,3,0.060413,0.049421999999999855,False,False,HLA
HLA-B,4,0.012402,-0.14903500000000047,False,True,HLA
HLA-B,5,0.034323,0.13430799999999987,False,True,HLA
HLA-B,6,0.007501,0.1408819999999995,False,True,HLA
HLA-B,7,0.001333,-0.02938500000000044,False,True,HLA
HLA-B,8,0.099791,-0.266273,False,False,HLA
HLA-B,9,0.002989,-0.0012710000000000221,False,True,HLA
HLA-B,10,0.042045,0.07412799999999997,False,False,HLA
HLA-B,11,0.006459,-0.12173299999999987,False,True,HLA
HLA-B,12,0.111314,-0.7231870000000002,False,False,HLA
HLA-B,13,0.017731,0.19322099999999942,False,True,HLA
HLA-B,14,0.006153,0.18699499999999958,False,True,HLA
HLA-B,15,0.001799,7.49999999998252e-05,False,True,HLA
HLA-B,16,0.09582,-0.5986970000000005,False,False,HLA
HLA-B,17,0.004654,-0.0009269999999999001,False,True,HLA
HLA-B,18,0.053724,-0.5303520000000006,False,False,HLA
HLA-B,19,0.227749,-0.8313090000000001,False,False,HLA
HLA-B,20,0.069833,0.370571,False,False,HLA
HLA-B,21,0.253843,-0.0327920000000006,False,False,HLA
HLA-B,22,0.015586,0.22954099999999933,False,True,HLA
HLA-B,23,0.050947,-0.3120960000000004,False,True,HLA
HLA-B,24,0.032598,0.14691799999999944,False,False,HLA
HLA-B,25,0.17381,-0.5817820000000005,False,True,HLA
HLA-B,26,0.046796,-0.3932340000000005,False,True,HLA
HLA-B,27,0.048756,-0.16219300000000025,False,True,HLA
HLA-B,28,0.004214,-0.08057500000000051,False,False,HLA
HLA-B,29,0.001366,-0.008776000000000117,False,True,HLA
HLA-B,30,0.0,0.0,True,True,HLA
HLA-B,31,0.003363,0.07438199999999995,False,True,HLA
HLA-B,32,0.219727,-0.8488860000000003,False,False,HLA
HLA-B,33,0.118406,-0.3408990000000003,False,True,HLA
HLA-B,34,0.016007,-0.17728199999999994,False,True,HLA
HLA-B,35,0.001504,-0.00757299999999983,False,True,HLA
HLA-B,36,0.018299,-0.22977800000000048,False,True,HLA
HLA-B,37,0.001613,-0.008621000000000656,False,True,HLA
HLA-B,38,0.022304,0.05613199999999985,False,False,HLA
HLA-B,39,0.036936,-0.23583200000000026,False,True,HLA
HLA-B,40,0.009096,0.20872599999999952,False,True,HLA
HLA-B,41,0.044713,-0.3557839999999999,False,True,HLA
HLA-B,42,0.003902,0.08984300000000012,False,True,HLA
HLA-B,43,0.014635,0.26245599999999936,False,True,HLA
HLA-B,44,0.028096,-0.3216809999999999,False,True,HLA
HLA-B,45,0.01826,-0.1460240000000006,False,True,HLA
HLA-B,46,0.010334,-0.24800500000000003,False,True,HLA
HLA-B,47,0.003524,-0.014215000000000089,False,True,HLA
HLA-B,48,0.003748,-0.05496000000000034,False,False,HLA
HLA-B,49,0.124705,-0.6986020000000002,False,False,HLA
HLA-B,50,0.014154,0.1624819999999998,False,True,HLA
HLA-B,51,0.073976,-0.35815200000000047,False,True,HLA
HLA-B,52,0.075561,-0.43926900000000035,False,True,HLA
HLA-B,53,0.047871,-0.46085699999999985,False,False,HLA
HLA-B,54,0.007499,-0.11785699999999988,False,True,HLA
HLA-B,55,0.028769,0.3260689999999995,False,True,HLA
HLA-B,56,0.122096,-0.4721080000000004,False,True,HLA
HLA-B,57,0.256527,-0.6966220000000005,False,True,HLA
HLA-B,58,0.023422,0.2943699999999998,False,True,HLA
HLA-B,59,0.05963,-0.3304520000000002,False,True,HLA
HLA-B,60,0.020579,0.16600699999999957,False,False,HLA
HLA-B,61,0.134163,-0.7156190000000002,False,False,HLA
HLA-B,62,0.011495,0.18288800000000016,False,True,HLA
HLA-B,63,0.069219,-0.09235600000000055,False,False,HLA
HLA-B,64,0.008159,0.13831900000000008,False,True,HLA
HLA-B,65,0.002993,-0.0037120000000001596,False,True,HLA
HLA-B,66,0.022752,0.04453999999999958,False,True,HLA
HLA-B,67,0.098103,0.5141289999999996,False,False,HLA
HLA-B,68,0.001279,-0.0040599999999999525,False,True,HLA
HLA-B,69,0.030416,0.19494599999999984,False,True,HLA
HLA-B,70,0.341442,-0.9434659999999999,False,False,HLA
HLA-B,71,0.02372,-0.1973950000000002,False,True,HLA
HLA-B,72,0.090665,-0.012331000000000536,False,False,HLA
HLA-B,73,0.020747,-0.2335730000000007,False,False,HLA
HLA-B,74,0.005904,-0.13852000000000064,False,True,HLA
HLA-B,75,0.006706,-0.0876670000000006,False,False,HLA
HLA-B,76,0.023216,0.28255799999999986,False,True,HLA
HLA-B,77,0.031813,-0.048977999999999966,False,True,HLA
HLA-B,78,0.187851,-0.7021620000000004,False,True,HLA
HLA-B,79,0.003825,-0.10863500000000048,False,True,HLA
HLA-B,80,0.005395,0.14312599999999964,False,True,HLA
HLA-B,81,0.00224,-0.009216000000000335,False,True,HLA
HLA-B,82,0.098839,0.5424639999999998,False,True,HLA
HLA-B,83,0.085521,-0.43256400000000017,False,True,HLA
HLA-B,84,0.149131,-0.5367640000000007,False,True,HLA
HLA-B,85,0.00571,-0.12621700000000047,False,True,HLA
HLA-B,86,0.015708,-0.24971299999999985,False,True,HLA
HLA-B,87,0.002379,0.010111999999999455,False,True,HLA
HLA-B,88,0.050071,-0.2763730000000004,False,True,HLA
HLA-B,89,0.027567,-0.20370500000000025,False,True,HLA
HLA-B,90,0.042455,0.3635419999999998,False,True,HLA
HLA-B,91,0.056855,-0.0853900000000003,False,False,HLA
HLA-B,92,0.082138,-0.5583350000000005,False,False,HLA
HLA-B,93,0.005074,-0.09343600000000052,False,False,HLA
HLA-B,94,0.026922,-0.34022800000000064,False,True,HLA
HLA-B,95,0.282647,-1.1714390000000003,False,False,HLA
HLA-B,96,0.00453,0.13001299999999993,False,True,HLA
HLA-B,97,0.050408,-0.33140700000000045,False,True,HLA
HLA-B,98,0.102803,-0.39092200000000066,False,True,HLA
HLA-B,99,0.026724,0.12895399999999935,False,False,HLA
HLA-C,0,0.005483,-0.03513300000000008,False,False,HLA
HLA-C,1,0.306584,-0.652005,False,True,HLA
HLA-C,2,0.007958,-0.16351400000000016,False,True,HLA
HLA-C,3,0.043091,0.25166299999999975,False,True,HLA
HLA-C,4,0.009404,-0.04196500000000025,False,True,HLA
HLA-C,5,0.004842,-0.1273249999999999,False,False,HLA
HLA-C,6,0.053081,0.009615000000000151,False,False,HLA
HLA-C,7,0.076806,0.5250409999999999,False,False,HLA
HLA-C,8,0.406343,-0.7952950000000003,False,True,HLA
HLA-C,9,0.002383,-0.01345099999999988,False,True,HLA
HLA-C,10,0.024994,-0.2948120000000003,False,False,HLA
HLA-C,11,0.003098,-0.05039000000000016,False,True,HLA
HLA-C,12,0.035631,-0.23517999999999972,False,False,HLA
HLA-C,13,0.082792,0.3821110000000001,False,False,HLA
HLA-C,14,0.02563,-0.2927179999999998,False,True,HLA
HLA-C,15,0.003843,-0.02194699999999994,False,False,HLA
HLA-C,16,0.029925,0.2190089999999998,False,True,HLA
HLA-C,17,0.025009,-0.1515329999999997,False,False,HLA
HLA-C,18,0.005119,0.0702670000000003,False,False,HLA
HLA-C,19,0.002837,0.00341400000000025,False,True,HLA
HLA-C,20,0.001653,0.005053000000000196,False,True,HLA
HLA-C,21,0.001828,0.0037010000000003984,False,True,HLA
HLA-C,22,0.178381,-0.6146060000000002,False,True,HLA
HLA-C,23,0.003558,-0.081874,False,True,HLA
HLA-C,24,0.016532,-0.18432699999999969,False,False,HLA
HLA-C,25,0.085102,0.39768000000000026,False,True,HLA
HLA-C,26,0.04326,-0.38291399999999953,False,False,HLA
HLA-C,27,0.015981,-0.1816690000000003,False,True,HLA
HLA-C,28,0.006168,-0.17766500000000018,False,False,HLA
HLA-C,29,0.027301,-0.33901999999999965,False,False,HLA
HLA-C,30,0.00563,0.08762700000000034,False,True,HLA
HLA-C,31,0.005712,-0.002468000000000359,False,True,HLA
HLA-C,32,0.00674,0.1439560000000002,False,False,HLA
HLA-C,33,0.261303,-0.8564229999999995,False,False,HLA
HLA-C,34,0.030245,0.03276099999999982,False,False,HLA
HLA-C,35,0.043771,-0.297682,False,False,HLA
HLA-C,36,0.034225,-0.1561849999999998,False,False,HLA
HLA-C,37,0.015507,0.16961899999999996,False,False,HLA
HLA-C,38,0.341611,-0.2565609999999996,False,False,HLA
HLA-C,39,0.006999,-0.08024699999999996,False,False,HLA
HLA-C,40,0.030625,0.24901000000000018,False,False,HLA
HLA-C,41,0.014796,0.22992900000000027,False,False,HLA
HLA-C,42,0.015135,0.02754000000000012,False,False,HLA
HLA-C,43,0.035892,0.011820000000000164,False,False,HLA
HLA-C,44,0.014223,0.17420100000000005,False,False,HLA
HLA-C,45,0.002141,0.004330000000000389,False,True,HLA
HLA-C,46,0.011634,-0.15449499999999983,False,True,HLA
HLA-C,47,0.002758,0.007958000000000354,False,True,HLA
HLA-C,48,0.023823,0.09545000000000048,False,False,HLA
HLA-C,49,0.071612,-0.30341099999999965,False,False,HLA
HLA-C,50,0.022947,0.10689700000000002,False,False,HLA
HLA-C,51,0.00289,-0.005063999999999957,False,True,HLA
HLA-C,52,0.013662,0.07436099999999968,False,False,HLA
HLA-C,53,0.001404,0.005281000000000091,False,True,HLA
HLA-C,54,0.003815,-0.08457500000000007,False,True,HLA
HLA-C,55,0.001937,-0.0010449999999995185,False,True,HLA
HLA-C,56,0.311616,-0.29197399999999973,False,False,HLA
HLA-C,57,0.011469,0.11347400000000007,False,False,HLA
HLA-C,58,0.004662,0.1223099999999997,False,True,HLA
HLA-C,59,0.015262,-0.07541900000000012,False,False,HLA
HLA-C,60,0.005651,0.1313089999999999,False,False,HLA
HLA-C,61,0.002602,-0.004926000000000208,False,True,HLA
HLA-C,62,0.007277,0.057197000000000386,False,False,HLA
HLA-C,63,0.014946,0.12894300000000047,False,False,HLA
HLA-C,64,0.004761,0.06676700000000046,False,True,HLA
HLA-C,65,0.021676,-0.2110120000000002,False,False,HLA
HLA-C,66,0.002574,-0.000752000000000308,False,True,HLA
HLA-C,67,0.083827,-0.4657499999999999,False,True,HLA
HLA-C,68,0.439409,-0.24983299999999975,False,False,HLA
HLA-C,69,0.18514,-0.49592100000000006,False,False,HLA
HLA-C,70,0.243758,-0.6660009999999996,False,False,HLA
HLA-C,71,0.088498,0.326581,False,True,HLA
HLA-C,72,0.007269,-0.19391599999999976,False,True,HLA
HLA-C,73,0.030972,0.276103,False,False,HLA
HLA-C,74,0.01361,0.24055599999999977,False,False,HLA
HLA-C,75,0.007523,-0.12886600000000037,False,False,HLA
HLA-C,76,0.030515,-0.16261100000000006,False,False,HLA
HLA-C,77,0.223588,-0.6402380000000001,False,False,HLA
HLA-C,78,0.038929,-0.4088389999999995,False,False,HLA
HLA-C,79,0.00175,7.000000000090267e-06,False,True,HLA
HLA-C,80,0.015245,0.20890200000000014,False,False,HLA
HLA-C,81,0.102974,0.2426269999999997,False,False,HLA
HLA-C,82,0.010051,0.14798699999999965,False,True,HLA
HLA-C,83,0.08273,0.3376739999999998,False,False,HLA
HLA-C,84,0.153212,-0.538513,False,False,HLA
HLA-C,85,0.015115,-0.09457100000000018,False,False,HLA
HLA-C,86,0.10742,-0.4869690000000002,False,False,HLA
HLA-C,87,0.036006,0.23139800000000044,False,False,HLA
HLA-C,88,0.007284,0.08736700000000042,False,False,HLA
HLA-C,89,0.025094,0.2107859999999997,False,False,HLA
HLA-C,90,0.019079,0.15379900000000024,False,True,HLA
HLA-C,91,0.007069,0.12630699999999973,False,False,HLA
HLA-C,92,0.051463,0.17244700000000002,False,False,HLA
HLA-C,93,0.01053,-0.04763499999999965,False,False,HLA
HLA-C,94,0.075541,0.32170699999999997,False,True,HLA
HLA-C,95,0.006759,0.11008399999999963,False,True,HLA
HLA-C,96,0.006689,-0.14592399999999994,False,False,HLA
HLA-C,97,0.0,0.0,True,True,HLA
HLA-C,98,0.095126,-0.4693290000000001,False,False,HLA
HLA-C,99,0.020765,0.19735800000000037,False,False,HLA
TNF,0,0.013027,-0.13518200000000036,False,False,HLA
TNF,1,0.080392,0.08553999999999995,False,False,HLA
TNF,2,0.179284,-0.12466500000000025,False,False,HLA
TNF,3,0.053124,-0.32400000000000073,False,False,HLA
TNF,4,0.019308,0.05551700000000004,False,False,HLA
TNF,5,0.007887,0.07277799999999957,False,True,HLA
TNF,6,0.045394,0.07924299999999995,False,False,HLA
TNF,7,0.040971,-0.26203600000000016,False,False,HLA
TNF,8,0.008681,-0.10796100000000042,False,True,HLA
TNF,9,0.013656,0.127243,False,True,HLA
TNF,10,0.061277,-0.4451850000000004,False,False,HLA
TNF,11,0.149706,-0.0702430000000005,False,False,HLA
TNF,12,0.098108,-0.29973900000000064,False,False,HLA
TNF,13,0.039228,-0.35247399999999995,False,False,HLA
TNF,14,0.002294,-0.05756500000000031,False,True,HLA
TNF,15,0.14385,0.3449789999999995,False,False,HLA
TNF,16,0.056245,-0.46390000000000065,False,False,HLA
TNF,17,0.03183,-0.31501,False,False,HLA
TNF,18,0.120557,0.3453159999999995,False,False,HLA
TNF,19,0.025156,-0.11470400000000058,False,False,HLA
TNF,20,0.050684,0.1848219999999996,False,True,HLA
TNF,21,0.013083,0.10867000000000004,False,False,HLA
TNF,22,0.038761,-0.24423700000000004,False,False,HLA
TNF,23,0.201138,0.42020199999999974,False,False,HLA
TNF,24,0.007154,0.0661480000000001,False,False,HLA
TNF,25,0.026683,-0.13873300000000022,False,True,HLA
TNF,26,0.06308,-0.2020590000000002,False,False,HLA
TNF,27,0.027723,-0.21023200000000042,False,False,HLA
TNF,28,0.12443,-0.5719400000000006,False,False,HLA
TNF,29,0.109094,0.23478900000000014,False,False,HLA
TNF,30,0.015432,0.1331389999999999,False,False,HLA
TNF,31,0.036433,-0.1605129999999999,False,True,HLA
TNF,32,0.025177,-0.1657890000000002,False,False,HLA
TNF,33,0.013618,0.1491939999999996,False,False,HLA
TNF,34,0.214048,0.43509499999999957,False,True,HLA
TNF,35,0.054462,0.3425729999999998,False,False,HLA
TNF,36,0.00597,-0.08487299999999998,False,True,HLA
TNF,37,0.012697,-0.12529700000000066,False,False,HLA
TNF,38,0.004481,0.05613199999999985,False,True,HLA
TNF,39,0.006372,-0.11527700000000074,False,True,HLA
TNF,40,0.016705,-0.144069,False,False,HLA
TNF,41,0.058875,0.2271219999999996,False,False,HLA
TNF,42,0.068613,0.018510000000000026,False,False,HLA
TNF,43,0.009221,0.07667199999999941,False,False,HLA
TNF,44,0.093981,0.19656499999999966,False,False,HLA
TNF,45,0.073507,0.08048999999999928,False,False,HLA
TNF,46,0.086349,-0.5015540000000005,False,False,HLA
TNF,47,0.022443,0.0648439999999999,False,False,HLA
TNF,48,0.077563,0.08319199999999949,False,False,HLA
TNF,49,0.068458,-0.408957,False,False,HLA
TNF,50,0.056136,-0.43725900000000006,False,False,HLA
TNF,51,0.011082,-0.12000300000000053,False,False,HLA
TNF,52,0.036595,-0.279852,False,False,HLA
TNF,53,0.009465,-0.09439000000000064,False,False,HLA
TNF,54,0.151068,-0.6012670000000004,False,False,HLA
TNF,55,0.002156,0.01081999999999983,False,True,HLA
TNF,56,0.014364,-0.05951899999999988,False,False,HLA
TNF,57,0.075912,0.1043579999999995,False,False,HLA
TNF,58,0.125852,0.34877799999999937,False,False,HLA
TNF,59,0.052247,0.1363449999999995,False,False,HLA
TNF,60,-0.0,0.0,True,True,HLA
TNF,61,0.01501,-0.13173000000000012,False,True,HLA
TNF,62,0.058915,-0.29471300000000067,False,False,HLA
TNF,63,0.035372,0.016422999999999632,False,False,HLA
TNF,64,0.033259,-0.305523,False,False,HLA
TNF,65,0.092528,0.08877500000000005,False,False,HLA
TNF,66,0.027637,0.0906039999999999,False,True,HLA
TNF,67,0.033082,-0.2341450000000007,False,False,HLA
TNF,68,0.135805,-0.42893700000000035,False,False,HLA
TNF,69,0.003822,-0.06433700000000009,False,True,HLA
TNF,70,0.015513,0.1316189999999997,False,False,HLA
TNF,71,0.047033,-0.24423700000000004,False,False,HLA
TNF,72,0.040622,0.12321500000000007,False,False,HLA
TNF,73,0.158319,-0.5794620000000004,False,False,HLA
TNF,74,0.045691,0.13646199999999986,False,False,HLA
TNF,75,0.016882,-0.13388299999999997,False,True,HLA
TNF,76,0.029609,-0.2761950000000004,False,False,HLA
TNF,77,0.029654,0.22698399999999985,False,False,HLA
TNF,78,0.054495,-0.44006100000000004,False,False,HLA
TNF,79,0.099355,0.3606979999999993,False,False,HLA
TNF,80,0.063358,0.16798099999999927,False,False,HLA
TNF,81,0.062712,0.13927299999999931,False,False,HLA
TNF,82,0.087542,0.07532199999999989,False,False,HLA
TNF,83,0.052086,0.12647399999999998,False,False,HLA
TNF,84,0.020848,0.08314099999999947,False,False,HLA
TNF,85,0.030844,-0.34069400000000005,False,False,HLA
TNF,86,0.093856,0.21205300000000005,False,True,HLA
TNF,87,0.058941,-0.2736200000000002,False,False,HLA
TNF,88,0.00799,-0.15952300000000008,False,False,HLA
TNF,89,0.073198,0.2701909999999996,False,False,HLA
TNF,90,0.059251,0.2159449999999996,False,False,HLA
TNF,91,0.034119,0.1460619999999997,False,False,HLA
TNF,92,0.096731,0.29360699999999973,False,False,HLA
TNF,93,0.05656,0.07203800000000005,False,False,HLA
TNF,94,0.012443,-0.1059960000000002,False,True,HLA
TNF,95,0.102893,-0.4650490000000005,False,False,HLA
TNF,96,0.002295,-0.019743000000000066,False,True,HLA
TNF,97,0.052601,-0.34870100000000015,False,False,HLA
TNF,98,0.029362,0.07052199999999953,False,True,HLA
TNF,99,0.095217,0.4025109999999996,False,False,HLA
HLA-G,0,0.017839,0.127421,False,False,HLA
HLA-G,1,0.007509,0.06898900000000019,False,False,HLA
HLA-G,2,0.184026,-0.2295499999999997,False,False,HLA
HLA-G,3,0.051389,-0.019229000000000163,False,False,HLA
HLA-G,4,0.00512,0.07940400000000025,False,False,HLA
HLA-G,5,0.059811,0.09270099999999992,False,True,HLA
HLA-G,6,0.022596,0.10875199999999996,False,False,HLA
HLA-G,7,0.016969,0.09874500000000008,False,False,HLA
HLA-G,8,0.007581,0.08346700000000062,False,True,HLA
HLA-G,9,0.018353,-0.07898499999999942,False,False,HLA
HLA-G,10,0.013699,0.10586500000000054,False,True,HLA
HLA-G,11,0.008225,0.11035700000000048,False,True,HLA
HLA-G,12,0.114427,0.10103200000000001,False,False,HLA
HLA-G,13,0.010406,-0.04804599999999937,False,True,HLA
HLA-G,14,0.242599,0.2376050000000003,False,False,HLA
HLA-G,15,0.095719,0.2070160000000003,False,True,HLA
HLA-G,16,0.434968,0.16584600000000016,False,False,HLA
HLA-G,17,0.018703,0.05945599999999995,False,False,HLA
HLA-G,18,0.01286,0.1031620000000002,False,False,HLA
HLA-G,19,0.003683,0.004478000000000648,False,True,HLA
HLA-G,20,0.170209,0.42778900000000064,False,False,HLA
HLA-G,21,0.003338,-0.0013449999999997075,False,True,HLA
HLA-G,22,0.063176,-0.15579499999999946,False,True,HLA
HLA-G,23,0.02472,-0.049865999999999744,False,False,HLA
HLA-G,24,0.051472,0.14808800000000044,False,True,HLA
HLA-G,25,0.031634,-0.0773659999999996,False,True,HLA
HLA-G,26,0.107619,-0.1396999999999995,False,True,HLA
HLA-G,27,0.076493,0.17864600000000053,False,True,HLA
HLA-G,28,0.110266,0.1991839999999998,False,True,HLA
HLA-G,29,0.193687,-0.05862099999999959,False,False,HLA
HLA-G,30,0.00781,0.06220200000000009,False,False,HLA
HLA-G,31,0.008492,-0.015073000000000114,False,True,HLA
HLA-G,32,0.061302,0.18637000000000015,False,False,HLA
HLA-G,33,0.097752,0.25598100000000024,False,False,HLA
HLA-G,34,0.198307,-0.2214179999999999,False,False,HLA
HLA-G,35,0.266359,0.3892920000000002,False,True,HLA
HLA-G,36,0.176686,0.2806000000000006,False,False,HLA
HLA-G,37,0.047671,0.16334800000000005,False,True,HLA
HLA-G,38,0.069682,-0.01884999999999959,False,False,HLA
HLA-G,39,0.089373,0.14794100000000032,False,True,HLA
HLA-G,40,0.306732,0.0012059999999998183,False,False,HLA
HLA-G,41,0.009405,0.10850000000000026,False,True,HLA
HLA-G,42,0.025644,-0.09020299999999981,False,False,HLA
HLA-G,43,0.103978,0.26934600000000053,False,False,HLA
HLA-G,44,0.194439,-0.3170839999999995,False,False,HLA
HLA-G,45,0.004293,-0.035959000000000074,False,True,HLA
HLA-G,46,0.011066,0.10280700000000031,False,True,HLA
HLA-G,47,0.105799,0.3101710000000004,False,False,HLA
HLA-G,48,0.01362,-0.0824549999999995,False,True,HLA
HLA-G,49,0.016748,0.0815039999999998,False,True,HLA
HLA-G,50,0.009291,-0.021509,False,False,HLA
HLA-G,51,0.054741,0.2211160000000003,False,False,HLA
HLA-G,52,0.193284,-0.20109599999999972,False,True,HLA
HLA-G,53,0.022811,0.1461370000000004,False,False,HLA
HLA-G,54,0.016114,0.10495000000000054,False,False,HLA
HLA-G,55,0.141679,0.2798470000000002,False,True,HLA
HLA-G,56,0.047823,0.10808000000000018,False,False,HLA
HLA-G,57,-0.0,0.0,True,True,HLA
HLA-G,58,0.025788,-0.04513899999999982,False,False,HLA
HLA-G,59,0.083105,0.2010329999999998,False,False,HLA
HLA-G,60,0.073021,-0.2079499999999994,False,False,HLA
HLA-G,61,0.059897,0.21120699999999992,False,False,HLA
HLA-G,62,0.050357,-0.13234799999999947,False,True,HLA
HLA-G,63,0.350075,0.9321160000000006,False,False,HLA
HLA-G,64,0.004693,-0.02843699999999938,False,True,HLA
HLA-G,65,0.068167,0.17426399999999997,False,False,HLA
HLA-G,66,0.057082,0.1405770000000004,False,False,HLA
HLA-G,67,0.012614,0.09262300000000057,False,True,HLA
HLA-G,68,0.326058,0.14371400000000012,False,False,HLA
HLA-G,69,0.001842,-0.010206999999999411,False,True,HLA
HLA-G,70,0.049992,-0.019073999999999813,False,True,HLA
HLA-G,71,0.012167,0.12580400000000047,False,True,HLA
HLA-G,72,0.213885,0.3828719999999999,False,False,HLA
HLA-G,73,0.031532,0.15245900000000034,False,False,HLA
HLA-G,74,0.203162,-0.2902179999999994,False,False,HLA
HLA-G,75,0.081946,0.19189400000000045,False,False,HLA
HLA-G,76,0.299065,0.3478370000000002,False,False,HLA
HLA-G,77,0.006283,0.10763700000000043,False,True,HLA
HLA-G,78,0.112826,0.3636840000000001,False,False,HLA
HLA-G,79,0.047987,0.14854500000000037,False,False,HLA
HLA-G,80,0.009556,-0.020359000000000016,False,False,HLA
HLA-G,81,0.066587,0.19084600000000052,False,True,HLA
HLA-G,82,0.02677,0.07413700000000034,False,False,HLA
HLA-G,83,0.026308,0.13397099999999984,False,False,HLA
HLA-G,84,0.045885,0.14116399999999985,False,False,HLA
HLA-G,85,0.010213,0.0884090000000004,False,False,HLA
HLA-G,86,0.141211,0.24440000000000062,False,False,HLA
HLA-G,87,0.032357,0.1411199999999999,False,False,HLA
HLA-G,88,0.053765,0.13592300000000002,False,True,HLA
HLA-G,89,0.016201,-0.07866799999999952,False,True,HLA
HLA-G,90,0.428614,0.5086580000000005,False,False,HLA
HLA-G,91,0.088105,0.25980000000000025,False,False,HLA
HLA-G,92,0.002031,0.024048000000000513,False,True,HLA
HLA-G,93,0.103262,0.24460300000000057,False,False,HLA
HLA-G,94,0.054346,0.11859800000000043,False,False,HLA
HLA-G,95,0.035207,-0.1363209999999997,False,False,HLA
HLA-G,96,0.001758,-0.004488999999999521,False,True,HLA
HLA-G,97,0.239027,0.426183,False,False,HLA
HLA-G,98,0.016383,0.11271300000000029,False,False,HLA
HLA-G,99,0.052667,0.13882100000000008,False,True,HLA
HLA-A,0,0.016284,0.06157499999999949,False,True,HLA
HLA-A,1,0.020853,0.1601429999999997,False,False,HLA
HLA-A,2,0.053765,-0.3282639999999999,False,False,HLA
HLA-A,3,0.010357,-0.10715699999999995,False,True,HLA
HLA-A,4,0.115146,-0.5636090000000005,False,False,HLA
HLA-A,5,0.093831,-0.07838100000000026,False,False,HLA
HLA-A,6,0.072034,-0.29155,False,True,HLA
HLA-A,7,0.034375,0.26951899999999984,False,False,HLA
HLA-A,8,0.008479,0.02429199999999998,False,True,HLA
HLA-A,9,0.040763,-0.2354850000000006,False,True,HLA
HLA-A,10,0.046799,-0.21110700000000016,False,True,HLA
HLA-A,11,0.014415,0.11857099999999932,False,False,HLA
HLA-A,12,0.078579,-0.3153290000000002,False,True,HLA
HLA-A,13,0.00344,-0.05590000000000028,False,False,HLA
HLA-A,14,0.004302,-0.06318599999999996,False,False,HLA
HLA-A,15,0.008842,-0.07360699999999998,False,False,HLA
HLA-A,16,0.049427,-0.01054600000000061,False,False,HLA
HLA-A,17,0.192744,-0.2125060000000003,False,False,HLA
HLA-A,18,0.018441,-0.23110500000000034,False,True,HLA
HLA-A,19,0.026744,0.06079100000000004,False,True,HLA
HLA-A,20,0.014547,-0.2082240000000004,False,True,HLA
HLA-A,21,0.007888,0.10250799999999938,False,True,HLA
HLA-A,22,0.254272,0.11054099999999956,False,False,HLA
HLA-A,23,0.221092,-0.5166630000000003,False,True,HLA
HLA-A,24,0.003504,-0.07941300000000062,False,True,HLA
HLA-A,25,0.002692,0.018610999999999933,False,True,HLA
HLA-A,26,0.033428,-0.13876000000000044,False,True,HLA
HLA-A,27,0.006223,0.11831899999999962,False,True,HLA
HLA-A,28,0.02557,0.22733699999999946,False,True,HLA
HLA-A,29,0.0419,-0.19068800000000063,False,True,HLA
HLA-A,30,0.027925,0.03448999999999991,False,True,HLA
HLA-A,31,0.006807,0.07289299999999965,False,True,HLA
HLA-A,32,0.011803,-0.12122300000000052,False,True,HLA
HLA-A,33,0.131403,-0.5567590000000004,False,False,HLA
HLA-A,34,0.005766,-0.07283200000000001,False,True,HLA
HLA-A,35,0.011377,0.15078000000000014,False,True,HLA
HLA-A,36,0.008612,-0.10302900000000026,False,False,HLA
HLA-A,37,0.040477,-0.33858999999999995,False,False,HLA
HLA-A,38,0.05286,-0.2459290000000003,False,True,HLA
HLA-A,39,0.03184,0.2543759999999997,False,True,HLA
HLA-A,40,0.076838,0.2027719999999995,False,True,HLA
HLA-A,41,0.081502,-0.407737,False,False,HLA
HLA-A,42,0.103485,-0.3542070000000006,False,True,HLA
HLA-A,43,0.04062,-0.058126000000000566,False,False,HLA
HLA-A,44,0.001588,0.008521,False,True,HLA
HLA-A,45,0.04044,0.24780599999999975,False,True,HLA
HLA-A,46,0.104404,-0.3977840000000006,False,True,HLA
HLA-A,47,0.122458,-0.4824169999999999,False,False,HLA
HLA-A,48,0.019563,0.13427399999999956,False,True,HLA
HLA-A,49,0.002734,0.005303999999999753,False,True,HLA
HLA-A,50,0.01039,0.17668099999999942,False,True,HLA
HLA-A,51,0.04033,-0.26252100000000045,False,False,HLA
HLA-A,52,0.067026,-0.4436260000000001,False,False,HLA
HLA-A,53,0.01521,-0.1603280000000007,False,True,HLA
HLA-A,54,0.0,0.0,True,True,HLA
HLA-A,55,0.142537,-0.03857700000000008,False,False,HLA
HLA-A,56,0.02559,-0.25600300000000065,False,True,HLA
HLA-A,57,0.093993,-0.22039100000000023,False,True,HLA
HLA-A,58,0.026722,0.18688099999999963,False,False,HLA
HLA-A,59,0.109133,-0.636533,False,False,HLA
HLA-A,60,0.076288,-0.47269499999999987,False,False,HLA
HLA-A,61,0.016566,-0.16695500000000063,False,True,HLA
HLA-A,62,0.111706,0.4206719999999997,False,True,HLA
HLA-A,63,0.0829,-0.5064470000000005,False,False,HLA
HLA-A,64,0.008447,-0.04081600000000041,False,True,HLA
HLA-A,65,0.001642,-0.004109999999999836,False,True,HLA
HLA-A,66,0.025151,-0.18360399999999988,False,True,HLA
HLA-A,67,0.159126,0.42245699999999964,False,False,HLA
HLA-A,68,0.011691,0.10540799999999972,False,True,HLA
HLA-A,69,0.048381,-0.2782740000000006,False,True,HLA
HLA-A,70,0.202869,-0.4619200000000001,False,True,HLA
HLA-A,71,0.058431,-0.4063970000000001,False,False,HLA
HLA-A,72,0.043282,-0.3230890000000004,False,False,HLA
HLA-A,73,0.052747,-0.3413120000000003,False,False,HLA
HLA-A,74,0.042572,-0.23080500000000015,False,True,HLA
HLA-A,75,0.044132,0.06735500000000005,False,True,HLA
HLA-A,76,0.002553,0.00835700000000017,False,True,HLA
HLA-A,77,0.083146,-0.401624,False,False,HLA
HLA-A,78,0.008322,0.0719839999999996,False,True,HLA
HLA-A,79,0.004655,-0.05264800000000047,False,True,HLA
HLA-A,80,0.005341,-0.030090000000000394,False,True,HLA
HLA-A,81,0.097485,-0.4417300000000006,False,False,HLA
HLA-A,82,0.21501,-0.6283080000000005,False,False,HLA
HLA-A,83,0.027792,0.16132599999999986,False,True,HLA
HLA-A,84,0.038189,0.2944979999999999,False,True,HLA
HLA-A,85,0.007584,0.08097900000000013,False,True,HLA
HLA-A,86,0.017909,0.22221699999999966,False,True,HLA
HLA-A,87,0.1208,-0.5861730000000005,False,False,HLA
HLA-A,88,0.142343,-0.03620000000000001,False,False,HLA
HLA-A,89,0.212806,-0.7709869999999999,False,False,HLA
HLA-A,90,0.044498,0.27804999999999946,False,True,HLA
HLA-A,91,0.04943,-0.2420150000000003,False,True,HLA
HLA-A,92,0.066976,-0.2407729999999999,False,True,HLA
HLA-A,93,0.268753,-0.7794740000000004,False,False,HLA
HLA-A,94,0.008485,-0.10966100000000001,False,True,HLA
HLA-A,95,0.018289,0.17769199999999952,False,True,HLA
HLA-A,96,0.032059,0.12822900000000015,False,True,HLA
HLA-A,97,0.002395,-0.0005709999999998772,False,True,HLA
HLA-A,98,0.158242,-0.41500300000000045,False,True,HLA
HLA-A,99,0.068699,0.2288249999999996,False,True,HLA
MYC,0,0.047601,0.13204199999999933,False,True,Oncogene
MYC,1,0.085093,-0.22750300000000045,False,False,Oncogene
MYC,2,0.096197,-0.26580899999999996,False,False,Oncogene
MYC,3,0.00368,-0.028971000000000302,False,True,Oncogene
MYC,4,0.020868,0.08939599999999981,False,False,Oncogene
MYC,5,0.006428,-0.07082100000000047,False,False,Oncogene
MYC,6,0.00731,-0.09399099999999994,False,False,Oncogene
MYC,7,0.110068,-0.21030499999999996,False,False,Oncogene
MYC,8,0.016505,-0.09280299999999997,False,True,Oncogene
MYC,9,0.164666,0.22836699999999954,False,False,Oncogene
MYC,10,0.43921,0.5517899999999996,False,False,Oncogene
MYC,11,0.013155,0.08341899999999924,False,False,Oncogene
MYC,12,0.016061,-0.07760100000000048,False,False,Oncogene
MYC,13,0.020306,0.10539599999999982,False,True,Oncogene
MYC,14,0.058196,-0.17704300000000028,False,False,Oncogene
MYC,15,0.118405,0.27301599999999926,False,False,Oncogene
MYC,16,0.119858,0.1448849999999995,False,False,Oncogene
MYC,17,0.007982,-0.06281500000000051,False,False,Oncogene
MYC,18,0.1237,-0.32461699999999993,False,False,Oncogene
MYC,19,0.0078,-0.0699260000000006,False,False,Oncogene
MYC,20,0.002631,-0.01037700000000008,False,True,Oncogene
MYC,21,0.062047,-0.22433100000000028,False,False,Oncogene
MYC,22,0.040086,-0.08179800000000004,False,True,Oncogene
MYC,23,0.021223,0.046767,False,False,Oncogene
MYC,24,0.042631,0.13259199999999982,False,False,Oncogene
MYC,25,0.030347,0.09022400000000008,False,False,Oncogene
MYC,26,0.055934,0.1321620000000001,False,False,Oncogene
MYC,27,0.152587,0.21478599999999926,False,False,Oncogene
MYC,28,0.094828,0.19853499999999968,False,False,Oncogene
MYC,29,0.026944,0.038732999999999684,False,False,Oncogene
MYC,30,0.018092,0.08955000000000002,False,False,Oncogene
MYC,31,0.074971,-0.11970800000000015,False,True,Oncogene
MYC,32,0.204082,0.012162000000000006,False,False,Oncogene
MYC,33,0.024261,-0.1423450000000006,False,False,Oncogene
MYC,34,0.002342,-0.0062590000000000146,False,True,Oncogene
MYC,35,0.032831,0.029018999999999906,False,False,Oncogene
MYC,36,0.042534,-0.15348200000000034,False,False,Oncogene
MYC,37,0.042844,0.08862799999999993,False,True,Oncogene
MYC,38,0.017076,0.08318899999999996,False,False,Oncogene
MYC,39,-0.0,0.0,True,True,Oncogene
MYC,40,0.188266,0.2880709999999995,False,False,Oncogene
MYC,41,0.042115,0.07916199999999929,False,False,Oncogene
MYC,42,0.207918,0.3187679999999995,False,False,Oncogene
MYC,43,0.213121,0.27614499999999964,False,False,Oncogene
MYC,44,0.098423,-0.06755000000000067,False,False,Oncogene
MYC,45,0.009672,0.050354999999999706,False,True,Oncogene
MYC,46,0.102647,-0.22664000000000062,False,False,Oncogene
MYC,47,0.007154,-0.08435199999999998,False,False,Oncogene
MYC,48,0.057814,0.14034600000000008,False,False,Oncogene
MYC,49,0.025574,0.05966899999999953,False,False,Oncogene
MYC,50,0.124444,0.029736999999999902,False,False,Oncogene
MYC,51,0.015791,0.08193699999999993,False,False,Oncogene
MYC,52,0.09094,0.17458299999999927,False,False,Oncogene
MYC,53,0.064021,-0.155837,False,False,Oncogene
MYC,54,0.027748,0.14308699999999952,False,False,Oncogene
MYC,55,0.113237,0.24102899999999927,False,False,Oncogene
MYC,56,0.066053,0.16717599999999955,False,False,Oncogene
MYC,57,0.11135,-0.04811300000000074,False,False,Oncogene
MYC,58,0.01532,-0.11394600000000032,False,False,Oncogene
MYC,59,0.007753,0.05258499999999966,False,False,Oncogene
MYC,60,0.087488,0.12124699999999944,False,False,Oncogene
MYC,61,0.01116,0.049097999999999864,False,False,Oncogene
MYC,62,0.013378,0.0731509999999993,False,False,Oncogene
MYC,63,0.010504,-0.0627450000000005,False,True,Oncogene
MYC,64,0.009899,0.06579999999999941,False,False,Oncogene
MYC,65,0.016781,-0.10258000000000056,False,False,Oncogene
MYC,66,0.012675,0.05800800000000006,False,False,Oncogene
MYC,67,0.140009,0.19843799999999945,False,False,Oncogene
MYC,68,0.050191,0.1463069999999993,False,False,Oncogene
MYC,69,0.010882,0.07451699999999928,False,False,Oncogene
MYC,70,0.027387,0.04556699999999925,False,False,Oncogene
MYC,71,0.018476,0.0908799999999994,False,False,Oncogene
MYC,72,0.00526,-0.07447800000000004,False,False,Oncogene
MYC,73,0.082466,0.18617099999999986,False,False,Oncogene
MYC,74,0.189946,0.2697539999999998,False,False,Oncogene
MYC,75,0.053881,-0.030869000000000035,False,False,Oncogene
MYC,76,0.019874,0.09950399999999959,False,False,Oncogene
MYC,77,0.011088,-0.1031620000000002,False,False,Oncogene
MYC,78,0.006601,-0.07110100000000052,False,True,Oncogene
MYC,79,0.008915,-0.07332300000000025,False,False,Oncogene
MYC,80,0.066938,-0.1423810000000003,False,False,Oncogene
MYC,81,0.301783,0.10482099999999939,False,False,Oncogene
MYC,82,0.00492,-0.07126500000000036,False,False,Oncogene
MYC,83,0.044387,0.14061399999999935,False,False,Oncogene
MYC,84,0.012197,0.04768099999999986,False,False,Oncogene
MYC,85,0.025953,0.04752599999999951,False,False,Oncogene
MYC,86,0.06009,-0.0027480000000004168,False,False,Oncogene
MYC,87,0.028089,0.08978999999999981,False,False,Oncogene
MYC,88,0.041651,0.07149499999999964,False,False,Oncogene
MYC,89,0.010205,0.05007599999999979,False,False,Oncogene
MYC,90,0.073004,0.14718900000000001,False,False,Oncogene
MYC,91,0.004274,-0.028895000000000337,False,True,Oncogene
MYC,92,0.001865,-0.00947300000000073,False,True,Oncogene
MYC,93,0.057562,0.09169800000000006,False,False,Oncogene
MYC,94,0.099385,0.21528100000000006,False,False,Oncogene
MYC,95,0.039279,0.11228099999999941,False,False,Oncogene
MYC,96,0.022632,0.09976899999999933,False,False,Oncogene
MYC,97,0.073466,0.18053399999999975,False,False,Oncogene
MYC,98,0.095761,0.1864789999999994,False,False,Oncogene
MYC,99,0.014793,-0.08505500000000055,False,True,Oncogene
BCL2,0,0.01246,0.018127999999999922,False,True,Oncogene
BCL2,1,0.025784,0.016727999999999632,False,False,Oncogene
BCL2,2,0.004033,-0.03928900000000013,False,True,Oncogene
BCL2,3,0.10497,-0.07641100000000023,False,False,Oncogene
BCL2,4,0.075234,-0.18481400000000026,False,False,Oncogene
BCL2,5,0.055882,-0.1651069999999999,False,False,Oncogene
BCL2,6,0.027832,-0.1148750000000005,False,False,Oncogene
BCL2,7,0.059105,-0.13613199999999992,False,False,Oncogene
BCL2,8,0.02927,0.04379799999999978,False,False,Oncogene
BCL2,9,0.093563,-0.1824590000000006,False,False,Oncogene
BCL2,10,0.184159,-0.0408710000000001,False,False,Oncogene
BCL2,11,0.035074,0.049722000000000044,False,True,Oncogene
BCL2,12,0.185796,0.2176619999999998,False,False,Oncogene
BCL2,13,0.066267,0.019445000000000157,False,False,Oncogene
BCL2,14,0.010549,-0.07304099999999991,False,False,Oncogene
BCL2,15,0.098696,0.04281999999999986,False,False,Oncogene
BCL2,16,0.014089,0.025082999999999522,False,True,Oncogene
BCL2,17,0.067019,0.1328990000000001,False,False,Oncogene
BCL2,18,0.069425,0.11816599999999955,False,False,Oncogene
BCL2,19,0.106144,0.10838500000000018,False,False,Oncogene
BCL2,20,0.23758,0.2514509999999994,False,True,Oncogene
BCL2,21,0.153855,0.13273499999999938,False,False,Oncogene
BCL2,22,0.064971,0.0694979999999994,False,False,Oncogene
BCL2,23,0.067408,-0.0013870000000002491,False,False,Oncogene
BCL2,24,0.028236,-0.09045699999999979,False,False,Oncogene
BCL2,25,0.020155,-0.08316200000000062,False,False,Oncogene
BCL2,26,0.074642,0.0897439999999996,False,True,Oncogene
BCL2,27,0.038752,0.05044000000000004,False,False,Oncogene
BCL2,28,0.014273,-0.059336000000000055,False,False,Oncogene
BCL2,29,0.044087,-0.05799000000000021,False,False,Oncogene
BCL2,30,0.089576,0.16890099999999997,False,False,Oncogene
BCL2,31,0.039629,0.07301799999999936,False,False,Oncogene
BCL2,32,0.025147,-0.07448800000000055,False,False,Oncogene
BCL2,33,0.115591,-0.003771000000000413,False,False,Oncogene
BCL2,34,0.022208,0.09345099999999995,False,True,Oncogene
BCL2,35,0.054944,0.0009100000000001884,False,False,Oncogene
BCL2,36,0.282918,0.3879159999999997,False,False,Oncogene
BCL2,37,0.043048,0.08049000000000017,False,False,Oncogene
BCL2,38,0.103551,0.15487099999999998,False,False,Oncogene
BCL2,39,0.048942,0.0724859999999996,False,True,Oncogene
BCL2,40,0.043811,0.053441999999999545,False,True,Oncogene
BCL2,41,0.088137,-0.21524300000000007,False,False,Oncogene
BCL2,42,0.022057,-0.052525000000000155,False,True,Oncogene
BCL2,43,0.054955,0.06851800000000008,False,True,Oncogene
BCL2,44,0.046369,-0.10696800000000017,False,False,Oncogene
BCL2,45,0.002705,-0.024961000000000233,False,True,Oncogene
BCL2,46,0.008659,0.026397999999999477,False,True,Oncogene
BCL2,47,0.065913,0.1323869999999996,False,True,Oncogene
BCL2,48,0.065526,0.015515999999999863,False,False,Oncogene
BCL2,49,0.006992,-0.038304000000000116,False,True,Oncogene
BCL2,50,0.098294,0.15933300000000017,False,False,Oncogene
BCL2,51,0.06878,0.201994,False,True,Oncogene
BCL2,52,0.00574,0.053434000000000204,False,True,Oncogene
BCL2,53,0.008488,-0.055158000000000484,False,True,Oncogene
BCL2,54,0.062791,0.09383199999999992,False,True,Oncogene
BCL2,55,0.03513,0.09465599999999963,False,False,Oncogene
BCL2,56,0.023106,-0.02184100000000022,False,False,Oncogene
BCL2,57,0.019528,0.06613699999999945,False,False,Oncogene
BCL2,58,0.022237,0.022064999999999557,False,True,Oncogene
BCL2,59,0.068028,0.10946999999999996,False,False,Oncogene
BCL2,60,0.040514,0.05582900000000013,False,False,Oncogene
BCL2,61,0.143953,0.12411399999999961,False,True,Oncogene
BCL2,62,0.040516,0.016607999999999734,False,True,Oncogene
BCL2,63,0.015958,-0.09526000000000057,False,False,Oncogene
BCL2,64,0.012371,0.03214199999999945,False,True,Oncogene
BCL2,65,0.072156,-0.13522999999999996,False,False,Oncogene
BCL2,66,0.029933,-0.13238600000000034,False,False,Oncogene
BCL2,67,0.135185,0.16866700000000012,False,False,Oncogene
BCL2,68,0.008728,-0.07454600000000067,False,True,Oncogene
BCL2,69,0.01336,-0.06934600000000035,False,False,Oncogene
BCL2,70,0.025196,0.02133899999999933,False,True,Oncogene
BCL2,71,0.026645,0.11214600000000008,False,True,Oncogene
BCL2,72,0.059901,0.11660899999999952,False,True,Oncogene
BCL2,73,0.121458,0.12776099999999957,False,False,Oncogene
BCL2,74,0.015828,-0.07756300000000049,False,False,Oncogene
BCL2,75,0.088201,0.1441460000000001,False,False,Oncogene
BCL2,76,0.048912,0.015734000000000137,False,False,Oncogene
BCL2,77,0.08151,0.02878299999999978,False,True,Oncogene
BCL2,78,0.043622,0.10664499999999943,False,False,Oncogene
BCL2,79,0.016863,-0.06365400000000054,False,True,Oncogene
BCL2,80,0.109579,-0.06713099999999983,False,False,Oncogene
BCL2,81,0.079901,0.06088799999999939,False,False,Oncogene
BCL2,82,0.042698,-0.0825269999999998,False,False,Oncogene
BCL2,83,0.034688,0.07778200000000002,False,False,Oncogene
BCL2,84,0.044236,0.08190899999999957,False,False,Oncogene
BCL2,85,0.031517,0.08565799999999957,False,False,Oncogene
BCL2,86,0.088771,-0.10213699999999992,False,False,Oncogene
BCL2,87,0.082079,-0.19067599999999985,False,False,Oncogene
BCL2,88,0.018312,-0.05969699999999989,False,False,Oncogene
BCL2,89,0.025054,0.1009500000000001,False,True,Oncogene
BCL2,90,0.009044,-0.008796000000000248,False,True,Oncogene
BCL2,91,0.06804,0.12264499999999945,False,True,Oncogene
BCL2,92,-0.0,0.0,True,True,Oncogene
BCL2,93,0.00239,-0.02118100000000034,False,True,Oncogene
BCL2,94,0.069385,0.14685900000000007,False,False,Oncogene
BCL2,95,0.063925,0.13756699999999977,False,False,Oncogene
BCL2,96,0.008734,0.02178699999999978,False,True,Oncogene
BCL2,97,0.38733,0.436604,False,False,Oncogene
BCL2,98,0.082919,-0.1664260000000004,False,False,Oncogene
BCL2,99,0.04071,-0.0769890000000002,False,False,Oncogene
B-ACTIN,0,0.029528,-0.10052299999999992,False,False,Housekeeping
B-ACTIN,1,0.001505,-0.0073659999999993175,False,True,Housekeeping
B-ACTIN,2,0.188991,-0.5023309999999999,False,False,Housekeeping
B-ACTIN,3,0.021085,-0.11491099999999932,False,False,Housekeeping
B-ACTIN,4,0.009524,-0.0064310000000000755,False,False,Housekeeping
B-ACTIN,5,0.017865,-0.21703899999999976,False,True,Housekeeping
B-ACTIN,6,0.009689,-0.040452999999999406,False,True,Housekeeping
B-ACTIN,7,0.037295,-0.17724299999999982,False,False,Housekeeping
B-ACTIN,8,0.189096,-0.187303,False,False,Housekeeping
B-ACTIN,9,0.015976,-0.08892799999999923,False,True,Housekeeping
B-ACTIN,10,0.004656,-0.07593899999999998,False,True,Housekeeping
B-ACTIN,11,0.013323,-0.1553659999999999,False,True,Housekeeping
B-ACTIN,12,0.121725,-0.36774099999999965,False,True,Housekeeping
B-ACTIN,13,0.023515,-0.11848999999999954,False,False,Housekeeping
B-ACTIN,14,0.015337,-0.01774199999999926,False,True,Housekeeping
B-ACTIN,15,0.037932,-0.22271099999999944,False,False,Housekeeping
B-ACTIN,16,0.007091,-0.06628100000000003,False,False,Housekeeping
B-ACTIN,17,0.044413,-0.31482099999999935,False,False,Housekeeping
B-ACTIN,18,0.039248,0.09315800000000074,False,True,Housekeeping
B-ACTIN,19,0.004619,-0.05671399999999949,False,False,Housekeeping
B-ACTIN,20,0.038781,-0.23149799999999932,False,False,Housekeeping
B-ACTIN,21,0.005297,-0.09711499999999962,False,True,Housekeeping
B-ACTIN,22,0.048391,0.059188000000000685,False,False,Housekeeping
B-ACTIN,23,0.008063,-0.06051999999999946,False,False,Housekeeping
B-ACTIN,24,0.002033,-0.0035439999999997696,False,True,Housekeeping
B-ACTIN,25,0.006864,-0.060254999999999725,False,True,Housekeeping
B-ACTIN,26,0.003972,-0.06545999999999985,False,True,Housekeeping
B-ACTIN,27,0.155925,-0.4105229999999995,False,False,Housekeeping
B-ACTIN,28,0.056221,-0.01824999999999921,False,False,Housekeeping
B-ACTIN,29,0.010871,-0.1378939999999993,False,True,Housekeeping
B-ACTIN,30,0.14861,-0.39621700000000004,False,False,Housekeeping
B-ACTIN,31,0.201002,-0.4859529999999994,False,False,Housekeeping
B-ACTIN,32,0.016996,0.0038000000000000256,False,False,Housekeeping
B-ACTIN,33,0.005405,-0.10024099999999958,False,True,Housekeeping
B-ACTIN,34,0.132742,-0.5167349999999997,False,False,Housekeeping
B-ACTIN,35,0.081533,0.25176400000000054,False,False,Housekeeping
B-ACTIN,36,0.045148,-0.20678299999999972,False,False,Housekeeping
B-ACTIN,37,0.102477,-0.2927709999999992,False,False,Housekeeping
B-ACTIN,38,0.037625,-0.003788999999999376,False,False,Housekeeping
B-ACTIN,39,0.136693,-0.4964579999999996,False,False,Housekeeping
B-ACTIN,40,0.008882,0.06125700000000034,False,False,Housekeeping
B-ACTIN,41,0.053344,-0.22535799999999995,False,False,Housekeeping
B-ACTIN,42,0.00171,-0.012564999999999493,False,True,Housekeeping
B-ACTIN,43,0.022777,-0.01345799999999997,False,False,Housekeeping
B-ACTIN,44,0.003092,-0.06802200000000003,False,True,Housekeeping
B-ACTIN,45,0.020667,0.013823000000000363,False,False,Housekeeping
B-ACTIN,46,0.037182,0.06068500000000032,False,True,Housekeeping
B-ACTIN,47,0.00268,-0.07682499999999948,False,True,Housekeeping
B-ACTIN,48,0.004439,-0.0761649999999996,False,True,Housekeeping
B-ACTIN,49,0.018807,-0.17083799999999982,False,False,Housekeeping
B-ACTIN,50,0.024632,-0.09547799999999995,False,True,Housekeeping
B-ACTIN,51,0.008776,-0.08237999999999968,False,False,Housekeeping
B-ACTIN,52,0.011379,-0.1542899999999996,False,False,Housekeeping
B-ACTIN,53,0.0,0.0,True,True,Housekeeping
B-ACTIN,54,0.004629,-0.09490399999999966,False,True,Housekeeping
B-ACTIN,55,0.085232,-0.3096179999999995,False,True,Housekeeping
B-ACTIN,56,0.014155,-0.17436499999999988,False,True,Housekeeping
B-ACTIN,57,0.00241,-0.010904999999999276,False,True,Housekeeping
B-ACTIN,58,0.038632,-0.21088499999999932,False,False,Housekeeping
B-ACTIN,59,0.034012,-0.1690579999999997,False,True,Housekeeping
B-ACTIN,60,0.091122,-0.3177569999999994,False,False,Housekeeping
B-ACTIN,61,0.054258,0.08557600000000054,False,True,Housekeeping
B-ACTIN,62,0.025334,-0.02473399999999959,False,True,Housekeeping
B-ACTIN,63,0.004914,-0.08273799999999998,False,True,Housekeeping
B-ACTIN,64,0.007947,0.09592800000000068,False,True,Housekeeping
B-ACTIN,65,0.001506,-0.037337999999999205,False,True,Housekeeping
B-ACTIN,66,0.024809,-0.18142699999999934,False,False,Housekeeping
B-ACTIN,67,0.007441,0.06629100000000054,False,True,Housekeeping
B-ACTIN,68,0.184666,-0.07028699999999954,False,False,Housekeeping
B-ACTIN,69,0.159629,-0.48738299999999946,False,False,Housekeeping
B-ACTIN,70,0.018291,0.0214970000000001,False,False,Housekeeping
B-ACTIN,71,0.017171,-0.2507929999999998,False,False,Housekeeping
B-ACTIN,72,0.003624,0.011426000000000158,False,True,Housekeeping
B-ACTIN,73,0.010626,-0.1614779999999998,False,False,Housekeeping
B-ACTIN,74,0.046635,-0.2666449999999996,False,False,Housekeeping
B-ACTIN,75,0.261881,-0.6899639999999998,False,False,Housekeeping
B-ACTIN,76,0.009844,-0.17675899999999967,False,True,Housekeeping
B-ACTIN,77,0.036135,-0.14865700000000004,False,True,Housekeeping
B-ACTIN,78,0.010264,-0.12036699999999989,False,True,Housekeeping
B-ACTIN,79,0.014518,-0.09713399999999961,False,False,Housekeeping
B-ACTIN,80,0.039732,-0.2517339999999999,False,False,Housekeeping
B-ACTIN,81,0.077557,-0.0013079999999998648,False,False,Housekeeping
B-ACTIN,82,0.060147,-0.2882339999999992,False,False,Housekeeping
B-ACTIN,83,0.006703,-0.1322789999999996,False,True,Housekeeping
B-ACTIN,84,0.048694,-0.270111,False,False,Housekeeping
B-ACTIN,85,0.006072,-0.09269299999999969,False,True,Housekeeping
B-ACTIN,86,0.228424,-0.7131279999999993,False,False,Housekeeping
B-ACTIN,87,0.020909,-0.14503299999999975,False,False,Housekeeping
B-ACTIN,88,0.017742,0.0566690000000003,False,True,Housekeeping
B-ACTIN,89,0.001526,-0.005484000000000044,False,True,Housekeeping
B-ACTIN,90,0.024476,-0.23568899999999982,False,False,Housekeeping
B-ACTIN,91,0.009806,0.10525099999999998,False,True,Housekeeping
B-ACTIN,92,0.003764,-0.05568799999999996,False,True,Housekeeping
B-ACTIN,93,0.019113,-0.1971809999999996,False,True,Housekeeping
B-ACTIN,94,0.003748,-0.07424599999999959,False,True,Housekeeping
B-ACTIN,95,0.036115,-0.07428199999999929,False,False,Housekeeping
B-ACTIN,96,0.001303,-0.009163999999999284,False,True,Housekeeping
B-ACTIN,97,0.162059,-0.49613399999999963,False,False,Housekeeping
B-ACTIN,98,0.020203,0.007116000000000788,False,False,Housekeeping
B-ACTIN,99,0.07652,0.12707900000000016,False,True,Housekeeping
GAPDH,0,0.012151,-0.12083699999999986,False,False,Housekeeping
GAPDH,1,0.023336,0.031481000000000314,False,True,Housekeeping
GAPDH,2,0.009961,0.007829000000000086,False,False,Housekeeping
GAPDH,3,0.12097,-0.3136720000000004,False,False,Housekeeping
GAPDH,4,0.006532,-0.0827049999999998,False,False,Housekeeping
GAPDH,5,0.147435,-0.09688599999999958,False,False,Housekeeping
GAPDH,6,0.005158,0.048191000000000095,False,True,Housekeeping
GAPDH,7,0.003695,-0.05780099999999955,False,True,Housekeeping
GAPDH,8,0.139646,0.17296699999999987,False,False,Housekeeping
GAPDH,9,0.079813,-0.19529499999999977,False,False,Housekeeping
GAPDH,10,0.169987,-0.058116000000000057,False,False,Housekeeping
GAPDH,11,0.003953,-0.05582200000000004,False,True,Housekeeping
GAPDH,12,0.114112,-0.29551000000000016,False,False,Housekeeping
GAPDH,13,0.001799,0.0086529999999998,False,True,Housekeeping
GAPDH,14,0.050936,0.12238300000000013,False,False,Housekeeping
GAPDH,15,0.005371,-0.06066000000000038,False,True,Housekeeping
GAPDH,16,0.120039,-0.2785669999999998,False,False,Housekeeping
GAPDH,17,0.009734,0.05231399999999997,False,True,Housekeeping
GAPDH,18,0.009467,-0.09183399999999953,False,False,Housekeeping
GAPDH,19,0.035897,-0.1631980000000004,False,False,Housekeeping
GAPDH,20,0.123337,-0.32772299999999976,False,False,Housekeeping
GAPDH,21,0.231257,-0.03939499999999985,False,False,Housekeeping
GAPDH,22,0.05163,-0.12901700000000016,False,True,Housekeeping
GAPDH,23,0.007542,0.047723000000000404,False,True,Housekeeping
GAPDH,24,0.107417,-0.32364199999999954,False,False,Housekeeping
GAPDH,25,0.070898,0.08682600000000029,False,True,Housekeeping
GAPDH,26,0.079547,0.1525470000000002,False,False,Housekeeping
GAPDH,27,0.015941,-0.10100499999999979,False,False,Housekeeping
GAPDH,28,0.12538,-0.27883800000000036,False,False,Housekeeping
GAPDH,29,0.108696,-0.2053180000000001,False,False,Housekeeping
GAPDH,30,0.094104,-0.18031099999999967,False,True,Housekeeping
GAPDH,31,0.122624,-0.20734999999999992,False,False,Housekeeping
GAPDH,32,0.114631,-0.3263999999999996,False,False,Housekeeping
GAPDH,33,0.016022,0.0954360000000003,False,False,Housekeeping
GAPDH,34,0.010652,0.0486089999999999,False,True,Housekeeping
GAPDH,35,0.186444,-0.4659300000000002,False,False,Housekeeping
GAPDH,36,0.01455,-0.11765500000000007,False,False,Housekeeping
GAPDH,37,0.063367,0.13821499999999975,False,False,Housekeeping
GAPDH,38,0.243172,4.2999999999793204e-05,False,False,Housekeeping
GAPDH,39,0.059984,0.06471300000000024,False,False,Housekeeping
GAPDH,40,0.005396,-0.026075999999999766,False,True,Housekeeping
GAPDH,41,0.047245,0.09945200000000032,False,True,Housekeeping
GAPDH,42,0.088968,0.16946100000000008,False,True,Housekeeping
GAPDH,43,0.120104,0.14925100000000047,False,True,Housekeeping
GAPDH,44,0.066255,0.12532500000000013,False,False,Housekeeping
GAPDH,45,0.071798,0.07859899999999964,False,False,Housekeeping
GAPDH,46,0.007055,-0.07933199999999996,False,False,Housekeeping
GAPDH,47,0.018842,-0.15917199999999987,False,False,Housekeeping
GAPDH,48,0.081734,0.11300000000000043,False,False,Housekeeping
GAPDH,49,0.125142,-0.26325299999999974,False,False,Housekeeping
GAPDH,50,0.073713,0.13207599999999964,False,False,Housekeeping
GAPDH,51,0.020514,-0.12194600000000033,False,True,Housekeeping
GAPDH,52,0.007227,-0.06168499999999977,False,False,Housekeeping
GAPDH,53,0.069673,0.18041700000000027,False,False,Housekeeping
GAPDH,54,0.004589,-0.059966000000000186,False,True,Housekeeping
GAPDH,55,0.072985,0.162871,False,False,Housekeeping
GAPDH,56,0.10686,0.2089850000000002,False,False,Housekeeping
GAPDH,57,0.097575,0.149737,False,False,Housekeeping
GAPDH,58,0.008899,-0.1097570000000001,False,False,Housekeeping
GAPDH,59,0.007513,0.03494699999999984,False,True,Housekeeping
GAPDH,60,0.015992,-0.12057699999999993,False,True,Housekeeping
GAPDH,61,0.039372,-0.23134299999999985,False,False,Housekeeping
GAPDH,62,0.031271,-0.17722700000000025,False,False,Housekeeping
GAPDH,63,0.007408,-0.0867899999999997,False,False,Housekeeping
GAPDH,64,0.118185,0.19739099999999965,False,False,Housekeeping
GAPDH,65,0.041334,0.1350100000000003,False,False,Housekeeping
GAPDH,66,0.092985,-0.29985199999999956,False,False,Housekeeping
GAPDH,67,0.167622,-0.04825299999999988,False,False,Housekeeping
GAPDH,68,0.018871,-0.11762599999999956,False,True,Housekeeping
GAPDH,69,0.006207,-0.0876020000000004,False,False,Housekeeping
GAPDH,70,0.020501,0.06332800000000027,False,False,Housekeeping
GAPDH,71,0.001775,0.0022380000000001843,False,True,Housekeeping
GAPDH,72,0.034948,0.04304699999999961,False,False,Housekeeping
GAPDH,73,0.042759,0.08886099999999963,False,False,Housekeeping
GAPDH,74,0.10225,0.216221,False,False,Housekeeping
GAPDH,75,0.006371,-0.08500499999999978,False,False,Housekeeping
GAPDH,76,0.041568,0.09481300000000026,False,False,Housekeeping
GAPDH,77,0.030688,-0.19732299999999992,False,False,Housekeeping
GAPDH,78,0.024294,0.03250900000000012,False,False,Housekeeping
GAPDH,79,0.041436,0.0730069999999996,False,False,Housekeeping
GAPDH,80,0.068452,-0.19042099999999973,False,True,Housekeeping
GAPDH,81,0.0,0.0,True,True,Housekeeping
GAPDH,82,0.02196,0.05744199999999999,False,False,Housekeeping
GAPDH,83,0.028135,-0.18876500000000007,False,False,Housekeeping
GAPDH,84,0.008058,-0.09458699999999975,False,False,Housekeeping
GAPDH,85,0.003469,-0.03846799999999995,False,False,Housekeeping
GAPDH,86,0.040126,-0.2376389999999997,False,False,Housekeeping
GAPDH,87,0.252014,-0.011884000000000228,False,False,Housekeeping
GAPDH,88,0.017161,0.04560899999999979,False,False,Housekeeping
GAPDH,89,0.040313,0.012450000000000294,False,False,Housekeeping
GAPDH,90,0.008965,-0.11544699999999963,False,False,Housekeeping
GAPDH,91,0.128092,-0.22501199999999955,False,True,Housekeeping
GAPDH,92,0.014679,-0.1831240000000003,False,False,Housekeeping
GAPDH,93,0.064486,0.17775300000000005,False,False,Housekeeping
GAPDH,94,0.078177,0.09060500000000005,False,True,Housekeeping
GAPDH,95,0.013265,-0.06489100000000025,False,True,Housekeeping
GAPDH,96,0.033144,0.030359999999999943,False,False,Housekeeping
GAPDH,97,0.037379,0.030123999999999818,False,False,Housekeeping
GAPDH,98,0.025336,-0.12080599999999997,False,False,Housekeeping
GAPDH,99,0.004528,-0.0761940000000001,False,True,Housekeeping
TBP,0,0.01985,-0.18750200000000028,False,False,Housekeeping
TBP,1,0.165028,-0.548978,False,False,Housekeeping
TBP,2,0.00655,0.06374999999999975,False,False,Housekeeping
TBP,3,0.005033,0.11486899999999967,False,False,Housekeeping
TBP,4,0.057379,-0.32698099999999997,False,False,Housekeeping
TBP,5,0.001597,-0.017414999999999736,False,True,Housekeeping
TBP,6,0.008598,0.15231499999999976,False,False,Housekeeping
TBP,7,0.003055,-0.01532800000000023,False,True,Housekeeping
TBP,8,0.016055,-0.20673799999999964,False,True,Housekeeping
TBP,9,0.032618,-0.3913929999999999,False,False,Housekeeping
TBP,10,0.041051,-0.2199800000000005,False,False,Housekeeping
TBP,11,0.033659,0.17517199999999988,False,True,Housekeeping
TBP,12,-0.0,0.0,True,True,Housekeeping
TBP,13,0.042625,0.35738499999999984,False,False,Housekeeping
TBP,14,0.052567,0.18164599999999975,False,False,Housekeeping
TBP,15,0.057084,0.22683199999999992,False,False,Housekeeping
TBP,16,0.001874,-0.009919000000000011,False,True,Housekeeping
TBP,17,0.093196,-0.17162400000000044,False,False,Housekeeping
TBP,18,0.078235,-0.36073800000000045,False,False,Housekeeping
TBP,19,0.008856,-0.0740040000000004,False,False,Housekeeping
TBP,20,0.001852,-0.012612999999999985,False,True,Housekeeping
TBP,21,0.068532,0.06981199999999976,False,False,Housekeeping
TBP,22,0.257337,-0.29757299999999987,False,False,Housekeeping
TBP,23,0.075959,0.22120099999999976,False,False,Housekeeping
TBP,24,0.041864,0.2731320000000004,False,False,Housekeeping
TBP,25,0.335504,-0.9824609999999998,False,False,Housekeeping
TBP,26,0.260326,-0.6899509999999998,False,True,Housekeeping
TBP,27,0.018459,-0.23188100000000045,False,True,Housekeeping
TBP,28,0.028946,0.19957699999999967,False,False,Housekeeping
TBP,29,0.069974,0.24843499999999974,False,False,Housekeeping
TBP,30,0.006279,-0.148771,False,True,Housekeeping
TBP,31,0.039345,0.12509199999999954,False,True,Housekeeping
TBP,32,0.106847,-0.5248860000000004,False,False,Housekeeping
TBP,33,0.057067,-0.32528500000000005,False,True,Housekeeping
TBP,34,0.036368,-0.19649800000000006,False,False,Housekeeping
TBP,35,0.106621,-0.45446200000000037,False,False,Housekeeping
TBP,36,0.024851,-0.28464699999999965,False,False,Housekeeping
TBP,37,0.03981,-0.3022299999999998,False,False,Housekeeping
TBP,38,0.00488,0.029749999999999943,False,False,Housekeeping
TBP,39,0.004124,-0.11191800000000018,False,False,Housekeeping
TBP,40,0.007792,0.08492000000000033,False,True,Housekeeping
TBP,41,0.02447,-0.19881499999999974,False,False,Housekeeping
TBP,42,0.030916,0.22015299999999982,False,False,Housekeeping
TBP,43,0.028183,-0.2066600000000003,False,False,Housekeeping
TBP,44,0.004696,-0.07094100000000036,False,True,Housekeeping
TBP,45,0.041954,-0.28712599999999977,False,False,Housekeeping
TBP,46,0.006052,0.05472199999999994,False,False,Housekeeping
TBP,47,0.032978,-0.1643889999999999,False,True,Housekeeping
TBP,48,0.004757,-0.12436399999999992,False,True,Housekeeping
TBP,49,0.045374,-0.26031899999999997,False,False,Housekeeping
TBP,50,0.028947,-0.3139700000000003,False,False,Housekeeping
TBP,51,0.034595,0.115977,False,False,Housekeeping
TBP,52,0.040543,0.24055599999999977,False,False,Housekeeping
TBP,53,0.035996,0.16189300000000006,False,False,Housekeeping
TBP,54,0.049893,-0.48476500000000033,False,False,Housekeeping
TBP,55,0.020664,0.12217900000000004,False,False,Housekeeping
TBP,56,0.079316,-0.422269,False,False,Housekeeping
TBP,57,0.004382,-0.06288800000000005,False,False,Housekeeping
TBP,58,0.002247,-0.025115000000000443,False,True,Housekeeping
TBP,59,0.00178,-0.03570799999999963,False,True,Housekeeping
TBP,60,0.027495,-0.19941999999999993,False,False,Housekeeping
TBP,61,0.064251,0.2911140000000003,False,True,Housekeeping
TBP,62,0.002194,-0.015571999999999697,False,True,Housekeeping
TBP,63,0.021517,-0.17767200000000027,False,False,Housekeeping
TBP,64,0.008709,-0.09770900000000005,False,False,Housekeeping
TBP,65,0.188181,-0.5882870000000002,False,True,Housekeeping
TBP,66,0.002342,-0.023265000000000313,False,True,Housekeeping
TBP,67,0.010276,0.13847599999999982,False,True,Housekeeping
TBP,68,0.032642,0.056835999999999665,False,False,Housekeeping
TBP,69,0.246746,-0.8836690000000003,False,False,Housekeeping
TBP,70,0.027619,0.16287399999999952,False,False,Housekeeping
TBP,71,0.001303,-0.020240000000000258,False,True,Housekeeping
TBP,72,0.2231,-0.6278920000000001,False,True,Housekeeping
TBP,73,0.062721,-0.539504,False,False,Housekeeping
TBP,74,0.021999,0.17816999999999972,False,False,Housekeeping
TBP,75,0.008777,0.05385200000000001,False,False,Housekeeping
TBP,76,0.011096,-0.10617500000000035,False,True,Housekeeping
TBP,77,0.00177,-0.024793999999999983,False,True,Housekeeping
TBP,78,0.042162,0.27518200000000004,False,False,Housekeeping
TBP,79,0.012671,0.09334799999999976,False,True,Housekeeping
TBP,80,0.053988,0.13496699999999962,False,False,Housekeeping
TBP,81,0.184496,-0.782813,False,False,Housekeeping
TBP,82,0.077369,0.02168100000000006,False,False,Housekeeping
TBP,83,0.099616,-0.4513290000000003,False,False,Housekeeping
TBP,84,0.010621,-0.11198100000000011,False,True,Housekeeping
TBP,85,0.005062,-0.013142000000000209,False,True,Housekeeping
TBP,86,0.212287,-0.8140169999999998,False,False,Housekeeping
TBP,87,0.003314,-0.00020500000000023277,False,True,Housekeeping
TBP,88,0.018401,-0.07963499999999968,False,False,Housekeeping
TBP,89,0.012447,0.10845600000000033,False,True,Housekeeping
TBP,90,0.073264,0.009710000000000107,False,False,Housekeeping
TBP,91,0.013826,0.12069900000000011,False,True,Housekeeping
TBP,92,0.084597,-0.323766,False,False,Housekeeping
TBP,93,0.013709,0.0858150000000002,False,True,Housekeeping
TBP,94,0.035276,0.2263729999999997,False,False,Housekeeping
TBP,95,0.044026,0.11138400000000015,False,False,Housekeeping
TBP,96,0.146812,-0.08542200000000033,False,False,Housekeeping
TBP,97,0.022712,0.08978999999999981,False,False,Housekeeping
TBP,98,0.038609,0.16266200000000008,False,False,Housekeeping
TBP,99,0.124728,-0.4987370000000002,False,False,Housekeeping
HOXA1,0,0.025578,0.07970699999999997,False,False,Hox
HOXA1,1,0.048703,0.08259099999999986,False,False,Hox
HOXA1,2,0.040241,-0.06374600000000008,False,False,Hox
HOXA1,3,0.023565,-0.0644079999999998,False,True,Hox
HOXA1,4,0.063289,-0.10222100000000012,False,False,Hox
HOXA1,5,0.015777,-0.08094299999999999,False,False,Hox
HOXA1,6,0.017981,0.075021,False,True,Hox
HOXA1,7,0.273273,0.5023849999999999,False,False,Hox
HOXA1,8,0.008918,-0.07529299999999983,False,False,Hox
HOXA1,9,0.390117,0.5374110000000001,False,False,Hox
HOXA1,10,0.018138,-0.07473200000000002,False,False,Hox
HOXA1,11,0.062044,-0.047565999999999775,False,False,Hox
HOXA1,12,0.090456,-0.1925810000000001,False,False,Hox
HOXA1,13,0.093975,0.1402960000000002,False,False,Hox
HOXA1,14,0.055725,-0.1104750000000001,False,False,Hox
HOXA1,15,0.038324,-0.05628300000000008,False,False,Hox
HOXA1,16,0.037264,0.11269000000000018,False,False,Hox
HOXA1,17,0.019649,0.04394000000000009,False,True,Hox
HOXA1,18,0.205306,0.32227700000000015,False,False,Hox
HOXA1,19,0.026156,0.10835099999999986,False,False,Hox
HOXA1,20,0.016102,0.07074800000000003,False,False,Hox
HOXA1,21,0.027856,0.09363600000000005,False,False,Hox
HOXA1,22,0.063573,0.14474100000000023,False,False,Hox
HOXA1,23,0.010054,0.03562799999999999,False,False,Hox
HOXA1,24,0.020589,-0.010238999999999887,False,True,Hox
HOXA1,25,0.054899,-0.10019,False,False,Hox
HOXA1,26,0.107509,0.11434699999999998,False,False,Hox
HOXA1,27,0.271308,0.3871319999999998,False,False,Hox
HOXA1,28,0.043641,0.13713500000000023,False,False,Hox
HOXA1,29,0.025551,0.09045600000000009,False,False,Hox
HOXA1,30,0.102804,0.15981600000000018,False,False,Hox
HOXA1,31,0.011975,-0.07689699999999977,False,True,Hox
HOXA1,32,0.085326,0.1803910000000002,False,False,Hox
HOXA1,33,0.009733,-0.06739899999999999,False,False,Hox
HOXA1,34,0.01376,0.06295200000000012,False,False,Hox
HOXA1,35,0.046317,0.08213500000000007,False,True,Hox
HOXA1,36,0.045107,-0.17333100000000012,False,False,Hox
HOXA1,37,0.051591,0.0867110000000002,False,False,Hox
HOXA1,38,0.096744,0.1810719999999999,False,False,Hox
HOXA1,39,0.014653,-0.07029499999999977,False,False,Hox
HOXA1,40,0.015268,-0.07989500000000005,False,False,Hox
HOXA1,41,0.128,0.24264099999999988,False,False,Hox
HOXA1,42,0.057985,0.14211699999999983,False,False,Hox
HOXA1,43,0.04081,0.10343299999999989,False,False,Hox
HOXA1,44,0.026652,0.09261100000000022,False,False,Hox
HOXA1,45,0.114593,0.14440300000000006,False,False,Hox
HOXA1,46,0.085946,0.19872800000000002,False,False,Hox
HOXA1,47,0.070795,0.11484199999999989,False,False,Hox
HOXA1,48,0.052774,-0.14313399999999987,False,False,Hox
HOXA1,49,0.055048,-0.02482799999999985,False,False,Hox
HOXA1,50,0.205581,0.15061999999999998,False,False,Hox
HOXA1,51,0.013973,-0.05546300000000004,False,True,Hox
HOXA1,52,0.159709,0.2840720000000001,False,False,Hox
HOXA1,53,0.095304,0.1299100000000002,False,False,Hox
HOXA1,54,0.049105,-0.12666999999999984,False,False,Hox
HOXA1,55,0.004919,-0.03134199999999998,False,True,Hox
HOXA1,56,0.017013,-0.08575899999999992,False,False,Hox
HOXA1,57,0.067393,0.14108900000000002,False,False,Hox
HOXA1,58,0.205533,0.28232599999999985,False,False,Hox
HOXA1,59,0.020583,0.08850399999999992,False,False,Hox
HOXA1,60,0.010313,0.042524999999999924,False,False,Hox
HOXA1,61,0.060121,0.1549719999999999,False,True,Hox
HOXA1,62,0.037675,0.07686899999999985,False,False,Hox
HOXA1,63,0.079492,0.17500800000000005,False,False,Hox
HOXA1,64,0.057395,0.16931200000000013,False,False,Hox
HOXA1,65,0.050987,0.07878400000000019,False,False,Hox
HOXA1,66,0.216003,0.2556370000000001,False,True,Hox
HOXA1,67,0.007035,-0.014793000000000056,False,True,Hox
HOXA1,68,0.063458,-0.04027499999999984,False,False,Hox
HOXA1,69,0.040595,0.0727739999999999,False,False,Hox
HOXA1,70,0.05128,0.10469399999999984,False,False,Hox
HOXA1,71,0.061666,0.09343400000000024,False,False,Hox
HOXA1,72,0.050987,0.14702400000000004,False,False,Hox
HOXA1,73,0.145146,0.13698200000000016,False,False,Hox
HOXA1,74,0.039392,0.07274800000000026,False,False,Hox
HOXA1,75,0.039818,0.08979800000000004,False,False,Hox
HOXA1,76,0.173092,0.2807210000000002,False,False,Hox
HOXA1,77,0.085421,0.1652420000000001,False,False,Hox
HOXA1,78,0.090556,0.17695399999999983,False,False,Hox
HOXA1,79,0.369406,0.36522500000000013,False,False,Hox
HOXA1,80,0.043809,0.10453499999999982,False,False,Hox
HOXA1,81,0.073895,0.12091399999999997,False,False,Hox
HOXA1,82,0.078632,-0.007795999999999914,False,False,Hox
HOXA1,83,0.114756,0.21855400000000014,False,False,Hox
HOXA1,84,0.046677,0.07192599999999993,False,False,Hox
HOXA1,85,0.358616,0.4452760000000002,False,False,Hox
HOXA1,86,0.119143,0.11371999999999982,False,False,Hox
HOXA1,87,0.0,0.0,True,True,Hox
HOXA1,88,0.107731,0.1836549999999999,False,False,Hox
HOXA1,89,0.014588,0.0556350000000001,False,False,Hox
HOXA1,90,0.112753,0.20130900000000018,False,False,Hox
HOXA1,91,0.046223,0.08764400000000006,False,False,Hox
HOXA1,92,0.130626,0.24358900000000006,False,False,Hox
HOXA1,93,0.112255,0.1872180000000001,False,False,Hox
HOXA1,94,0.071397,0.12346099999999982,False,False,Hox
HOXA1,95,0.08206,0.14334800000000003,False,False,Hox
HOXA1,96,0.110051,0.21998499999999988,False,False,Hox
HOXA1,97,0.007119,-0.01811499999999988,False,True,Hox
HOXA1,98,0.098005,0.16654800000000014,False,False,Hox
HOXA1,99,0.031928,0.09030199999999988,False,False,Hox
HOXC13,0,0.133793,-0.0747049999999998,False,False,Hox
HOXC13,1,0.005787,-0.025541000000000036,False,True,Hox
HOXC13,2,0.01467,0.04421000000000053,False,False,Hox
HOXC13,3,0.016922,0.12365799999999982,False,True,Hox
HOXC13,4,0.007777,0.046003999999999934,False,True,Hox
HOXC13,5,0.049636,-0.18824299999999994,False,True,Hox
HOXC13,6,0.037741,0.08097300000000018,False,False,Hox
HOXC13,7,0.035285,0.1075980000000003,False,False,Hox
HOXC13,8,0.082022,-0.24459000000000009,False,False,Hox
HOXC13,9,0.069977,-0.2395529999999999,False,False,Hox
HOXC13,10,0.165442,0.3790199999999997,False,False,Hox
HOXC13,11,0.335134,0.38586600000000004,False,False,Hox
HOXC13,12,0.012394,0.06949200000000033,False,False,Hox
HOXC13,13,0.050289,0.09209599999999973,False,False,Hox
HOXC13,14,0.064197,-0.08694899999999972,False,True,Hox
HOXC13,15,0.015482,-0.050177999999999834,False,False,Hox
HOXC13,16,0.018852,-0.11536400000000002,False,False,Hox
HOXC13,17,0.046268,-0.15881299999999987,False,False,Hox
HOXC13,18,0.081824,-0.13183599999999984,False,False,Hox
HOXC13,19,0.031414,0.13341899999999995,False,True,Hox
HOXC13,20,0.024007,-0.07202900000000012,False,True,Hox
HOXC13,21,0.007859,0.06669000000000036,False,True,Hox
HOXC13,22,0.046851,-0.2044959999999998,False,False,Hox
HOXC13,23,0.050548,0.1195219999999999,False,False,Hox
HOXC13,24,0.03417,-0.13617299999999988,False,True,Hox
HOXC13,25,0.05218,-0.10384700000000002,False,True,Hox
HOXC13,26,0.006448,-0.035718999999999834,False,True,Hox
HOXC13,27,0.009363,0.10759200000000035,False,True,Hox
HOXC13,28,0.081988,0.18796899999999983,False,False,Hox
HOXC13,29,0.265713,0.3776869999999999,False,True,Hox
HOXC13,30,0.091117,-0.24817400000000012,False,False,Hox
HOXC13,31,0.048606,0.17649999999999988,False,True,Hox
HOXC13,32,0.067358,0.11671299999999984,False,True,Hox
HOXC13,33,0.011544,0.1035440000000003,False,True,Hox
HOXC13,34,0.103037,0.18716199999999983,False,False,Hox
HOXC13,35,0.093361,0.12349500000000013,False,False,Hox
HOXC13,36,0.088837,0.15958200000000033,False,False,Hox
HOXC13,37,0.054881,-0.06523099999999982,False,True,Hox
HOXC13,38,0.091592,0.19558600000000048,False,False,Hox
HOXC13,39,0.026256,0.18466000000000005,False,True,Hox
HOXC13,40,0.008388,-0.08097999999999983,False,True,Hox
HOXC13,41,0.02814,-0.11539699999999975,False,True,Hox
HOXC13,42,0.002937,-0.049566999999999695,False,True,Hox
HOXC13,43,0.068207,-0.19067899999999982,False,True,Hox
HOXC13,44,0.058722,-0.14244000000000012,False,True,Hox
HOXC13,45,0.121365,0.2291319999999999,False,False,Hox
HOXC13,46,0.002647,-0.013237999999999861,False,True,Hox
HOXC13,47,0.005043,0.05895399999999995,False,True,Hox
HOXC13,48,0.055565,-0.13423000000000007,False,True,Hox
HOXC13,49,0.067834,0.20064100000000007,False,False,Hox
HOXC13,50,0.071716,0.22017500000000023,False,False,Hox
HOXC13,51,0.085404,0.11677800000000005,False,True,Hox
HOXC13,52,0.103038,0.231147,False,False,Hox
HOXC13,53,0.084823,-0.281987,False,False,Hox
HOXC13,54,0.032547,0.14377499999999976,False,False,Hox
HOXC13,55,0.059726,-0.07459499999999997,False,False,Hox
HOXC13,56,0.050444,0.1559670000000004,False,True,Hox
HOXC13,57,0.021044,-0.07232899999999987,False,True,Hox
HOXC13,58,0.043718,0.11254900000000045,False,False,Hox
HOXC13,59,0.130162,0.221978,False,False,Hox
HOXC13,60,0.067101,0.11025200000000002,False,False,Hox
HOXC13,61,0.004741,0.06376500000000007,False,True,Hox
HOXC13,62,0.054112,-0.16949999999999976,False,False,Hox
HOXC13,63,0.020241,-0.06505699999999992,False,True,Hox
HOXC13,64,0.049399,0.08345300000000044,False,True,Hox
HOXC13,65,0.02484,0.04908499999999982,False,False,Hox
HOXC13,66,0.091309,-0.250397,False,False,Hox
HOXC13,67,0.061844,0.12705400000000022,False,True,Hox
HOXC13,68,0.040878,0.11430100000000021,False,True,Hox
HOXC13,69,0.003058,-0.01290099999999983,False,True,Hox
HOXC13,70,0.024466,0.09535500000000052,False,True,Hox
HOXC13,71,0.045817,0.1466580000000004,False,False,Hox
HOXC13,72,0.021042,-0.06875600000000004,False,True,Hox
HOXC13,73,0.082787,0.03933199999999992,False,False,Hox
HOXC13,74,0.073878,0.16516800000000043,False,True,Hox
HOXC13,75,0.06184,0.14346200000000042,False,False,Hox
HOXC13,76,0.0,0.0,True,True,Hox
HOXC13,77,0.04759,0.18156600000000012,False,False,Hox
HOXC13,78,0.010742,-0.05215499999999995,False,True,Hox
HOXC13,79,0.014607,0.10255400000000048,False,True,Hox
HOXC13,80,0.024618,0.11708300000000005,False,True,Hox
HOXC13,81,0.038884,0.16384600000000038,False,False,Hox
HOXC13,82,0.094616,0.22234599999999993,False,False,Hox
HOXC13,83,0.219941,0.23503499999999988,False,False,Hox
HOXC13,84,0.014295,-0.06270700000000007,False,True,Hox
HOXC13,85,0.031579,-0.13797299999999968,False,True,Hox
HOXC13,86,0.039521,0.10286500000000043,False,False,Hox
HOXC13,87,0.093067,-0.271042,False,False,Hox
HOXC13,88,0.182389,-0.03724900000000009,False,False,Hox
HOXC13,89,0.006099,-0.07138700000000009,False,True,Hox
HOXC13,90,0.119671,0.05943200000000015,False,False,Hox
HOXC13,91,0.052281,0.1424840000000005,False,False,Hox
HOXC13,92,0.083008,-0.25299799999999983,False,False,Hox
HOXC13,93,0.07241,-0.22397,False,False,Hox
HOXC13,94,0.025697,-0.1356569999999997,False,False,Hox
HOXC13,95,0.100512,0.0026450000000002305,False,False,Hox
HOXC13,96,0.101054,0.22199599999999986,False,False,Hox
HOXC13,97,0.017984,0.031817000000000206,False,True,Hox
HOXC13,98,0.049027,-0.1287069999999999,False,True,Hox
HOXC13,99,0.138371,0.18931900000000024,False,False,Hox
YAP1,0,0.034442,-0.06819700000000051,False,False,Oncogene
YAP1,1,0.02603,-0.17005600000000065,False,True,Oncogene
YAP1,2,0.012222,0.047549999999999315,False,True,Oncogene
YAP1,3,0.049083,-0.16892700000000005,False,True,Oncogene
YAP1,4,0.032201,-0.18026000000000053,False,False,Oncogene
YAP1,5,0.006772,-0.06845400000000001,False,True,Oncogene
YAP1,6,0.017766,0.09356399999999976,False,True,Oncogene
YAP1,7,0.1197,-0.21507200000000015,False,False,Oncogene
YAP1,8,0.009995,-0.07045400000000068,False,True,Oncogene
YAP1,9,0.130665,-0.01962900000000012,False,False,Oncogene
YAP1,10,0.007819,-0.08182800000000068,False,True,Oncogene
YAP1,11,0.006545,-0.06633400000000034,False,True,Oncogene
YAP1,12,0.005238,-0.07590000000000074,False,True,Oncogene
YAP1,13,0.027493,0.07364799999999949,False,True,Oncogene
YAP1,14,0.130827,0.20801999999999943,False,True,Oncogene
YAP1,15,0.01047,-0.06575500000000023,False,True,Oncogene
YAP1,16,0.022911,-0.17266600000000043,False,False,Oncogene
YAP1,17,0.057234,0.02013599999999993,False,True,Oncogene
YAP1,18,0.025036,0.08518299999999979,False,True,Oncogene
YAP1,19,0.017611,-0.11709600000000009,False,True,Oncogene
YAP1,20,0.087178,0.1238279999999996,False,False,Oncogene
YAP1,21,0.032919,-0.1203530000000006,False,False,Oncogene
YAP1,22,0.022831,-0.16065500000000021,False,True,Oncogene
YAP1,23,0.068034,-0.11471100000000067,False,False,Oncogene
YAP1,24,0.035074,-0.08914700000000053,False,False,Oncogene
YAP1,25,0.084246,0.11870099999999972,False,False,Oncogene
YAP1,26,0.176581,0.1746509999999999,False,False,Oncogene
YAP1,27,0.089501,-0.14729500000000062,False,False,Oncogene
YAP1,28,0.032108,0.06110199999999999,False,False,Oncogene
YAP1,29,0.116513,0.027330000000000076,False,False,Oncogene
YAP1,30,0.017011,-0.1198100000000002,False,True,Oncogene
YAP1,31,0.123647,-0.37394700000000025,False,False,Oncogene
YAP1,32,0.062136,-0.26619300000000035,False,False,Oncogene
YAP1,33,0.045308,-0.17492600000000014,False,True,Oncogene
YAP1,34,0.089771,-0.10922800000000077,False,False,Oncogene
YAP1,35,0.006602,-0.07345100000000038,False,True,Oncogene
YAP1,36,0.049858,0.08336699999999997,False,False,Oncogene
YAP1,37,0.092695,-0.1864600000000003,False,True,Oncogene
YAP1,38,0.023752,0.0877889999999999,False,True,Oncogene
YAP1,39,0.003455,-0.0526390000000001,False,True,Oncogene
YAP1,40,0.073113,-0.28397500000000075,False,False,Oncogene
YAP1,41,0.023932,0.02351100000000006,False,True,Oncogene
YAP1,42,0.059284,0.0296959999999995,False,False,Oncogene
YAP1,43,0.005445,-0.0486930000000001,False,True,Oncogene
YAP1,44,0.1025,0.14726399999999984,False,False,Oncogene
YAP1,45,0.006632,-0.06537300000000013,False,True,Oncogene
YAP1,46,0.041671,-0.1287730000000007,False,True,Oncogene
YAP1,47,0.028295,-0.16628299999999996,False,True,Oncogene
YAP1,48,0.013948,0.048334999999999795,False,True,Oncogene
YAP1,49,0.020106,-0.11217400000000044,False,True,Oncogene
YAP1,50,0.099433,-0.30418900000000004,False,False,Oncogene
YAP1,51,0.029672,-0.18491300000000077,False,False,Oncogene
YAP1,52,0.068975,-0.27272100000000066,False,False,Oncogene
YAP1,53,0.00682,-0.07083400000000051,False,True,Oncogene
YAP1,54,0.00241,-0.015861000000000125,False,True,Oncogene
YAP1,55,0.071173,0.025246999999999353,False,False,Oncogene
YAP1,56,0.018895,0.03049299999999988,False,False,Oncogene
YAP1,57,0.093113,-0.2643950000000004,False,False,Oncogene
YAP1,58,0.021591,-0.15125300000000053,False,False,Oncogene
YAP1,59,0.125422,-0.3717820000000005,False,False,Oncogene
YAP1,60,0.09216,-0.2463570000000006,False,True,Oncogene
YAP1,61,0.049316,-0.22800200000000004,False,False,Oncogene
YAP1,62,0.009855,-0.08192900000000058,False,True,Oncogene
YAP1,63,0.014101,-0.07606100000000016,False,True,Oncogene
YAP1,64,0.03136,0.09615499999999955,False,True,Oncogene
YAP1,65,-0.0,0.0,True,True,Oncogene
YAP1,66,0.080529,0.1458219999999999,False,True,Oncogene
YAP1,67,0.079151,0.08446599999999993,False,True,Oncogene
YAP1,68,0.086746,-0.275385,False,False,Oncogene
YAP1,69,0.036713,0.06020199999999942,False,True,Oncogene
YAP1,70,0.001393,-0.02229100000000006,False,True,Oncogene
YAP1,71,0.074951,0.09407199999999971,False,False,Oncogene
YAP1,72,0.050349,0.1259099999999993,False,True,Oncogene
YAP1,73,0.084091,-0.25596900000000034,False,False,Oncogene
YAP1,74,0.050314,-0.19854100000000052,False,True,Oncogene
YAP1,75,0.08297,0.09636800000000001,False,False,Oncogene
YAP1,76,0.042593,0.02087599999999945,False,True,Oncogene
YAP1,77,0.014868,-0.024060000000000414,False,False,Oncogene
YAP1,78,0.046381,0.10767099999999985,False,True,Oncogene
YAP1,79,0.024151,-0.023005000000000386,False,False,Oncogene
YAP1,80,0.051062,-0.26304900000000053,False,False,Oncogene
YAP1,81,0.057737,-0.24689800000000073,False,False,Oncogene
YAP1,82,0.079068,-0.24598999999999993,False,False,Oncogene
YAP1,83,0.028815,-0.12685100000000027,False,True,Oncogene
YAP1,84,0.042882,-0.16060300000000005,False,True,Oncogene
YAP1,85,0.014619,0.06062399999999979,False,True,Oncogene
YAP1,86,0.059157,0.1341329999999994,False,False,Oncogene
YAP1,87,0.010284,-0.05833900000000014,False,True,Oncogene
YAP1,88,0.034714,0.045722999999999736,False,True,Oncogene
YAP1,89,0.098621,-0.21728400000000025,False,False,Oncogene
YAP1,90,0.021519,0.04860499999999934,False,False,Oncogene
YAP1,91,0.15867,0.17199099999999934,False,True,Oncogene
YAP1,92,0.084415,-0.2760320000000007,False,False,Oncogene
YAP1,93,0.099526,-0.2584800000000005,False,False,Oncogene
YAP1,94,0.001445,0.0052829999999994826,False,True,Oncogene
YAP1,95,0.007083,-0.05665999999999993,False,True,Oncogene
YAP1,96,0.087405,-0.31059200000000065,False,False,Oncogene
YAP1,97,0.040169,0.1191949999999995,False,False,Oncogene
YAP1,98,0.060401,-0.26535300000000017,False,False,Oncogene
YAP1,99,0.129545,0.06892099999999957,False,False,Oncogene
TAZ,0,0.0,0.0,True,True,Oncogene
TAZ,1,0.307145,0.03900099999999984,False,False,Oncogene
TAZ,2,0.01275,-0.06658099999999934,False,True,Oncogene
TAZ,3,0.023058,0.09256600000000059,False,False,Oncogene
TAZ,4,0.040448,0.13499300000000058,False,True,Oncogene
TAZ,5,0.008178,-0.05997999999999948,False,True,Oncogene
TAZ,6,0.205978,-0.3043779999999998,False,True,Oncogene
TAZ,7,0.130836,0.25199900000000053,False,False,Oncogene
TAZ,8,0.079905,-0.22861999999999938,False,False,Oncogene
TAZ,9,0.022564,-0.09034699999999951,False,True,Oncogene
TAZ,10,0.022702,0.16618000000000066,False,False,Oncogene
TAZ,11,0.021585,-0.08929199999999948,False,True,Oncogene
TAZ,12,0.052692,0.07189699999999988,False,True,Oncogene
TAZ,13,0.098927,0.21713300000000046,False,False,Oncogene
TAZ,14,0.008072,0.05911899999999992,False,True,Oncogene
TAZ,15,0.019071,0.11352700000000038,False,True,Oncogene
TAZ,16,0.022431,0.1288640000000001,False,True,Oncogene
TAZ,17,0.008402,-0.02660699999999938,False,True,Oncogene
TAZ,18,0.181079,0.34184000000000037,False,True,Oncogene
TAZ,19,0.002438,0.011709000000000636,False,True,Oncogene
TAZ,20,0.005611,-0.007502999999999815,False,True,Oncogene
TAZ,21,0.066747,0.21673200000000037,False,False,Oncogene
TAZ,22,0.071992,-0.2026399999999997,False,False,Oncogene
TAZ,23,0.080295,0.16975500000000032,False,True,Oncogene
TAZ,24,0.263721,0.3247049999999998,False,False,Oncogene
TAZ,25,0.059203,0.2071430000000003,False,False,Oncogene
TAZ,26,0.051368,-0.0999099999999995,False,False,Oncogene
TAZ,27,0.106842,0.23847899999999989,False,False,Oncogene
TAZ,28,0.132437,0.22320100000000043,False,False,Oncogene
TAZ,29,0.162923,0.33822500000000044,False,False,Oncogene
TAZ,30,0.258392,-0.06940800000000014,False,False,Oncogene
TAZ,31,0.074726,0.02973400000000037,False,False,Oncogene
TAZ,32,0.06666,0.1943060000000001,False,True,Oncogene
TAZ,33,0.2009,-0.25523000000000007,False,False,Oncogene
TAZ,34,0.088892,0.18572200000000016,False,True,Oncogene
TAZ,35,0.048234,0.15991200000000028,False,False,Oncogene
TAZ,36,0.054532,0.1937350000000002,False,True,Oncogene
TAZ,37,0.057307,0.03994000000000053,False,False,Oncogene
TAZ,38,0.019868,-0.034097000000000044,False,True,Oncogene
TAZ,39,0.062262,0.21795700000000018,False,False,Oncogene
TAZ,40,0.034992,0.1182660000000002,False,True,Oncogene
TAZ,41,0.021162,0.09575699999999987,False,True,Oncogene
TAZ,42,0.052818,0.14496300000000062,False,False,Oncogene
TAZ,43,0.007521,-0.07315100000000019,False,True,Oncogene
TAZ,44,0.080595,-0.17847999999999953,False,False,Oncogene
TAZ,45,0.04483,-0.04101599999999994,False,True,Oncogene
TAZ,46,0.023046,-0.11055800000000016,False,False,Oncogene
TAZ,47,0.135186,-0.2596419999999995,False,True,Oncogene
TAZ,48,0.00415,-0.0008580000000000254,False,True,Oncogene
TAZ,49,0.014377,0.0949220000000004,False,True,Oncogene
TAZ,50,0.063922,0.1622900000000005,False,True,Oncogene
TAZ,51,0.032679,0.06891099999999994,False,False,Oncogene
TAZ,52,0.011469,-0.045414000000000065,False,True,Oncogene
TAZ,53,0.038642,0.15323500000000045,False,True,Oncogene
TAZ,54,0.213963,-0.39727900000000016,False,False,Oncogene
TAZ,55,0.023276,0.06918100000000038,False,False,Oncogene
TAZ,56,0.238816,-0.40879699999999985,False,False,Oncogene
TAZ,57,0.027292,-0.105912,False,True,Oncogene
TAZ,58,0.218428,-0.4164279999999998,False,False,Oncogene
TAZ,59,0.044453,-0.08017699999999994,False,True,Oncogene
TAZ,60,0.026068,0.07273500000000066,False,False,Oncogene
TAZ,61,0.126156,0.23495199999999983,False,True,Oncogene
TAZ,62,0.189124,0.3142100000000001,False,False,Oncogene
TAZ,63,0.009769,0.09662300000000013,False,True,Oncogene
TAZ,64,0.033829,0.11856000000000044,False,True,Oncogene
TAZ,65,0.042118,-0.2239040000000001,False,False,Oncogene
TAZ,66,0.050046,-0.1366309999999995,False,True,Oncogene
TAZ,67,0.005099,0.051899000000000584,False,True,Oncogene
TAZ,68,0.002867,0.00837200000000049,False,True,Oncogene
TAZ,69,0.086922,0.19501800000000014,False,False,Oncogene
TAZ,70,0.115304,0.07599300000000042,False,False,Oncogene
TAZ,71,0.061006,0.25468000000000046,False,False,Oncogene
TAZ,72,0.054575,0.2041170000000001,False,False,Oncogene
TAZ,73,0.046697,-0.1504310000000002,False,False,Oncogene
TAZ,74,0.003867,-0.01841600000000021,False,True,Oncogene
TAZ,75,0.017831,0.10936900000000005,False,True,Oncogene
TAZ,76,0.065831,0.19818300000000022,False,True,Oncogene
TAZ,77,0.039019,0.12430300000000027,False,True,Oncogene
TAZ,78,0.013814,0.07667400000000058,False,False,Oncogene
TAZ,79,0.028316,-0.11937899999999946,False,True,Oncogene
TAZ,80,0.056548,0.16919899999999988,False,False,Oncogene
TAZ,81,0.244677,0.14952599999999983,False,False,Oncogene
TAZ,82,0.093313,0.21416600000000052,False,False,Oncogene
TAZ,83,0.041574,0.11219800000000024,False,True,Oncogene
TAZ,84,0.016522,0.08541299999999996,False,True,Oncogene
TAZ,85,0.046168,-0.17962299999999942,False,False,Oncogene
TAZ,86,0.01667,0.11686900000000033,False,True,Oncogene
TAZ,87,0.146181,0.27141400000000004,False,True,Oncogene
TAZ,88,0.067039,0.0797750000000006,False,False,Oncogene
TAZ,89,0.005758,-0.020303999999999434,False,False,Oncogene
TAZ,90,0.021338,0.09775700000000054,False,False,Oncogene
TAZ,91,0.015109,-0.04027199999999986,False,True,Oncogene
TAZ,92,0.011505,0.1293639999999998,False,True,Oncogene
TAZ,93,0.135903,0.2799649999999998,False,False,Oncogene
TAZ,94,0.026941,0.1127830000000003,False,False,Oncogene
TAZ,95,0.030084,-0.07846399999999942,False,True,Oncogene
TAZ,96,0.003398,-0.005651999999999546,False,True,Oncogene
TAZ,97,0.052333,-0.17035299999999953,False,False,Oncogene
TAZ,98,0.091007,0.19996599999999987,False,False,Oncogene
TAZ,99,0.003831,0.029641999999999946,False,True,Oncogene
