seq_idx,source,variant_id,offset,ref,alt,pos,AF,consequence,rsids,injected_idx
1,variant,7-27094806-G-T,837,G,T,27094806.0,0.0,intron_variant,,183
2,variant,7-27094807-T-C,838,T,C,27094807.0,2.6879904721076188e-05,intron_variant,rs761281990,248
3,variant,7-27094807-T-G,838,T,G,27094807.0,0.0,intron_variant,rs761281990,486
4,variant,7-27094810-G-C,841,G,C,27094810.0,2.0765528115832883e-06,intron_variant,rs749973941,539
5,variant,7-27094810-G-A,841,G,A,27094810.0,0.0001571349657833,intron_variant,rs749973941,564
6,variant,7-27094812-A-G,843,A,G,27094812.0,6.942969063518446e-07,intron_variant,,569
7,variant,7-27094813-G-T,844,G,T,27094813.0,2.0193467343681672e-05,intron_variant,rs1390860051,764
8,variant,7-27094814-C-T,845,C,T,27094814.0,5.662564034161619e-06,intron_variant,rs576079236,860
9,variant,7-27094816-A-T,847,A,T,27094816.0,2.228822011846189e-05,intron_variant,rs765680274,923
10,variant,7-27094817-T-G,848,T,G,27094817.0,2.5200215713846512e-06,intron_variant,rs1322970383,935
11,variant,7-27094817-T-A,848,T,A,27094817.0,1.3935437119823856e-06,intron_variant,rs1322970383,1036
12,variant,7-27094818-G-T,849,G,T,27094818.0,0.0,intron_variant,,1082
13,variant,7-27094819-A-G,850,A,G,27094819.0,6.9871045997507e-07,intron_variant,,1123
14,variant,7-27094820-G-C,851,G,C,27094820.0,7.015909275873972e-07,intron_variant,,1446
15,variant,7-27094820-G-T,851,G,T,27094820.0,0.0,intron_variant,,1575
16,variant,7-27094820-G-A,851,G,A,27094820.0,7.015909275873972e-07,intron_variant,,1619
17,variant,7-27094821-A-G,852,A,G,27094821.0,0.0,intron_variant,,1677
18,variant,7-27094821-A-T,852,A,T,27094821.0,7.022008378660397e-07,intron_variant,,1887
19,variant,7-27094822-C-T,853,C,T,27094822.0,7.025747961127942e-07,intron_variant,,1962
20,variant,7-27094822-C-A,853,C,A,27094822.0,1.3153567905294311e-05,intron_variant,rs1367070765,1970
21,variant,7-27094822-C-G,853,C,G,27094822.0,7.025747961127942e-07,intron_variant,rs1367070765,2062
22,variant,7-27094823-G-T,854,G,T,27094823.0,7.052852667318351e-07,intron_variant,rs753177962,2102
23,variant,7-27094823-G-C,854,G,C,27094823.0,1.2739762326994027e-06,intron_variant,rs753177962,2119
24,variant,7-27094823-G-A,854,G,A,27094823.0,1.2102774210644328e-05,intron_variant,rs753177962,2177
25,variant,7-27094824-G-T,855,G,T,27094824.0,0.0,intron_variant,,2199
26,variant,7-27094831-A-G,862,A,G,27094831.0,2.202112853879536e-06,intron_variant,,2234
27,variant,7-27094833-A-G,864,A,G,27094833.0,1.472565370858226e-06,intron_variant,rs1783783659,2244
28,variant,7-27094834-A-C,865,A,C,27094834.0,3.679430365308565e-06,intron_variant,,2273
29,variant,7-27094835-A-T,866,A,T,27094835.0,5.147664431109543e-06,intron_variant,rs1314290493,2322
30,variant,7-27094835-A-G,866,A,G,27094835.0,1.3228213132969998e-06,intron_variant,rs1314290493,2357
31,variant,7-27094836-T-A,867,T,A,27094836.0,5.213562412300432e-06,intron_variant,rs758942349,2396
32,variant,7-27094837-T-G,868,T,G,27094837.0,4.028657181417147e-06,intron_variant,rs778191046,2404
33,variant,7-27094840-T-A,871,T,A,27094840.0,1.5405661888857393e-06,intron_variant,rs2128032828,2575
34,variant,7-27094841-A-T,872,A,T,27094841.0,7.669523308448287e-07,intron_variant,,2634
35,variant,7-27094843-A-G,874,A,G,27094843.0,7.825448672099615e-07,intron_variant,rs1285989717,2690
36,variant,7-27094843-A-C,874,A,C,27094843.0,0.0,intron_variant,,2709
37,variant,7-27094845-C-G,876,C,G,27094845.0,8.080834200676204e-07,intron_variant,,2836
38,variant,7-27094845-C-A,876,C,A,27094845.0,0.0,intron_variant,,2931
39,variant,7-27094845-C-T,876,C,T,27094845.0,1.6161668401352407e-05,intron_variant,rs747572885,2966
40,variant,7-27094846-G-C,877,G,C,27094846.0,1.4826588224130568e-06,intron_variant,rs572556009,3132
41,variant,7-27094846-G-T,877,G,T,27094846.0,1.4827929294501951e-06,intron_variant,rs572556009,3159
42,variant,7-27094846-G-A,877,G,A,27094846.0,0.0,intron_variant,,3172
43,variant,7-27094848-C-A,879,C,A,27094848.0,8.528930131004367e-07,intron_variant,,3211
44,variant,7-27094849-T-C,880,T,C,27094849.0,6.033446410174804e-06,intron_variant,rs1783784030,3458
45,variant,7-27094851-G-T,882,G,T,27094851.0,0.0,intron_variant,,3461
46,variant,7-27094851-G-C,882,G,C,27094851.0,1.7358157813427575e-06,intron_variant,rs1783784072,3489
47,variant,7-27094852-A-G,883,A,G,27094852.0,1.742239195503629e-06,intron_variant,,3499
48,variant,7-27094853-G-T,884,G,T,27094853.0,8.933484845236309e-07,intron_variant,,3527
49,variant,7-27094855-T-G,886,T,G,27094855.0,1.0452915318082212e-05,intron_variant,,3598
50,variant,7-27094856-T-A,887,T,A,27094856.0,0.014257622875279,intron_variant,rs111259912,3774
51,variant,7-27094857-C-A,888,C,A,27094857.0,0.0,intron_variant,,3781
52,variant,7-27094857-C-T,888,C,T,27094857.0,6.570733950982325e-06,intron_variant,rs561337539,3788
53,variant,7-27094858-C-T,889,C,T,27094858.0,1.9011732139903533e-06,intron_variant,rs1783784238,3811
54,variant,7-27094859-C-G,890,C,G,27094859.0,1.924398096385403e-05,intron_variant,rs947408134,3973
55,variant,7-27094859-C-T,890,C,T,27094859.0,1.924398096385403e-06,intron_variant,,4002
56,variant,7-27094859-C-A,890,C,A,27094859.0,0.0,intron_variant,,4014
57,variant,7-27094861-A-T,892,A,T,27094861.0,0.0,intron_variant,,4078
58,variant,7-27094861-A-G,892,A,G,27094861.0,9.660230377174034e-07,intron_variant,,4114
59,variant,7-27094862-C-T,893,C,T,27094862.0,1.082845560628523e-05,intron_variant,rs1783784401,4127
60,variant,7-27094863-A-T,894,A,T,27094863.0,9.978805018141468e-07,intron_variant,,4142
61,variant,7-27094863-A-G,894,A,G,27094863.0,9.978805018141468e-07,intron_variant,,4248
62,variant,7-27094864-C-T,895,C,T,27094864.0,1.0262536201096447e-05,intron_variant,rs757644056,4362
63,variant,7-27094864-C-G,895,C,G,27094864.0,3.078760860328934e-06,intron_variant,rs757644056,4396
64,variant,7-27094864-C-A,895,C,A,27094864.0,0.0,intron_variant,rs757644056,4467
65,variant,7-27094865-G-T,896,G,T,27094865.0,1.0246405560929223e-06,intron_variant,,4502
66,variant,7-27094865-G-A,896,G,A,27094865.0,2.482071465929137e-05,intron_variant,rs779609688,4516
67,variant,7-27094866-C-A,897,C,A,27094866.0,0.0,intron_variant,,4682
68,variant,7-27094868-T-C,899,T,C,27094868.0,1.0693608857730088e-06,intron_variant,,4685
69,variant,7-27094871-T-C,902,T,C,27094871.0,2.196325108827909e-06,intron_variant,,4806
70,variant,7-27094871-T-A,902,T,A,27094871.0,0.0,intron_variant,,4946
71,variant,7-27094873-G-A,904,G,A,27094873.0,1.1204883536440522e-06,intron_variant,,4966
72,variant,7-27094873-G-T,904,G,T,27094873.0,1.1204933756431632e-06,intron_variant,,5031
73,variant,7-27094874-C-A,905,C,A,27094874.0,1.1200064512371591e-06,intron_variant,,5064
74,variant,7-27094874-C-T,905,C,T,27094874.0,0.0,intron_variant,rs1783784698,5318
75,variant,7-27094877-C-A,908,C,A,27094877.0,0.0,intron_variant,,5606
76,variant,7-27094877-C-G,908,C,G,27094877.0,1.1515589805478658e-06,intron_variant,,5609
77,variant,7-27094879-C-A,910,C,A,27094879.0,0.0,intron_variant,,5747
78,variant,7-27094880-T-C,911,T,C,27094880.0,1.166719557953294e-06,intron_variant,,5799
79,variant,7-27094880-T-A,911,T,A,27094880.0,0.0,intron_variant,,5903
80,variant,7-27094881-C-T,912,C,T,27094881.0,1.1725446329114518e-06,intron_variant,,5926
81,variant,7-27094881-C-A,912,C,A,27094881.0,1.1725446329114518e-06,intron_variant,,5928
82,variant,7-27094882-A-G,913,A,G,27094882.0,0.0,intron_variant,,6078
83,variant,7-27094883-G-T,914,G,T,27094883.0,0.0,intron_variant,,6086
84,variant,7-27094884-G-T,915,G,T,27094884.0,0.0,intron_variant,,6395
85,variant,7-27094884-G-A,915,G,A,27094884.0,1.5422578655151142e-05,intron_variant,rs902455204,6489
86,variant,7-27094884-G-C,915,G,C,27094884.0,3.0845157310302283e-06,intron_variant,rs902455204,6548
87,variant,7-27094885-T-A,916,T,A,27094885.0,1.2168766184459023e-06,intron_variant,,6606
88,variant,7-27094889-G-T,920,G,T,27094889.0,1.245494423921464e-06,intron_variant,rs2128032847,6656
89,variant,7-27094889-G-A,920,G,A,27094889.0,1.245494423921464e-06,intron_variant,,6767
90,variant,7-27094892-A-T,923,A,T,27094892.0,1.2828703454256691e-06,intron_variant,,6830
91,variant,7-27094893-A-G,924,A,G,27094893.0,0.0,intron_variant,rs999346191,6853
92,variant,7-27094894-G-C,925,G,C,27094894.0,1.3111521356045983e-06,intron_variant,,6859
93,variant,7-27094894-G-T,925,G,T,27094894.0,1.31115557385346e-06,intron_variant,,6874
94,variant,7-27094895-A-C,926,A,C,27094895.0,1.3164269014470164e-06,intron_variant,,6976
95,variant,7-27094896-T-G,927,T,G,27094896.0,1.3332942233694475e-06,intron_variant,,7018
96,variant,7-27094897-C-A,928,C,A,27094897.0,0.0,intron_variant,,7096
97,variant,7-27094899-A-G,930,A,G,27094899.0,1.3737244968047169e-06,intron_variant,,7132
98,variant,7-27094900-G-A,931,G,A,27094900.0,1.3731887640202574e-06,intron_variant,,7267
99,variant,7-27094900-G-T,931,G,T,27094900.0,0.0,intron_variant,,7279
100,variant,7-27094902-A-G,933,A,G,27094902.0,0.0,intron_variant,,7342
101,variant,7-27094903-C-A,934,C,A,27094903.0,1.4018599878318553e-06,intron_variant,,7467
102,variant,7-27094905-C-A,936,C,A,27094905.0,0.0,intron_variant,,7470
103,variant,7-27094906-A-G,937,A,G,27094906.0,0.0,intron_variant,,7486
104,variant,7-27094907-G-T,938,G,T,27094907.0,1.4761672792760876e-06,intron_variant,,7530
105,variant,7-27094908-C-A,939,C,A,27094908.0,0.0,intron_variant,,7538
106,variant,7-27094910-C-A,941,C,A,27094910.0,0.0,intron_variant,,7607
107,variant,7-27094911-A-T,942,A,T,27094911.0,1.5038453325152417e-06,intron_variant,,7679
108,variant,7-27094912-A-C,943,A,C,27094912.0,0.0,intron_variant,,7724
109,variant,7-27094913-A-C,944,A,C,27094913.0,1.532717385306758e-06,intron_variant,,7740
110,variant,7-27094913-A-T,944,A,T,27094913.0,1.532717385306758e-06,intron_variant,,7876
111,variant,7-27094914-T-C,945,T,C,27094914.0,6.574794866400168e-06,intron_variant,rs1350217258,7921
112,variant,7-27094915-C-T,946,C,T,27094915.0,0.0,intron_variant,rs2128032852,7968
113,variant,7-27094915-C-A,946,C,A,27094915.0,6.198052571881915e-06,intron_variant,,8004
114,variant,7-27094916-G-A,947,G,A,27094916.0,0.0,intron_variant,,8049
115,variant,7-27094917-G-A,948,G,A,27094917.0,0.0,intron_variant,,8161
116,variant,7-27094918-G-A,949,G,A,27094918.0,6.50607928047968e-06,intron_variant,rs1783784933,8211
117,variant,7-27094918-G-T,949,G,T,27094918.0,3.244741085885052e-06,intron_variant,,8267
118,variant,7-27094919-C-A,950,C,A,27094919.0,1.618363898832836e-06,intron_variant,,8293
119,variant,7-27094921-G-A,952,G,A,27094921.0,0.0,intron_variant,,8419
120,variant,7-27094921-G-T,952,G,T,27094921.0,0.0,intron_variant,,8508
121,variant,7-27094923-G-A,954,G,A,27094923.0,6.572720580502681e-06,intron_variant,rs1278804413,8610
122,variant,7-27094923-G-T,954,G,T,27094923.0,0.0,intron_variant,,8639
123,variant,7-27094924-G-T,955,G,T,27094924.0,0.0,intron_variant,,8751
124,variant,7-27094924-G-C,955,G,C,27094924.0,1.699633898858186e-06,intron_variant,,8985
125,variant,7-27094926-G-A,957,G,A,27094926.0,3.399949680744725e-06,intron_variant,,9057
126,variant,7-27094926-G-T,957,G,T,27094926.0,0.0,intron_variant,,9070
127,variant,7-27094927-G-T,958,G,T,27094927.0,5.601827562084645e-05,intron_variant,rs746342260,9098
128,variant,7-27094927-G-A,958,G,A,27094927.0,0.0,intron_variant,,9144
129,variant,7-27094928-G-A,959,G,A,27094928.0,3.4464219247577164e-06,intron_variant,rs1783785138,9153
130,variant,7-27094929-T-C,960,T,C,27094929.0,0.0,intron_variant,,9262
131,variant,7-27094930-G-T,961,G,T,27094930.0,0.0,intron_variant,,9459
132,variant,7-27094930-G-C,961,G,C,27094930.0,1.7691099254143256e-06,intron_variant,rs1783785190,9583
133,variant,7-27094931-A-G,962,A,G,27094931.0,0.0,intron_variant,,9926
134,variant,7-27094932-G-T,963,G,T,27094932.0,1.7855803671867468e-06,intron_variant,,10079
135,variant,7-27094933-T-C,964,T,C,27094933.0,0.0,intron_variant,,10124
136,variant,7-27094934-G-T,965,G,T,27094934.0,0.0,intron_variant,,10148
137,variant,7-27094934-G-A,965,G,A,27094934.0,0.0,intron_variant,,10149
138,variant,7-27094936-T-C,967,T,C,27094936.0,3.5848718408316903e-06,intron_variant,,10348
139,variant,7-27094937-G-A,968,G,A,27094937.0,0.0,intron_variant,,10367
140,variant,7-27094937-G-T,968,G,T,27094937.0,0.0,intron_variant,,10418
141,variant,7-27094937-G-C,968,G,C,27094937.0,0.0,intron_variant,,10671
142,variant,7-27094938-A-G,969,A,G,27094938.0,0.0,intron_variant,rs1272237784,10749
143,variant,7-27094939-G-T,970,G,T,27094939.0,0.0,intron_variant,,10763
144,variant,7-27094939-G-A,970,G,A,27094939.0,7.197869430648528e-06,intron_variant,rs1429095606,10768
145,variant,7-27094940-G-C,971,G,C,27094940.0,1.850878426901408e-06,intron_variant,,10806
146,variant,7-27094942-G-T,973,G,T,27094942.0,0.0,intron_variant,,10815
147,variant,7-27094942-G-A,973,G,A,27094942.0,0.0,intron_variant,,10821
148,variant,7-27094943-T-C,974,T,C,27094943.0,0.0,intron_variant,,10874
149,variant,7-27094943-T-A,974,T,A,27094943.0,0.0,intron_variant,,10884
150,variant,7-27094944-A-G,975,A,G,27094944.0,3.704787697141015e-06,intron_variant,,10938
151,variant,7-27094945-A-G,976,A,G,27094945.0,0.0,intron_variant,,10945
152,variant,7-27094946-A-G,977,A,G,27094946.0,0.0,intron_variant,,10995
153,variant,7-27094947-G-T,978,G,T,27094947.0,0.0,intron_variant,,11002
154,variant,7-27094947-G-A,978,G,A,27094947.0,0.0,intron_variant,,11075
155,variant,7-27094949-G-A,980,G,A,27094949.0,3.943787876796067e-05,intron_variant,rs768343894,11106
156,variant,7-27094955-C-T,986,C,T,27094955.0,6.578081831337982e-06,intron_variant,rs1783785520,11112
157,variant,7-27094964-A-G,995,A,G,27094964.0,6.574708411681942e-06,intron_variant,rs888833693,11134
158,variant,7-27094966-C-T,997,C,T,27094966.0,6.577043487411538e-06,intron_variant,rs896210855,11168
159,variant,7-27094973-A-C,1004,A,C,27094973.0,1.3145268360653585e-05,intron_variant,rs1172482226,11331
160,variant,7-27094974-T-C,1005,T,C,27094974.0,6.575313642460746e-06,intron_variant,rs1016469881,11359
161,variant,7-27094984-G-A,1015,G,A,27094984.0,1.974827531728896e-05,intron_variant,rs1012004915,11364
162,variant,7-27094993-T-C,1024,T,C,27094993.0,6.578168374797721e-06,intron_variant,rs1023686847,11440
163,variant,7-27094997-G-C,1028,G,C,27094997.0,6.58085235199663e-06,intron_variant,rs1783786118,11461
164,variant,7-27095001-C-G,1032,C,G,27095001.0,1.3162917429018968e-05,intron_variant,rs1474988491,11488
165,variant,7-27095004-G-T,1035,G,T,27095004.0,6.579639962101274e-06,intron_variant,rs993821715,11520
166,variant,7-27095005-A-G,1036,A,G,27095005.0,6.577908751249803e-06,intron_variant,rs1783786261,11524
167,variant,7-27095019-C-T,1050,C,T,27095019.0,0.0497666162645453,intron_variant,rs74458426,11602
168,variant,7-27095020-T-C,1051,T,C,27095020.0,1.973736150951341e-05,intron_variant,rs1191744522,11638
169,variant,7-27095029-A-C,1060,A,C,27095029.0,6.574794866400168e-06,intron_variant,rs951448886,11665
170,variant,7-27095037-C-A,1068,C,A,27095037.0,5.920429428481213e-05,intron_variant,rs1783786629,11670
171,variant,7-27095039-C-A,1070,C,A,27095039.0,0.0,intron_variant,,11757
172,variant,7-27095040-C-T,1071,C,T,27095040.0,6.570043230884459e-06,intron_variant,rs544078580,11803
173,variant,7-27095043-C-A,1074,C,A,27095043.0,1.971738416036805e-05,intron_variant,rs1275774885,12016
174,variant,7-27095043-C-T,1074,C,T,27095043.0,6.572461386789352e-06,intron_variant,rs1275774885,12128
175,variant,7-27095047-C-T,1078,C,T,27095047.0,1.3137324452502005e-05,intron_variant,rs2128032879,12229
176,variant,7-27095048-T-C,1079,T,C,27095048.0,2.630990436349764e-05,intron_variant,rs1783786840,12256
177,variant,7-27095050-C-T,1081,C,T,27095050.0,6.57384398953444e-06,intron_variant,rs981412262,12292
178,variant,7-27095051-C-T,1082,C,T,27095051.0,1.3145959589320222e-05,intron_variant,rs1375301567,12295
179,variant,7-27095056-T-C,1087,T,C,27095056.0,6.579120503171136e-06,intron_variant,rs928638321,12298
180,variant,7-27095063-T-A,1094,T,A,27095063.0,6.569180034948038e-06,intron_variant,rs2128032883,12303
181,variant,7-27095064-G-A,1095,G,A,27095064.0,6.574362615544423e-06,intron_variant,rs1015160283,12338
182,variant,7-27095066-A-G,1097,A,G,27095066.0,1.971479266609713e-05,intron_variant,rs1311693361,12344
183,variant,7-27095072-T-A,1103,T,A,27095072.0,6.580679126085812e-06,intron_variant,rs1409938938,12435
184,variant,7-27095074-C-T,1105,C,T,27095074.0,6.574535509066285e-06,intron_variant,rs1356183053,12515
185,variant,7-27095078-A-C,1109,A,C,27095078.0,6.572720580502681e-06,intron_variant,rs1462504705,12523
186,variant,7-27095082-C-T,1113,C,T,27095082.0,0.0,intron_variant,,12654
187,variant,7-27095082-C-A,1113,C,A,27095082.0,0.0,intron_variant,,12867
188,variant,7-27095083-A-C,1114,A,C,27095083.0,0.0,intron_variant,,12977
189,variant,7-27095084-C-A,1115,C,A,27095084.0,1.7402987048697038e-06,intron_variant,,12982
190,variant,7-27095085-A-G,1116,A,G,27095085.0,0.0,intron_variant,,13323
191,variant,7-27095086-C-A,1117,C,A,27095086.0,0.0,intron_variant,rs1783787414,13454
192,variant,7-27095086-C-T,1117,C,T,27095086.0,0.0,intron_variant,rs1783787414,13497
193,variant,7-27095087-C-A,1118,C,A,27095087.0,0.0,intron_variant,,13516
194,variant,7-27095087-C-T,1118,C,T,27095087.0,0.0,intron_variant,,13540
195,variant,7-27095089-A-G,1120,A,G,27095089.0,4.066010322244872e-05,intron_variant,rs563794677,13589
196,variant,7-27095089-A-C,1120,A,C,27095089.0,0.0,intron_variant,,13600
197,variant,7-27095090-T-C,1121,T,C,27095090.0,5.420965040196455e-06,intron_variant,rs192550586,13653
198,variant,7-27095091-C-A,1122,C,A,27095091.0,0.0,intron_variant,,13683
199,variant,7-27095092-C-A,1123,C,A,27095092.0,0.0,intron_variant,,13712
200,variant,7-27095092-C-T,1123,C,T,27095092.0,0.0,intron_variant,,13753
201,variant,7-27095093-C-A,1124,C,A,27095093.0,1.6593764726966195e-06,intron_variant,,13812
202,variant,7-27095094-T-C,1125,T,C,27095094.0,2.117135832788612e-05,intron_variant,rs1471104517,13821
203,variant,7-27095095-G-C,1126,G,C,27095095.0,1.3156336749595442e-05,intron_variant,rs1338415962,13853
204,variant,7-27095097-G-T,1128,G,T,27095097.0,0.0,intron_variant,,13854
205,variant,7-27095098-A-T,1129,A,T,27095098.0,0.0,intron_variant,rs769364847,13953
206,variant,7-27095099-C-A,1130,C,A,27095099.0,0.0,intron_variant,,13997
207,variant,7-27095099-C-G,1130,C,G,27095099.0,1.6026462895533103e-06,intron_variant,,14004
208,variant,7-27095099-C-T,1130,C,T,27095099.0,0.0,intron_variant,,14079
209,variant,7-27095101-T-C,1132,T,C,27095101.0,1.578277846345182e-06,intron_variant,,14231
210,variant,7-27095102-C-A,1133,C,A,27095102.0,1.5502385817177265e-06,intron_variant,,14251
211,variant,7-27095102-C-T,1133,C,T,27095102.0,6.200954326870906e-06,intron_variant,rs1783787780,14403
212,variant,7-27095104-T-C,1135,T,C,27095104.0,0.0,intron_variant,,14471
213,variant,7-27095106-G-T,1137,G,T,27095106.0,0.0,intron_variant,,14532
214,variant,7-27095106-G-A,1137,G,A,27095106.0,0.0,intron_variant,,14631
215,variant,7-27095107-C-T,1138,C,T,27095107.0,3.01863828019725e-05,intron_variant,rs976192795,14718
216,variant,7-27095107-C-A,1138,C,A,27095107.0,1.479154278749582e-06,intron_variant,,14935
217,variant,7-27095107-C-G,1138,C,G,27095107.0,3.6223659362367e-06,intron_variant,rs976192795,15077
218,variant,7-27095108-C-T,1139,C,T,27095108.0,6.902461084400437e-05,intron_variant,rs923460210,15254
219,variant,7-27095108-C-A,1139,C,A,27095108.0,0.0,intron_variant,,15342
220,variant,7-27095109-C-A,1140,C,A,27095109.0,0.0,intron_variant,,15535
221,variant,7-27095109-C-G,1140,C,G,27095109.0,6.574881323392112e-06,intron_variant,rs914716031,15570
222,variant,7-27095110-C-T,1141,C,T,27095110.0,0.0,intron_variant,,15588
223,variant,7-27095110-C-A,1141,C,A,27095110.0,1.41685605309243e-06,intron_variant,,15606
224,variant,7-27095112-A-G,1143,A,G,27095112.0,1.604602918085021e-05,intron_variant,rs953424568,15645
225,variant,7-27095112-A-T,1143,A,T,27095112.0,3.095009926957766e-05,intron_variant,rs953424568,15650
226,variant,7-27095113-C-A,1144,C,A,27095113.0,4.189639858557759e-06,intron_variant,,15721
227,variant,7-27095115-C-T,1146,C,T,27095115.0,6.703203595062152e-06,intron_variant,,15751
228,variant,7-27095115-C-G,1146,C,G,27095115.0,1.3406407190124303e-06,intron_variant,,15857
229,variant,7-27095115-C-A,1146,C,A,27095115.0,0.0,intron_variant,,15880
230,variant,7-27095116-C-A,1147,C,A,27095116.0,0.0,intron_variant,,16129
231,variant,7-27095117-T-C,1148,T,C,27095117.0,3.286446693834626e-05,intron_variant,rs552758495,16169
232,variant,7-27095117-T-G,1148,T,G,27095117.0,1.305496663150529e-06,intron_variant,,16204
233,variant,7-27095117-T-A,1148,T,A,27095117.0,3.267924018587952e-05,intron_variant,rs552758495,16411
234,variant,7-27095118-C-A,1149,C,A,27095118.0,1.0860664194779497e-06,intron_variant,rs1783788111,16444
235,variant,7-27095118-C-G,1149,C,G,27095118.0,6.5731526154574255e-06,intron_variant,rs1783788111,16452
236,variant,7-27095120-G-T,1151,G,T,27095120.0,0.0,intron_variant,,16455
237,variant,7-27095121-G-T,1152,G,T,27095121.0,0.0,intron_variant,,16475
238,variant,7-27095122-G-A,1153,G,A,27095122.0,0.0,intron_variant,,16499
239,variant,7-27095122-G-T,1153,G,T,27095122.0,1.2641745572228614e-06,intron_variant,,16549
240,variant,7-27095123-C-T,1154,C,T,27095123.0,0.0,intron_variant,,16556
241,variant,7-27095123-C-A,1154,C,A,27095123.0,1.0563811761325463e-06,intron_variant,rs1235557425,16616
242,variant,7-27095124-A-C,1155,A,C,27095124.0,0.0,intron_variant,,16725
243,variant,7-27095125-C-A,1156,C,A,27095125.0,0.0,intron_variant,,16736
244,variant,7-27095126-C-T,1157,C,T,27095126.0,3.637951105937136e-06,intron_variant,rs1227460708,16772
245,variant,7-27095126-C-A,1157,C,A,27095126.0,1.212650368645712e-06,intron_variant,,16870
246,variant,7-27095127-C-A,1158,C,A,27095127.0,0.0,intron_variant,,16871
247,variant,7-27095129-C-A,1160,C,A,27095129.0,0.0,intron_variant,,16882
248,variant,7-27095130-T-C,1161,T,C,27095130.0,3.949532868999919e-06,intron_variant,rs914679916,16965
249,variant,7-27095131-C-T,1162,C,T,27095131.0,4.906424668718206e-06,intron_variant,rs947389812,16975
250,variant,7-27095131-C-A,1162,C,A,27095131.0,1.1534663972169165e-06,intron_variant,,17187
251,variant,7-27095132-C-A,1163,C,A,27095132.0,0.0,intron_variant,,17284
252,variant,7-27095132-C-T,1163,C,T,27095132.0,3.4471743511843343e-06,intron_variant,,17289
253,variant,7-27095135-G-A,1166,G,A,27095135.0,0.0,intron_variant,,17313
254,variant,7-27095135-G-T,1166,G,T,27095135.0,2.248889048809888e-06,intron_variant,,17382
255,variant,7-27095136-C-A,1167,C,A,27095136.0,1.114183782386537e-06,intron_variant,,17451
256,variant,7-27095136-C-T,1167,C,T,27095136.0,1.114181299581068e-06,intron_variant,,17503
257,variant,7-27095137-A-C,1168,A,C,27095137.0,6.572547782422378e-06,intron_variant,rs1783788371,17688
258,variant,7-27095138-C-G,1169,C,G,27095138.0,1.0298873303260622e-06,intron_variant,,17794
259,variant,7-27095139-T-C,1170,T,C,27095139.0,0.0,intron_variant,,17815
260,variant,7-27095140-A-T,1171,A,T,27095140.0,0.0,intron_variant,,17896
261,variant,7-27095141-C-A,1172,C,A,27095141.0,0.0,intron_variant,,17923
262,variant,7-27095142-A-G,1173,A,G,27095142.0,1.0068202000350374e-06,intron_variant,,17941
263,variant,7-27095144-C-A,1175,C,A,27095144.0,0.0,intron_variant,,18137
264,variant,7-27095145-A-G,1176,A,G,27095145.0,9.928751280808917e-07,intron_variant,,18143
265,variant,7-27095146-C-G,1177,C,G,27095146.0,9.82468826264143e-07,intron_variant,,18224
266,variant,7-27095146-C-A,1177,C,A,27095146.0,0.0,intron_variant,,18314
267,variant,7-27095146-C-T,1177,C,T,27095146.0,4.187998393176127e-05,intron_variant,rs923824746,18359
268,variant,7-27095147-T-C,1178,T,C,27095147.0,9.816394163564686e-07,intron_variant,,18395
269,variant,7-27095148-A-T,1179,A,T,27095148.0,0.0,intron_variant,,18709
270,variant,7-27095149-G-A,1180,G,A,27095149.0,9.513824538436804e-07,intron_variant,,18713
271,variant,7-27095149-G-T,1180,G,T,27095149.0,9.513878846461218e-07,intron_variant,,18761
272,variant,7-27095151-C-T,1182,C,T,27095151.0,2.444075479568344e-05,intron_variant,rs142020905,18763
273,variant,7-27095151-C-G,1182,C,G,27095151.0,1.3144922773578704e-05,intron_variant,rs142020905,18850
274,variant,7-27095153-G-T,1184,G,T,27095153.0,9.10773355871938e-07,intron_variant,,18866
275,variant,7-27095153-G-C,1184,G,C,27095153.0,1.9200245763145768e-05,intron_variant,rs1205255379,18946
276,variant,7-27095154-A-C,1185,A,C,27095154.0,9.003428505574923e-07,intron_variant,,18986
277,variant,7-27095154-A-G,1185,A,G,27095154.0,1.8006857011149846e-06,intron_variant,,18987
278,variant,7-27095155-T-C,1186,T,C,27095155.0,8.906210478691001e-07,intron_variant,rs2128032912,19070
279,variant,7-27095156-A-T,1187,A,T,27095156.0,2.637311630016826e-06,intron_variant,,19143
280,variant,7-27095156-A-G,1187,A,G,27095156.0,0.0,intron_variant,,19184
281,variant,7-27095157-C-A,1188,C,A,27095157.0,6.573757559821194e-06,intron_variant,rs1459712125,19216
282,variant,7-27095157-C-T,1188,C,T,27095157.0,8.655041215306267e-07,intron_variant,,19276
283,variant,7-27095158-A-G,1189,A,G,27095158.0,1.719081460394082e-06,intron_variant,,19310
284,variant,7-27095162-G-A,1193,G,A,27095162.0,3.3904856192552458e-06,intron_variant,rs1783788653,19323
285,variant,7-27095162-G-C,1193,G,C,27095162.0,8.476214048138114e-07,intron_variant,,19350
286,variant,7-27095162-G-T,1193,G,T,27095162.0,6.5821518370785775e-06,intron_variant,rs1783788653,19379
287,variant,7-27095165-T-C,1196,T,C,27095165.0,0.0,intron_variant,,19439
288,variant,7-27095166-T-C,1197,T,C,27095166.0,8.038197514589328e-07,intron_variant,rs1583403509,19471
289,variant,7-27095167-T-C,1198,T,C,27095167.0,1.4265660842472866e-06,intron_variant,rs1415931463,19502
290,variant,7-27095167-T-A,1198,T,A,27095167.0,8.000192004608111e-07,intron_variant,,19583
291,variant,7-27095168-T-A,1199,T,A,27095168.0,0.0037710340613672,intron_variant,rs114515644,19607
292,variant,7-27095169-A-C,1200,A,C,27095169.0,0.000328422701041,intron_variant,rs17465309,19660
293,variant,7-27095169-A-T,1200,A,T,27095169.0,0.008521297806779,intron_variant,rs17465309,19692
294,variant,7-27095169-A-G,1200,A,G,27095169.0,8.148378717086662e-07,intron_variant,,19716
295,variant,7-27095170-A-T,1201,A,T,27095170.0,4.220275893502744e-06,intron_variant,rs898975970,19757
296,variant,7-27095171-A-C,1202,A,C,27095171.0,7.811486947786459e-07,intron_variant,,19902
297,variant,7-27095172-A-T,1203,A,T,27095172.0,1.0887959782987408e-05,intron_variant,,19914
298,variant,7-27095174-A-G,1205,A,G,27095174.0,7.757771347447305e-07,intron_variant,,20107
299,variant,7-27095176-A-G,1207,A,G,27095176.0,1.3880560552557357e-05,intron_variant,rs1272144479,20132
300,variant,7-27095177-G-C,1208,G,C,27095177.0,0.0,intron_variant,,20185
301,variant,7-27095177-G-T,1208,G,T,27095177.0,7.74802193000127e-07,intron_variant,,20191
302,variant,7-27095178-A-T,1209,A,T,27095178.0,7.740417363304229e-07,intron_variant,rs1783789434,20294
303,variant,7-27095180-C-T,1211,C,T,27095180.0,7.673171981872899e-07,intron_variant,rs1783789526,20367
304,variant,7-27095181-A-T,1212,A,T,27095181.0,7.64863984237683e-07,intron_variant,rs1562699392,20422
305,variant,7-27095182-T-C,1213,T,C,27095182.0,1.639698186220523e-05,intron_variant,rs781338498,20580
306,variant,7-27095183-T-A,1214,T,A,27095183.0,0.0,intron_variant,,20585
307,variant,7-27095187-A-T,1218,A,T,27095187.0,0.0,intron_variant,,20601
308,variant,7-27095187-A-G,1218,A,G,27095187.0,2.4208906725772264e-05,intron_variant,rs536977600,20607
309,variant,7-27095192-C-T,1223,C,T,27095192.0,7.364106461414291e-07,intron_variant,,20705
310,variant,7-27095193-C-T,1224,C,T,27095193.0,7.310315586323862e-07,intron_variant,,20721
311,variant,7-27095194-T-A,1225,T,A,27095194.0,2.2161908997291816e-06,intron_variant,rs770059415,20816
312,variant,7-27095195-T-C,1226,T,C,27095195.0,2.947218268037713e-06,intron_variant,,21140
313,variant,7-27095195-T-A,1226,T,A,27095195.0,2.2104299875773835e-06,intron_variant,rs775263660,21150
314,variant,7-27095196-G-C,1227,G,C,27095196.0,1.4576218316767462e-06,intron_variant,,21159
315,variant,7-27095196-G-T,1227,G,T,27095196.0,0.0,intron_variant,,21174
316,variant,7-27095197-G-T,1228,G,T,27095197.0,7.237303959528997e-07,intron_variant,,21178
317,variant,7-27095198-A-G,1229,A,G,27095198.0,7.21300880564115e-07,intron_variant,,21189
318,variant,7-27095200-A-G,1231,A,G,27095200.0,7.168869899349067e-07,intron_variant,rs749125974,21211
319,variant,7-27095201-T-C,1232,T,C,27095201.0,7.171173031799849e-07,intron_variant,,21304
320,variant,7-27095202-T-C,1233,T,C,27095202.0,2.8598760815693856e-06,intron_variant,,21907
321,variant,7-27095203-A-T,1234,A,T,27095203.0,0.0,intron_variant,,22047
322,variant,7-27095205-G-T,1236,G,T,27095205.0,7.165048321085877e-07,intron_variant,rs1368512645,22212
323,variant,7-27095206-C-T,1237,C,T,27095206.0,7.134184013435095e-07,intron_variant,,22269
324,variant,7-27095207-A-T,1238,A,T,27095207.0,0.0,intron_variant,,22288
325,variant,7-27095207-A-G,1238,A,G,27095207.0,6.569266344334665e-06,intron_variant,rs1783789932,22350
326,variant,7-27095208-T-C,1239,T,C,27095208.0,7.059674012492799e-07,intron_variant,rs768619999,22352
327,variant,7-27095211-C-T,1242,C,T,27095211.0,7.035000534660041e-07,intron_variant,rs1156493183,22371
328,variant,7-27095211-C-A,1242,C,A,27095211.0,1.4069981272854926e-06,intron_variant,,22436
329,variant,7-27095213-G-T,1244,G,T,27095213.0,0.0,intron_variant,,22569
330,variant,7-27095215-T-G,1246,T,G,27095215.0,6.967048646720471e-07,intron_variant,,22623
331,variant,7-27095216-C-T,1247,C,T,27095216.0,0.0,intron_variant,,22749
332,variant,7-27095217-C-A,1248,C,A,27095217.0,6.928182460613282e-07,intron_variant,rs1390470284,22785
333,variant,7-27095217-C-T,1248,C,T,27095217.0,0.0,intron_variant,,22855
334,variant,7-27095222-A-G,1253,A,G,27095222.0,1.383860861093582e-06,intron_variant,,22865
335,variant,7-27095223-G-T,1254,G,T,27095223.0,6.913630776165673e-07,intron_variant,rs774113767,23037
336,variant,7-27095223-G-A,1254,G,A,27095223.0,6.573325445342799e-06,intron_variant,rs774113767,23243
337,variant,7-27095225-A-G,1256,A,G,27095225.0,6.900854049697191e-07,intron_variant,,23281
338,variant,7-27095228-A-T,1259,A,T,27095228.0,8.255808993603124e-06,intron_variant,rs1305595842,23374
339,variant,7-27095228-A-G,1259,A,G,27095228.0,6.879840828002603e-07,intron_variant,,23388
340,variant,7-27095230-C-G,1261,C,G,27095230.0,6.875829396921004e-07,intron_variant,,23428
341,variant,7-27095232-A-C,1263,A,C,27095232.0,6.57133845021554e-06,intron_variant,rs1438430533,23778
342,variant,7-27095234-G-A,1265,G,A,27095234.0,6.85252542972187e-07,intron_variant,,23801
343,variant,7-27095234-G-C,1265,G,C,27095234.0,1.370505085944374e-06,intron_variant,,23832
344,variant,7-27095235-A-C,1266,A,C,27095235.0,4.795933048774639e-06,intron_variant,rs1399825437,23879
345,variant,7-27095235-A-G,1266,A,G,27095235.0,6.851332926820913e-07,intron_variant,rs1399825437,23891
346,variant,7-27095236-G-A,1267,G,A,27095236.0,1.3031094674005448e-05,intron_variant,rs550864825,23899
347,variant,7-27095240-C-T,1271,C,T,27095240.0,1.053901481289529e-05,intron_variant,rs183650345,23960
348,variant,7-27095242-A-T,1273,A,T,27095242.0,6.843765056283124e-07,intron_variant,,24049
349,variant,7-27095243-C-T,1274,C,T,27095243.0,6.842997013716103e-07,intron_variant,rs1783790597,24056
350,variant,7-27095245-A-C,1276,A,C,27095245.0,4.789861915123647e-06,intron_variant,,24080
351,variant,7-27095247-C-T,1278,C,T,27095247.0,6.841966983404125e-07,intron_variant,,24227
352,variant,7-27095247-C-A,1278,C,A,27095247.0,0.0,intron_variant,,24342
353,variant,7-27095248-C-G,1279,C,G,27095248.0,6.841751652625111e-07,intron_variant,rs1227933834,24351
354,variant,7-27095248-C-T,1279,C,T,27095248.0,4.3377710797084025e-06,intron_variant,rs1227933834,24601
355,variant,7-27095249-A-G,1280,A,G,27095249.0,6.1577028757840805e-06,intron_variant,rs1783790740,24646
356,variant,7-27095251-C-G,1282,C,G,27095251.0,6.841508251543102e-07,intron_variant,,24702
357,variant,7-27095252-A-G,1283,A,G,27095252.0,6.841424001357339e-07,intron_variant,,24769
358,variant,7-27095255-A-C,1286,A,C,27095255.0,6.841246146668108e-07,intron_variant,,24803
359,variant,7-27095256-C-A,1287,C,A,27095256.0,6.841105741603227e-07,intron_variant,rs1331410943,24812
360,variant,7-27095256-C-G,1287,C,G,27095256.0,3.4205528708016136e-06,intron_variant,,24831
361,variant,7-27095257-T-C,1288,T,C,27095257.0,6.840984061875333e-07,intron_variant,,24856
362,variant,7-27095258-G-T,1289,G,T,27095258.0,2.0524075424608915e-06,intron_variant,rs1229263774,24996
