seq_idx,source,variant_id,offset,ref,alt,pos,AF,consequence,rsids,injected_idx,variant_idx,cluster,mech_diversity,mech_causality,pred,wt_pred,pred_diff
1,variant,7-27094806-G-T,837,G,T,27094806.0,0.0,intron_variant,,183,183,87,0.0,0.015910898965791568,3.5947372913360596,3.594346523284912,0.00039076805114746094
2,variant,7-27094807-T-C,838,T,C,27094807.0,2.6879904721076188e-05,intron_variant,rs761281990,248,248,6,0.017981231212615967,0.15221579961464354,3.692984104156494,3.594346523284912,0.09863758087158203
3,variant,7-27094807-T-G,838,T,G,27094807.0,0.0,intron_variant,rs761281990,486,486,61,0.06012082099914551,0.41935483870967744,3.760432481765747,3.594346523284912,0.16608595848083496
4,variant,7-27094810-G-C,841,G,C,27094810.0,2.0765528115832883e-06,intron_variant,rs749973941,539,539,6,0.017981231212615967,0.10019267822736029,3.6842219829559326,3.594346523284912,0.08987545967102051
5,variant,7-27094810-G-A,841,G,A,27094810.0,0.0001571349657833,intron_variant,rs749973941,564,564,6,0.017981231212615967,0.10019267822736029,3.6357574462890625,3.594346523284912,0.04141092300415039
6,variant,7-27094812-A-G,843,A,G,27094812.0,6.942969063518446e-07,intron_variant,,569,569,55,0.0049193501472473145,0.007591442374051069,3.645202875137329,3.594346523284912,0.05085635185241699
7,variant,7-27094813-G-T,844,G,T,27094813.0,2.0193467343681672e-05,intron_variant,rs1390860051,764,764,51,0.0139731764793396,0.014064697609001406,3.543548822402954,3.594346523284912,-0.05079770088195801
8,variant,7-27094814-C-T,845,C,T,27094814.0,5.662564034161619e-06,intron_variant,rs576079236,860,860,6,0.017981231212615967,0.11175337186897881,3.7417337894439697,3.594346523284912,0.14738726615905762
9,variant,7-27094816-A-T,847,A,T,27094816.0,2.228822011846189e-05,intron_variant,rs765680274,923,923,97,0.0071190595626831055,0.01105379513633014,3.633469343185425,3.594346523284912,0.039122819900512695
10,variant,7-27094817-T-G,848,T,G,27094817.0,2.5200215713846512e-06,intron_variant,rs1322970383,935,935,97,0.0071190595626831055,0.012527634487840826,3.5787200927734375,3.594346523284912,-0.01562643051147461
11,variant,7-27094817-T-A,848,T,A,27094817.0,1.3935437119823856e-06,intron_variant,rs1322970383,1036,1036,87,0.0,0.006364359586316627,3.592552900314331,3.594346523284912,-0.0017936229705810547
12,variant,7-27094818-G-T,849,G,T,27094818.0,0.0,intron_variant,,1082,1082,67,0.007034778594970703,0.013665594855305467,3.563486099243164,3.594346523284912,-0.030860424041748047
13,variant,7-27094819-A-G,850,A,G,27094819.0,6.9871045997507e-07,intron_variant,,1123,1123,67,0.007034778594970703,0.008038585209003215,3.540140390396118,3.594346523284912,-0.054206132888793945
14,variant,7-27094820-G-C,851,G,C,27094820.0,7.015909275873972e-07,intron_variant,,1446,1446,97,0.0071190595626831055,0.010316875460574797,3.5809714794158936,3.594346523284912,-0.013375043869018555
15,variant,7-27094820-G-T,851,G,T,27094820.0,0.0,intron_variant,,1575,1575,55,0.0049193501472473145,0.006901311249137336,3.5911762714385986,3.594346523284912,-0.0031702518463134766
16,variant,7-27094820-G-A,851,G,A,27094820.0,7.015909275873972e-07,intron_variant,,1619,1619,35,0.04631680250167847,0.21084337349397594,3.6659932136535645,3.594346523284912,0.07164669036865234
17,variant,7-27094821-A-G,852,A,G,27094821.0,0.0,intron_variant,,1677,1677,35,0.04631680250167847,0.35542168674698793,3.6746716499328613,3.594346523284912,0.08032512664794922
18,variant,7-27094821-A-T,852,A,T,27094821.0,7.022008378660397e-07,intron_variant,,1887,1887,51,0.0139731764793396,0.03234880450070324,3.5781919956207275,3.594346523284912,-0.01615452766418457
19,variant,7-27094822-C-T,853,C,T,27094822.0,7.025747961127942e-07,intron_variant,,1962,1962,51,0.0139731764793396,0.21237693389592124,3.53782057762146,3.594346523284912,-0.05652594566345215
20,variant,7-27094822-C-A,853,C,A,27094822.0,1.3153567905294311e-05,intron_variant,rs1367070765,1970,1970,51,0.0139731764793396,0.21237693389592124,3.562636613845825,3.594346523284912,-0.031709909439086914
21,variant,7-27094822-C-G,853,C,G,27094822.0,7.025747961127942e-07,intron_variant,rs1367070765,2062,2062,51,0.0139731764793396,0.21237693389592124,3.546267509460449,3.594346523284912,-0.04807901382446289
22,variant,7-27094823-G-T,854,G,T,27094823.0,7.052852667318351e-07,intron_variant,rs753177962,2102,2102,51,0.0139731764793396,0.090014064697609,3.5897762775421143,3.594346523284912,-0.0045702457427978516
23,variant,7-27094823-G-C,854,G,C,27094823.0,1.2739762326994027e-06,intron_variant,rs753177962,2119,2119,55,0.0049193501472473145,0.003450655624568668,3.6155810356140137,3.594346523284912,0.021234512329101562
24,variant,7-27094823-G-A,854,G,A,27094823.0,1.2102774210644328e-05,intron_variant,rs753177962,2177,2177,51,0.0139731764793396,0.090014064697609,3.5835752487182617,3.594346523284912,-0.01077127456665039
25,variant,7-27094824-G-T,855,G,T,27094824.0,0.0,intron_variant,,2199,2199,55,0.0049193501472473145,0.005521048999309869,3.560534715652466,3.594346523284912,-0.03381180763244629
26,variant,7-27094831-A-G,862,A,G,27094831.0,2.202112853879536e-06,intron_variant,,2234,2234,97,0.0071190595626831055,0.006632277081798084,3.615852117538452,3.594346523284912,0.02150559425354004
27,variant,7-27094833-A-G,864,A,G,27094833.0,1.472565370858226e-06,intron_variant,rs1783783659,2244,2244,67,0.007034778594970703,0.012861736334405145,3.5784735679626465,3.594346523284912,-0.015872955322265625
28,variant,7-27094834-A-C,865,A,C,27094834.0,3.679430365308565e-06,intron_variant,,2273,2273,97,0.0071190595626831055,0.01915991156963891,3.6451802253723145,3.594346523284912,0.050833702087402344
29,variant,7-27094835-A-T,866,A,T,27094835.0,5.147664431109543e-06,intron_variant,rs1314290493,2322,2322,55,0.0049193501472473145,0.007591442374051069,3.5869994163513184,3.594346523284912,-0.00734710693359375
30,variant,7-27094835-A-G,866,A,G,27094835.0,1.3228213132969998e-06,intron_variant,rs1314290493,2357,2357,55,0.0049193501472473145,0.007591442374051069,3.604387044906616,3.594346523284912,0.010040521621704102
31,variant,7-27094836-T-A,867,T,A,27094836.0,5.213562412300432e-06,intron_variant,rs758942349,2396,2396,55,0.0049193501472473145,0.010351966873706004,3.5709116458892822,3.594346523284912,-0.023434877395629883
32,variant,7-27094837-T-G,868,T,G,27094837.0,4.028657181417147e-06,intron_variant,rs778191046,2404,2404,55,0.0049193501472473145,0.008281573498964804,3.6107089519500732,3.594346523284912,0.016362428665161133
33,variant,7-27094840-T-A,871,T,A,27094840.0,1.5405661888857393e-06,intron_variant,rs2128032828,2575,2575,97,0.0071190595626831055,0.008106116433308769,3.5555455684661865,3.594346523284912,-0.038800954818725586
34,variant,7-27094841-A-T,872,A,T,27094841.0,7.669523308448287e-07,intron_variant,,2634,2634,87,0.0,0.007955449482895784,3.5882911682128906,3.594346523284912,-0.006055355072021484
35,variant,7-27094843-A-G,874,A,G,27094843.0,7.825448672099615e-07,intron_variant,rs1285989717,2690,2690,67,0.007034778594970703,0.014469453376205787,3.616767644882202,3.594346523284912,0.02242112159729004
36,variant,7-27094843-A-C,874,A,C,27094843.0,0.0,intron_variant,,2709,2709,55,0.0049193501472473145,0.006901311249137336,3.60176944732666,3.594346523284912,0.007422924041748047
37,variant,7-27094845-C-G,876,C,G,27094845.0,8.080834200676204e-07,intron_variant,,2836,2836,87,0.0,0.008750994431185362,3.561244249343872,3.594346523284912,-0.03310227394104004
38,variant,7-27094845-C-A,876,C,A,27094845.0,0.0,intron_variant,,2931,2931,55,0.0049193501472473145,0.014492753623188406,3.5573179721832275,3.594346523284912,-0.03702855110168457
39,variant,7-27094845-C-T,876,C,T,27094845.0,1.6161668401352407e-05,intron_variant,rs747572885,2966,2966,97,0.0071190595626831055,0.01105379513633014,3.6013591289520264,3.594346523284912,0.007012605667114258
40,variant,7-27094846-G-C,877,G,C,27094846.0,1.4826588224130568e-06,intron_variant,rs572556009,3132,3132,31,0.011975467205047607,0.023054755043227668,3.5283257961273193,3.594346523284912,-0.06602072715759277
41,variant,7-27094846-G-T,877,G,T,27094846.0,1.4827929294501951e-06,intron_variant,rs572556009,3159,3159,67,0.007034778594970703,0.012057877813504822,3.552769422531128,3.594346523284912,-0.04157710075378418
42,variant,7-27094846-G-A,877,G,A,27094846.0,0.0,intron_variant,,3172,3172,97,0.0071190595626831055,0.006632277081798084,3.5902910232543945,3.594346523284912,-0.004055500030517578
43,variant,7-27094848-C-A,879,C,A,27094848.0,8.528930131004367e-07,intron_variant,,3211,3211,67,0.007034778594970703,0.013665594855305467,3.5474510192871094,3.594346523284912,-0.046895503997802734
44,variant,7-27094849-T-C,880,T,C,27094849.0,6.033446410174804e-06,intron_variant,rs1783784030,3458,3458,67,0.007034778594970703,0.011254019292604502,3.5898091793060303,3.594346523284912,-0.004537343978881836
45,variant,7-27094851-G-T,882,G,T,27094851.0,0.0,intron_variant,,3461,3461,31,0.011975467205047607,0.13256484149855907,3.5317013263702393,3.594346523284912,-0.06264519691467285
46,variant,7-27094851-G-C,882,G,C,27094851.0,1.7358157813427575e-06,intron_variant,rs1783784072,3489,3489,31,0.011975467205047607,0.13256484149855907,3.5207250118255615,3.594346523284912,-0.07362151145935059
47,variant,7-27094852-A-G,883,A,G,27094852.0,1.742239195503629e-06,intron_variant,,3499,3499,66,0.21600329875946045,1.0,3.847149133682251,3.594346523284912,0.25280261039733887
48,variant,7-27094853-G-T,884,G,T,27094853.0,8.933484845236309e-07,intron_variant,,3527,3527,31,0.011975467205047607,0.13256484149855907,3.526998996734619,3.594346523284912,-0.06734752655029297
49,variant,7-27094855-T-G,886,T,G,27094855.0,1.0452915318082212e-05,intron_variant,,3598,3598,67,0.007034778594970703,0.011254019292604502,3.569359064102173,3.594346523284912,-0.024987459182739258
50,variant,7-27094856-T-A,887,T,A,27094856.0,0.014257622875279,intron_variant,rs111259912,3774,3774,31,0.011975467205047607,0.1585014409221902,3.565532684326172,3.594346523284912,-0.028813838958740234
51,variant,7-27094857-C-A,888,C,A,27094857.0,0.0,intron_variant,,3781,3781,55,0.0049193501472473145,0.004140786749482402,3.5633456707000732,3.594346523284912,-0.031000852584838867
52,variant,7-27094857-C-T,888,C,T,27094857.0,6.570733950982325e-06,intron_variant,rs561337539,3788,3788,55,0.0049193501472473145,0.004140786749482402,3.575956106185913,3.594346523284912,-0.018390417098999023
53,variant,7-27094858-C-T,889,C,T,27094858.0,1.9011732139903533e-06,intron_variant,rs1783784238,3811,3811,31,0.011975467205047607,0.05619596541786744,3.540043592453003,3.594346523284912,-0.05430293083190918
54,variant,7-27094859-C-G,890,C,G,27094859.0,1.924398096385403e-05,intron_variant,rs947408134,3973,3973,55,0.0049193501472473145,0.004140786749482402,3.609208822250366,3.594346523284912,0.014862298965454102
55,variant,7-27094859-C-T,890,C,T,27094859.0,1.924398096385403e-06,intron_variant,,4002,4002,31,0.011975467205047607,0.1138328530259366,3.528318166732788,3.594346523284912,-0.06602835655212402
56,variant,7-27094859-C-A,890,C,A,27094859.0,0.0,intron_variant,,4014,4014,31,0.011975467205047607,0.1138328530259366,3.502589225769043,3.594346523284912,-0.09175729751586914
57,variant,7-27094861-A-T,892,A,T,27094861.0,0.0,intron_variant,,4078,4078,55,0.0049193501472473145,0.006901311249137336,3.597022533416748,3.594346523284912,0.0026760101318359375
58,variant,7-27094861-A-G,892,A,G,27094861.0,9.660230377174034e-07,intron_variant,,4114,4114,97,0.0071190595626831055,0.008843036109064112,3.5951273441314697,3.594346523284912,0.0007808208465576172
59,variant,7-27094862-C-T,893,C,T,27094862.0,1.082845560628523e-05,intron_variant,rs1783784401,4127,4127,87,0.0,0.00954653937947494,3.6038973331451416,3.594346523284912,0.009550809860229492
60,variant,7-27094863-A-T,894,A,T,27094863.0,9.978805018141468e-07,intron_variant,,4142,4142,55,0.0049193501472473145,0.00966183574879227,3.5942587852478027,3.594346523284912,-8.7738037109375e-05
61,variant,7-27094863-A-G,894,A,G,27094863.0,9.978805018141468e-07,intron_variant,,4248,4248,97,0.0071190595626831055,0.02210759027266028,3.6158535480499268,3.594346523284912,0.02150702476501465
62,variant,7-27094864-C-T,895,C,T,27094864.0,1.0262536201096447e-05,intron_variant,rs757644056,4362,4362,67,0.007034778594970703,0.013665594855305467,3.5483956336975098,3.594346523284912,-0.045950889587402344
63,variant,7-27094864-C-G,895,C,G,27094864.0,3.078760860328934e-06,intron_variant,rs757644056,4396,4396,67,0.007034778594970703,0.013665594855305467,3.5861289501190186,3.594346523284912,-0.008217573165893555
64,variant,7-27094864-C-A,895,C,A,27094864.0,0.0,intron_variant,rs757644056,4467,4467,55,0.0049193501472473145,0.008281573498964804,3.565864086151123,3.594346523284912,-0.028482437133789062
65,variant,7-27094865-G-T,896,G,T,27094865.0,1.0246405560929223e-06,intron_variant,,4502,4502,67,0.007034778594970703,0.01527331189710611,3.557105541229248,3.594346523284912,-0.03724098205566406
66,variant,7-27094865-G-A,896,G,A,27094865.0,2.482071465929137e-05,intron_variant,rs779609688,4516,4516,67,0.007034778594970703,0.01527331189710611,3.5676093101501465,3.594346523284912,-0.026737213134765625
67,variant,7-27094866-C-A,897,C,A,27094866.0,0.0,intron_variant,,4682,4682,97,0.0071190595626831055,0.013264554163596167,3.610722064971924,3.594346523284912,0.01637554168701172
68,variant,7-27094868-T-C,899,T,C,27094868.0,1.0693608857730088e-06,intron_variant,,4685,4685,55,0.0049193501472473145,0.006901311249137336,3.6272194385528564,3.594346523284912,0.032872915267944336
69,variant,7-27094871-T-C,902,T,C,27094871.0,2.196325108827909e-06,intron_variant,,4806,4806,87,0.0,0.008750994431185362,3.6088223457336426,3.594346523284912,0.014475822448730469
70,variant,7-27094871-T-A,902,T,A,27094871.0,0.0,intron_variant,,4946,4946,97,0.0071190595626831055,0.017686072218128224,3.606802225112915,3.594346523284912,0.01245570182800293
71,variant,7-27094873-G-A,904,G,A,27094873.0,1.1204883536440522e-06,intron_variant,,4966,4966,55,0.0049193501472473145,0.004830917874396135,3.612241268157959,3.594346523284912,0.017894744873046875
72,variant,7-27094873-G-T,904,G,T,27094873.0,1.1204933756431632e-06,intron_variant,,5031,5031,97,0.0071190595626831055,0.010316875460574797,3.6220881938934326,3.594346523284912,0.027741670608520508
73,variant,7-27094874-C-A,905,C,A,27094874.0,1.1200064512371591e-06,intron_variant,,5064,5064,55,0.0049193501472473145,0.008971704623878536,3.5535337924957275,3.594346523284912,-0.04081273078918457
74,variant,7-27094874-C-T,905,C,T,27094874.0,0.0,intron_variant,rs1783784698,5318,5318,67,0.007034778594970703,0.008842443729903537,3.650104522705078,3.594346523284912,0.055757999420166016
75,variant,7-27094877-C-A,908,C,A,27094877.0,0.0,intron_variant,,5606,5606,67,0.007034778594970703,0.013665594855305467,3.537764310836792,3.594346523284912,-0.05658221244812012
76,variant,7-27094877-C-G,908,C,G,27094877.0,1.1515589805478658e-06,intron_variant,,5609,5609,67,0.007034778594970703,0.013665594855305467,3.5782101154327393,3.594346523284912,-0.01613640785217285
77,variant,7-27094879-C-A,910,C,A,27094879.0,0.0,intron_variant,,5747,5747,55,0.0049193501472473145,0.011042097998619738,3.569673776626587,3.594346523284912,-0.024672746658325195
78,variant,7-27094880-T-C,911,T,C,27094880.0,1.166719557953294e-06,intron_variant,,5799,5799,55,0.0049193501472473145,0.007591442374051069,3.585890531539917,3.594346523284912,-0.008455991744995117
79,variant,7-27094880-T-A,911,T,A,27094880.0,0.0,intron_variant,,5903,5903,87,0.0,0.011137629276054098,3.592975378036499,3.594346523284912,-0.001371145248413086
80,variant,7-27094881-C-T,912,C,T,27094881.0,1.1725446329114518e-06,intron_variant,,5926,5926,97,0.0071190595626831055,0.010316875460574797,3.5990302562713623,3.594346523284912,0.004683732986450195
81,variant,7-27094881-C-A,912,C,A,27094881.0,1.1725446329114518e-06,intron_variant,,5928,5928,67,0.007034778594970703,0.008038585209003215,3.5750315189361572,3.594346523284912,-0.019315004348754883
82,variant,7-27094882-A-G,913,A,G,27094882.0,0.0,intron_variant,,6078,6078,55,0.0049193501472473145,0.006901311249137336,3.592958688735962,3.594346523284912,-0.0013878345489501953
83,variant,7-27094883-G-T,914,G,T,27094883.0,0.0,intron_variant,,6086,6086,87,0.0,0.007159904534606205,3.5788967609405518,3.594346523284912,-0.015449762344360352
84,variant,7-27094884-G-T,915,G,T,27094884.0,0.0,intron_variant,,6395,6395,67,0.007034778594970703,0.011254019292604502,3.6022164821624756,3.594346523284912,0.007869958877563477
85,variant,7-27094884-G-A,915,G,A,27094884.0,1.5422578655151142e-05,intron_variant,rs902455204,6489,6489,97,0.0071190595626831055,0.014738393515106854,3.5947391986846924,3.594346523284912,0.00039267539978027344
86,variant,7-27094884-G-C,915,G,C,27094884.0,3.0845157310302283e-06,intron_variant,rs902455204,6548,6548,97,0.0071190595626831055,0.014738393515106854,3.6157522201538086,3.594346523284912,0.021405696868896484
87,variant,7-27094885-T-A,916,T,A,27094885.0,1.2168766184459023e-06,intron_variant,,6606,6606,55,0.0049193501472473145,0.008281573498964804,3.527226209640503,3.594346523284912,-0.06712031364440918
88,variant,7-27094889-G-T,920,G,T,27094889.0,1.245494423921464e-06,intron_variant,rs2128032847,6656,6656,87,0.0,0.00954653937947494,3.550718069076538,3.594346523284912,-0.04362845420837402
89,variant,7-27094889-G-A,920,G,A,27094889.0,1.245494423921464e-06,intron_variant,,6767,6767,55,0.0049193501472473145,0.01173222912353347,3.61592960357666,3.594346523284912,0.021583080291748047
90,variant,7-27094892-A-T,923,A,T,27094892.0,1.2828703454256691e-06,intron_variant,,6830,6830,67,0.007034778594970703,0.008842443729903537,3.587383508682251,3.594346523284912,-0.006963014602661133
91,variant,7-27094893-A-G,924,A,G,27094893.0,0.0,intron_variant,rs999346191,6853,6853,55,0.0049193501472473145,0.013112491373360936,3.5779740810394287,3.594346523284912,-0.0163724422454834
92,variant,7-27094894-G-C,925,G,C,27094894.0,1.3111521356045983e-06,intron_variant,,6859,6859,55,0.0049193501472473145,0.015182884748102138,3.6063802242279053,3.594346523284912,0.012033700942993164
93,variant,7-27094894-G-T,925,G,T,27094894.0,1.31115557385346e-06,intron_variant,,6874,6874,97,0.0071190595626831055,0.014738393515106854,3.5854313373565674,3.594346523284912,-0.008915185928344727
94,variant,7-27094895-A-C,926,A,C,27094895.0,1.3164269014470164e-06,intron_variant,,6976,6976,55,0.0049193501472473145,0.00966183574879227,3.614211082458496,3.594346523284912,0.019864559173583984
95,variant,7-27094896-T-G,927,T,G,27094896.0,1.3332942233694475e-06,intron_variant,,7018,7018,55,0.0049193501472473145,0.008281573498964804,3.6229631900787354,3.594346523284912,0.028616666793823242
96,variant,7-27094897-C-A,928,C,A,27094897.0,0.0,intron_variant,,7096,7096,55,0.0049193501472473145,0.006211180124223602,3.6024606227874756,3.594346523284912,0.008114099502563477
97,variant,7-27094899-A-G,930,A,G,27094899.0,1.3737244968047169e-06,intron_variant,,7132,7132,97,0.0071190595626831055,0.012527634487840826,3.5883350372314453,3.594346523284912,-0.006011486053466797
98,variant,7-27094900-G-A,931,G,A,27094900.0,1.3731887640202574e-06,intron_variant,,7267,7267,67,0.007034778594970703,0.008842443729903537,3.5769460201263428,3.594346523284912,-0.017400503158569336
99,variant,7-27094900-G-T,931,G,T,27094900.0,0.0,intron_variant,,7279,7279,97,0.0071190595626831055,0.009579955784819455,3.576817035675049,3.594346523284912,-0.01752948760986328
100,variant,7-27094902-A-G,933,A,G,27094902.0,0.0,intron_variant,,7342,7342,97,0.0071190595626831055,0.011790714812085483,3.5978493690490723,3.594346523284912,0.0035028457641601562
101,variant,7-27094903-C-A,934,C,A,27094903.0,1.4018599878318553e-06,intron_variant,,7467,7467,67,0.007034778594970703,0.00964630225080386,3.573610544204712,3.594346523284912,-0.020735979080200195
102,variant,7-27094905-C-A,936,C,A,27094905.0,0.0,intron_variant,,7470,7470,55,0.0049193501472473145,0.015182884748102138,3.675290822982788,3.594346523284912,0.08094429969787598
103,variant,7-27094906-A-G,937,A,G,27094906.0,0.0,intron_variant,,7486,7486,67,0.007034778594970703,0.008038585209003215,3.5937936305999756,3.594346523284912,-0.0005528926849365234
104,variant,7-27094907-G-T,938,G,T,27094907.0,1.4761672792760876e-06,intron_variant,,7530,7530,55,0.0049193501472473145,0.010351966873706004,3.5803565979003906,3.594346523284912,-0.013989925384521484
105,variant,7-27094908-C-A,939,C,A,27094908.0,0.0,intron_variant,,7538,7538,55,0.0049193501472473145,0.006901311249137336,3.614043951034546,3.594346523284912,0.01969742774963379
106,variant,7-27094910-C-A,941,C,A,27094910.0,0.0,intron_variant,,7607,7607,67,0.007034778594970703,0.01045016077170418,3.5917203426361084,3.594346523284912,-0.002626180648803711
107,variant,7-27094911-A-T,942,A,T,27094911.0,1.5038453325152417e-06,intron_variant,,7679,7679,55,0.0049193501472473145,0.015873015873015872,3.6075010299682617,3.594346523284912,0.01315450668334961
108,variant,7-27094912-A-C,943,A,C,27094912.0,0.0,intron_variant,,7724,7724,87,0.0,0.010342084327764518,3.5958521366119385,3.594346523284912,0.0015056133270263672
109,variant,7-27094913-A-C,944,A,C,27094913.0,1.532717385306758e-06,intron_variant,,7740,7740,67,0.007034778594970703,0.012057877813504822,3.6082773208618164,3.594346523284912,0.013930797576904297
110,variant,7-27094913-A-T,944,A,T,27094913.0,1.532717385306758e-06,intron_variant,,7876,7876,55,0.0049193501472473145,0.008971704623878536,3.5965869426727295,3.594346523284912,0.002240419387817383
111,variant,7-27094914-T-C,945,T,C,27094914.0,6.574794866400168e-06,intron_variant,rs1350217258,7921,7921,67,0.007034778594970703,0.011254019292604502,3.6057136058807373,3.594346523284912,0.011367082595825195
112,variant,7-27094915-C-T,946,C,T,27094915.0,0.0,intron_variant,rs2128032852,7968,7968,67,0.007034778594970703,0.013665594855305467,3.5941274166107178,3.594346523284912,-0.00021910667419433594
113,variant,7-27094915-C-A,946,C,A,27094915.0,6.198052571881915e-06,intron_variant,,8004,8004,97,0.0071190595626831055,0.008843036109064112,3.6133806705474854,3.594346523284912,0.019034147262573242
114,variant,7-27094916-G-A,947,G,A,27094916.0,0.0,intron_variant,,8049,8049,97,0.0071190595626831055,0.008843036109064112,3.645402193069458,3.594346523284912,0.0510556697845459
115,variant,7-27094917-G-A,948,G,A,27094917.0,0.0,intron_variant,,8161,8161,97,0.0071190595626831055,0.012527634487840826,3.607231855392456,3.594346523284912,0.012885332107543945
116,variant,7-27094918-G-A,949,G,A,27094918.0,6.50607928047968e-06,intron_variant,rs1783784933,8211,8211,55,0.0049193501472473145,0.010351966873706004,3.5918972492218018,3.594346523284912,-0.0024492740631103516
117,variant,7-27094918-G-T,949,G,T,27094918.0,3.244741085885052e-06,intron_variant,,8267,8267,55,0.0049193501472473145,0.010351966873706004,3.630922555923462,3.594346523284912,0.036576032638549805
118,variant,7-27094919-C-A,950,C,A,27094919.0,1.618363898832836e-06,intron_variant,,8293,8293,55,0.0049193501472473145,0.013802622498274672,3.5807628631591797,3.594346523284912,-0.013583660125732422
119,variant,7-27094921-G-A,952,G,A,27094921.0,0.0,intron_variant,,8419,8419,55,0.0049193501472473145,0.008281573498964804,3.5662026405334473,3.594346523284912,-0.028143882751464844
120,variant,7-27094921-G-T,952,G,T,27094921.0,0.0,intron_variant,,8508,8508,97,0.0071190595626831055,0.0058953574060427415,3.5701181888580322,3.594346523284912,-0.024228334426879883
121,variant,7-27094923-G-A,954,G,A,27094923.0,6.572720580502681e-06,intron_variant,rs1278804413,8610,8610,55,0.0049193501472473145,0.01173222912353347,3.601091146469116,3.594346523284912,0.0067446231842041016
122,variant,7-27094923-G-T,954,G,T,27094923.0,0.0,intron_variant,,8639,8639,97,0.0071190595626831055,0.008843036109064112,3.6304094791412354,3.594346523284912,0.03606295585632324
123,variant,7-27094924-G-T,955,G,T,27094924.0,0.0,intron_variant,,8751,8751,97,0.0071190595626831055,0.007369196757553427,3.585223913192749,3.594346523284912,-0.009122610092163086
124,variant,7-27094924-G-C,955,G,C,27094924.0,1.699633898858186e-06,intron_variant,,8985,8985,55,0.0049193501472473145,0.013112491373360936,3.5668880939483643,3.594346523284912,-0.02745842933654785
125,variant,7-27094926-G-A,957,G,A,27094926.0,3.399949680744725e-06,intron_variant,,9057,9057,97,0.0071190595626831055,0.01105379513633014,3.5969860553741455,3.594346523284912,0.0026395320892333984
126,variant,7-27094926-G-T,957,G,T,27094926.0,0.0,intron_variant,,9070,9070,67,0.007034778594970703,0.011254019292604502,3.5665628910064697,3.594346523284912,-0.027783632278442383
127,variant,7-27094927-G-T,958,G,T,27094927.0,5.601827562084645e-05,intron_variant,rs746342260,9098,9098,55,0.0049193501472473145,0.01173222912353347,3.606663942337036,3.594346523284912,0.012317419052124023
128,variant,7-27094927-G-A,958,G,A,27094927.0,0.0,intron_variant,,9144,9144,97,0.0071190595626831055,0.010316875460574797,3.576458215713501,3.594346523284912,-0.017888307571411133
129,variant,7-27094928-G-A,959,G,A,27094928.0,3.4464219247577164e-06,intron_variant,rs1783785138,9153,9153,87,0.0,0.00954653937947494,3.5721218585968018,3.594346523284912,-0.02222466468811035
130,variant,7-27094929-T-C,960,T,C,27094929.0,0.0,intron_variant,,9262,9262,55,0.0049193501472473145,0.008281573498964804,3.5917208194732666,3.594346523284912,-0.002625703811645508
131,variant,7-27094930-G-T,961,G,T,27094930.0,0.0,intron_variant,,9459,9459,55,0.0049193501472473145,0.007591442374051069,3.562969923019409,3.594346523284912,-0.03137660026550293
132,variant,7-27094930-G-C,961,G,C,27094930.0,1.7691099254143256e-06,intron_variant,rs1783785190,9583,9583,67,0.007034778594970703,0.021704180064308683,3.5257058143615723,3.594346523284912,-0.06864070892333984
133,variant,7-27094931-A-G,962,A,G,27094931.0,0.0,intron_variant,,9926,9926,55,0.0049193501472473145,0.007591442374051069,3.587705373764038,3.594346523284912,-0.0066411495208740234
134,variant,7-27094932-G-T,963,G,T,27094932.0,1.7855803671867468e-06,intron_variant,,10079,10079,87,0.0,0.008750994431185362,3.5673511028289795,3.594346523284912,-0.026995420455932617
135,variant,7-27094933-T-C,964,T,C,27094933.0,0.0,intron_variant,,10124,10124,97,0.0071190595626831055,0.008843036109064112,3.61069393157959,3.594346523284912,0.016347408294677734
136,variant,7-27094934-G-T,965,G,T,27094934.0,0.0,intron_variant,,10148,10148,55,0.0049193501472473145,0.006211180124223602,3.5931122303009033,3.594346523284912,-0.001234292984008789
137,variant,7-27094934-G-A,965,G,A,27094934.0,0.0,intron_variant,,10149,10149,87,0.0,0.011137629276054098,3.670071840286255,3.594346523284912,0.07572531700134277
138,variant,7-27094936-T-C,967,T,C,27094936.0,3.5848718408316903e-06,intron_variant,,10348,10348,67,0.007034778594970703,0.016881028938906754,3.5815680027008057,3.594346523284912,-0.012778520584106445
139,variant,7-27094937-G-A,968,G,A,27094937.0,0.0,intron_variant,,10367,10367,67,0.007034778594970703,0.012057877813504822,3.5629730224609375,3.594346523284912,-0.03137350082397461
140,variant,7-27094937-G-T,968,G,T,27094937.0,0.0,intron_variant,,10418,10418,87,0.0,0.010342084327764518,3.586653232574463,3.594346523284912,-0.007693290710449219
141,variant,7-27094937-G-C,968,G,C,27094937.0,0.0,intron_variant,,10671,10671,55,0.0049193501472473145,0.013802622498274672,3.6062183380126953,3.594346523284912,0.011871814727783203
142,variant,7-27094938-A-G,969,A,G,27094938.0,0.0,intron_variant,rs1272237784,10749,10749,67,0.007034778594970703,0.00964630225080386,3.559701919555664,3.594346523284912,-0.03464460372924805
143,variant,7-27094939-G-T,970,G,T,27094939.0,0.0,intron_variant,,10763,10763,87,0.0,0.011933174224343675,3.632617473602295,3.594346523284912,0.03827095031738281
144,variant,7-27094939-G-A,970,G,A,27094939.0,7.197869430648528e-06,intron_variant,rs1429095606,10768,10768,55,0.0049193501472473145,0.010351966873706004,3.5966379642486572,3.594346523284912,0.002291440963745117
145,variant,7-27094940-G-C,971,G,C,27094940.0,1.850878426901408e-06,intron_variant,,10806,10806,97,0.0071190595626831055,0.009579955784819455,3.5752413272857666,3.594346523284912,-0.019105195999145508
146,variant,7-27094942-G-T,973,G,T,27094942.0,0.0,intron_variant,,10815,10815,97,0.0071190595626831055,0.005158437730287398,3.5873966217041016,3.594346523284912,-0.006949901580810547
147,variant,7-27094942-G-A,973,G,A,27094942.0,0.0,intron_variant,,10821,10821,55,0.0049193501472473145,0.006211180124223602,3.5503346920013428,3.594346523284912,-0.044011831283569336
148,variant,7-27094943-T-C,974,T,C,27094943.0,0.0,intron_variant,,10874,10874,67,0.007034778594970703,0.01045016077170418,3.543811559677124,3.594346523284912,-0.050534963607788086
149,variant,7-27094943-T-A,974,T,A,27094943.0,0.0,intron_variant,,10884,10884,67,0.007034778594970703,0.01045016077170418,3.551435947418213,3.594346523284912,-0.04291057586669922
150,variant,7-27094944-A-G,975,A,G,27094944.0,3.704787697141015e-06,intron_variant,,10938,10938,97,0.0071190595626831055,0.011790714812085483,3.6416916847229004,3.594346523284912,0.04734516143798828
151,variant,7-27094945-A-G,976,A,G,27094945.0,0.0,intron_variant,,10945,10945,87,0.0,0.00477326968973747,3.559258460998535,3.594346523284912,-0.03508806228637695
152,variant,7-27094946-A-G,977,A,G,27094946.0,0.0,intron_variant,,10995,10995,55,0.0049193501472473145,0.01173222912353347,3.563138484954834,3.594346523284912,-0.031208038330078125
153,variant,7-27094947-G-T,978,G,T,27094947.0,0.0,intron_variant,,11002,11002,55,0.0049193501472473145,0.013112491373360936,3.611757755279541,3.594346523284912,0.017411231994628906
154,variant,7-27094947-G-A,978,G,A,27094947.0,0.0,intron_variant,,11075,11075,55,0.0049193501472473145,0.013112491373360936,3.5984599590301514,3.594346523284912,0.004113435745239258
155,variant,7-27094949-G-A,980,G,A,27094949.0,3.943787876796067e-05,intron_variant,rs768343894,11106,11106,87,0.0,0.011137629276054098,3.595566749572754,3.594346523284912,0.0012202262878417969
156,variant,7-27094955-C-T,986,C,T,27094955.0,6.578081831337982e-06,intron_variant,rs1783785520,11112,11112,55,0.0049193501472473145,0.008281573498964804,3.599999189376831,3.594346523284912,0.005652666091918945
157,variant,7-27094964-A-G,995,A,G,27094964.0,6.574708411681942e-06,intron_variant,rs888833693,11134,11134,67,0.007034778594970703,0.012057877813504822,3.579972267150879,3.594346523284912,-0.014374256134033203
158,variant,7-27094966-C-T,997,C,T,27094966.0,6.577043487411538e-06,intron_variant,rs896210855,11168,11168,67,0.007034778594970703,0.01045016077170418,3.5845606327056885,3.594346523284912,-0.009785890579223633
159,variant,7-27094973-A-C,1004,A,C,27094973.0,1.3145268360653585e-05,intron_variant,rs1172482226,11331,11331,87,0.0,0.015910898965791568,3.5920913219451904,3.594346523284912,-0.0022552013397216797
160,variant,7-27094974-T-C,1005,T,C,27094974.0,6.575313642460746e-06,intron_variant,rs1016469881,11359,11359,87,0.0,0.017501988862370723,3.6483652591705322,3.594346523284912,0.05401873588562012
161,variant,7-27094984-G-A,1015,G,A,27094984.0,1.974827531728896e-05,intron_variant,rs1012004915,11364,11364,97,0.0071190595626831055,0.01400147383935151,3.5926120281219482,3.594346523284912,-0.0017344951629638672
162,variant,7-27094993-T-C,1024,T,C,27094993.0,6.578168374797721e-06,intron_variant,rs1023686847,11440,11440,87,0.0,0.006364359586316627,3.63973069190979,3.594346523284912,0.04538416862487793
163,variant,7-27094997-G-C,1028,G,C,27094997.0,6.58085235199663e-06,intron_variant,rs1783786118,11461,11461,55,0.0049193501472473145,0.007591442374051069,3.5821549892425537,3.594346523284912,-0.012191534042358398
164,variant,7-27095001-C-G,1032,C,G,27095001.0,1.3162917429018968e-05,intron_variant,rs1474988491,11488,11488,55,0.0049193501472473145,0.011042097998619738,3.6266353130340576,3.594346523284912,0.03228878974914551
165,variant,7-27095004-G-T,1035,G,T,27095004.0,6.579639962101274e-06,intron_variant,rs993821715,11520,11520,97,0.0071190595626831055,0.013264554163596167,3.5742201805114746,3.594346523284912,-0.0201263427734375
166,variant,7-27095005-A-G,1036,A,G,27095005.0,6.577908751249803e-06,intron_variant,rs1783786261,11524,11524,67,0.007034778594970703,0.01045016077170418,3.581817626953125,3.594346523284912,-0.01252889633178711
167,variant,7-27095019-C-T,1050,C,T,27095019.0,0.0497666162645453,intron_variant,rs74458426,11602,11602,24,0.020589053630828857,0.016541353383458645,3.5637993812561035,3.594346523284912,-0.030547142028808594
168,variant,7-27095020-T-C,1051,T,C,27095020.0,1.973736150951341e-05,intron_variant,rs1191744522,11638,11638,87,0.0,0.011933174224343675,3.592407464981079,3.594346523284912,-0.0019390583038330078
169,variant,7-27095029-A-C,1060,A,C,27095029.0,6.574794866400168e-06,intron_variant,rs951448886,11665,11665,87,0.0,0.022275258552108195,3.6001081466674805,3.594346523284912,0.005761623382568359
170,variant,7-27095037-C-A,1068,C,A,27095037.0,5.920429428481213e-05,intron_variant,rs1783786629,11670,11670,67,0.007034778594970703,0.005627009646302251,3.5743820667266846,3.594346523284912,-0.01996445655822754
171,variant,7-27095039-C-A,1070,C,A,27095039.0,0.0,intron_variant,,11757,11757,87,0.0,0.027844073190135245,3.6109821796417236,3.594346523284912,0.016635656356811523
172,variant,7-27095040-C-T,1071,C,T,27095040.0,6.570043230884459e-06,intron_variant,rs544078580,11803,11803,55,0.0049193501472473145,0.007591442374051069,3.5886781215667725,3.594346523284912,-0.0056684017181396484
173,variant,7-27095043-C-A,1074,C,A,27095043.0,1.971738416036805e-05,intron_variant,rs1275774885,12016,12016,3,0.023564815521240234,0.03119584055459272,3.588165283203125,3.594346523284912,-0.006181240081787109
174,variant,7-27095043-C-T,1074,C,T,27095043.0,6.572461386789352e-06,intron_variant,rs1275774885,12128,12128,24,0.020589053630828857,0.04962406015037594,3.579787492752075,3.594346523284912,-0.014559030532836914
175,variant,7-27095047-C-T,1078,C,T,27095047.0,1.3137324452502005e-05,intron_variant,rs2128032879,12229,12229,3,0.023564815521240234,0.10225303292894279,3.576127052307129,3.594346523284912,-0.018219470977783203
176,variant,7-27095048-T-C,1079,T,C,27095048.0,2.630990436349764e-05,intron_variant,rs1783786840,12256,12256,24,0.020589053630828857,0.07368421052631578,3.5653746128082275,3.594346523284912,-0.02897191047668457
177,variant,7-27095050-C-T,1081,C,T,27095050.0,6.57384398953444e-06,intron_variant,rs981412262,12292,12292,17,0.01964867115020752,0.0903954802259887,3.694669485092163,3.594346523284912,0.10032296180725098
178,variant,7-27095051-C-T,1082,C,T,27095051.0,1.3145959589320222e-05,intron_variant,rs1375301567,12295,12295,24,0.020589053630828857,0.07969924812030076,3.5804927349090576,3.594346523284912,-0.013853788375854492
179,variant,7-27095056-T-C,1087,T,C,27095056.0,6.579120503171136e-06,intron_variant,rs928638321,12298,12298,97,0.0071190595626831055,0.009579955784819455,3.5850777626037598,3.594346523284912,-0.009268760681152344
180,variant,7-27095063-T-A,1094,T,A,27095063.0,6.569180034948038e-06,intron_variant,rs2128032883,12303,12303,87,0.0,0.027844073190135245,3.6075046062469482,3.594346523284912,0.013158082962036133
181,variant,7-27095064-G-A,1095,G,A,27095064.0,6.574362615544423e-06,intron_variant,rs1015160283,12338,12338,55,0.0049193501472473145,0.00966183574879227,3.5884697437286377,3.594346523284912,-0.005876779556274414
182,variant,7-27095066-A-G,1097,A,G,27095066.0,1.971479266609713e-05,intron_variant,rs1311693361,12344,12344,97,0.0071190595626831055,0.007369196757553427,3.60897159576416,3.594346523284912,0.014625072479248047
183,variant,7-27095072-T-A,1103,T,A,27095072.0,6.580679126085812e-06,intron_variant,rs1409938938,12435,12435,67,0.007034778594970703,0.007234726688102894,3.5961432456970215,3.594346523284912,0.001796722412109375
184,variant,7-27095074-C-T,1105,C,T,27095074.0,6.574535509066285e-06,intron_variant,rs1356183053,12515,12515,87,0.0,0.02863961813842482,3.604365587234497,3.594346523284912,0.010019063949584961
185,variant,7-27095078-A-C,1109,A,C,27095078.0,6.572720580502681e-06,intron_variant,rs1462504705,12523,12523,87,0.0,0.011137629276054098,3.592085123062134,3.594346523284912,-0.0022614002227783203
186,variant,7-27095082-C-T,1113,C,T,27095082.0,0.0,intron_variant,,12654,12654,55,0.0049193501472473145,0.013112491373360936,3.600064277648926,3.594346523284912,0.005717754364013672
187,variant,7-27095082-C-A,1113,C,A,27095082.0,0.0,intron_variant,,12867,12867,97,0.0071190595626831055,0.007369196757553427,3.606743574142456,3.594346523284912,0.012397050857543945
188,variant,7-27095083-A-C,1114,A,C,27095083.0,0.0,intron_variant,,12977,12977,87,0.0,0.015910898965791568,3.580352544784546,3.594346523284912,-0.013993978500366211
189,variant,7-27095084-C-A,1115,C,A,27095084.0,1.7402987048697038e-06,intron_variant,,12982,12982,87,0.0,0.00477326968973747,3.603524923324585,3.594346523284912,0.009178400039672852
190,variant,7-27095085-A-G,1116,A,G,27095085.0,0.0,intron_variant,,13323,13323,97,0.0071190595626831055,0.011790714812085483,3.5922558307647705,3.594346523284912,-0.0020906925201416016
191,variant,7-27095086-C-A,1117,C,A,27095086.0,0.0,intron_variant,rs1783787414,13454,13454,55,0.0049193501472473145,0.006901311249137336,3.5947020053863525,3.594346523284912,0.0003554821014404297
192,variant,7-27095086-C-T,1117,C,T,27095086.0,0.0,intron_variant,rs1783787414,13497,13497,97,0.0071190595626831055,0.009579955784819455,3.5901057720184326,3.594346523284912,-0.004240751266479492
193,variant,7-27095087-C-A,1118,C,A,27095087.0,0.0,intron_variant,,13516,13516,55,0.0049193501472473145,0.008281573498964804,3.6004843711853027,3.594346523284912,0.006137847900390625
194,variant,7-27095087-C-T,1118,C,T,27095087.0,0.0,intron_variant,,13540,13540,67,0.007034778594970703,0.012057877813504822,3.6016104221343994,3.594346523284912,0.007263898849487305
195,variant,7-27095089-A-G,1120,A,G,27095089.0,4.066010322244872e-05,intron_variant,rs563794677,13589,13589,87,0.0,0.016706443914081145,3.6051995754241943,3.594346523284912,0.010853052139282227
196,variant,7-27095089-A-C,1120,A,C,27095089.0,0.0,intron_variant,,13600,13600,97,0.0071190595626831055,0.009579955784819455,3.595525026321411,3.594346523284912,0.0011785030364990234
197,variant,7-27095090-T-C,1121,T,C,27095090.0,5.420965040196455e-06,intron_variant,rs192550586,13653,13653,97,0.0071190595626831055,0.0058953574060427415,3.591588258743286,3.594346523284912,-0.0027582645416259766
198,variant,7-27095091-C-A,1122,C,A,27095091.0,0.0,intron_variant,,13683,13683,97,0.0071190595626831055,0.013264554163596167,3.5922508239746094,3.594346523284912,-0.0020956993103027344
199,variant,7-27095092-C-A,1123,C,A,27095092.0,0.0,intron_variant,,13712,13712,67,0.007034778594970703,0.006430868167202572,3.581721067428589,3.594346523284912,-0.012625455856323242
200,variant,7-27095092-C-T,1123,C,T,27095092.0,0.0,intron_variant,,13753,13753,55,0.0049193501472473145,0.004140786749482402,3.5926990509033203,3.594346523284912,-0.0016474723815917969
201,variant,7-27095093-C-A,1124,C,A,27095093.0,1.6593764726966195e-06,intron_variant,,13812,13812,97,0.0071190595626831055,0.0036845983787767134,3.5775232315063477,3.594346523284912,-0.016823291778564453
202,variant,7-27095094-T-C,1125,T,C,27095094.0,2.117135832788612e-05,intron_variant,rs1471104517,13821,13821,55,0.0049193501472473145,0.006901311249137336,3.591137409210205,3.594346523284912,-0.0032091140747070312
203,variant,7-27095095-G-C,1126,G,C,27095095.0,1.3156336749595442e-05,intron_variant,rs1338415962,13853,13853,67,0.007034778594970703,0.011254019292604502,3.6055104732513428,3.594346523284912,0.011163949966430664
204,variant,7-27095097-G-T,1128,G,T,27095097.0,0.0,intron_variant,,13854,13854,97,0.0071190595626831055,0.009579955784819455,3.597780466079712,3.594346523284912,0.0034339427947998047
205,variant,7-27095098-A-T,1129,A,T,27095098.0,0.0,intron_variant,rs769364847,13953,13953,97,0.0071190595626831055,0.015475313190862197,3.598724365234375,3.594346523284912,0.004377841949462891
206,variant,7-27095099-C-A,1130,C,A,27095099.0,0.0,intron_variant,,13997,13997,97,0.0071190595626831055,0.014738393515106854,3.5825107097625732,3.594346523284912,-0.011835813522338867
207,variant,7-27095099-C-G,1130,C,G,27095099.0,1.6026462895533103e-06,intron_variant,,14004,14004,55,0.0049193501472473145,0.014492753623188406,3.5827982425689697,3.594346523284912,-0.011548280715942383
208,variant,7-27095099-C-T,1130,C,T,27095099.0,0.0,intron_variant,,14079,14079,55,0.0049193501472473145,0.014492753623188406,3.5936777591705322,3.594346523284912,-0.0006687641143798828
209,variant,7-27095101-T-C,1132,T,C,27095101.0,1.578277846345182e-06,intron_variant,,14231,14231,55,0.0049193501472473145,0.00966183574879227,3.5878641605377197,3.594346523284912,-0.006482362747192383
210,variant,7-27095102-C-A,1133,C,A,27095102.0,1.5502385817177265e-06,intron_variant,,14251,14251,97,0.0071190595626831055,0.01105379513633014,3.594886064529419,3.594346523284912,0.0005395412445068359
211,variant,7-27095102-C-T,1133,C,T,27095102.0,6.200954326870906e-06,intron_variant,rs1783787780,14403,14403,55,0.0049193501472473145,0.008281573498964804,3.5846164226531982,3.594346523284912,-0.009730100631713867
212,variant,7-27095104-T-C,1135,T,C,27095104.0,0.0,intron_variant,,14471,14471,55,0.0049193501472473145,0.00966183574879227,3.58333420753479,3.594346523284912,-0.01101231575012207
213,variant,7-27095106-G-T,1137,G,T,27095106.0,0.0,intron_variant,,14532,14532,97,0.0071190595626831055,0.010316875460574797,3.594280958175659,3.594346523284912,-6.556510925292969e-05
214,variant,7-27095106-G-A,1137,G,A,27095106.0,0.0,intron_variant,,14631,14631,97,0.0071190595626831055,0.010316875460574797,3.5985360145568848,3.594346523284912,0.004189491271972656
215,variant,7-27095107-C-T,1138,C,T,27095107.0,3.01863828019725e-05,intron_variant,rs976192795,14718,14718,67,0.007034778594970703,0.007234726688102894,3.611440420150757,3.594346523284912,0.017093896865844727
216,variant,7-27095107-C-A,1138,C,A,27095107.0,1.479154278749582e-06,intron_variant,,14935,14935,87,0.0,0.007955449482895784,3.5906240940093994,3.594346523284912,-0.0037224292755126953
217,variant,7-27095107-C-G,1138,C,G,27095107.0,3.6223659362367e-06,intron_variant,rs976192795,15077,15077,55,0.0049193501472473145,0.011042097998619738,3.5905699729919434,3.594346523284912,-0.00377655029296875
218,variant,7-27095108-C-T,1139,C,T,27095108.0,6.902461084400437e-05,intron_variant,rs923460210,15254,15254,55,0.0049193501472473145,0.011042097998619738,3.6107676029205322,3.594346523284912,0.016421079635620117
219,variant,7-27095108-C-A,1139,C,A,27095108.0,0.0,intron_variant,,15342,15342,97,0.0071190595626831055,0.007369196757553427,3.585421323776245,3.594346523284912,-0.008925199508666992
220,variant,7-27095109-C-A,1140,C,A,27095109.0,0.0,intron_variant,,15535,15535,55,0.0049193501472473145,0.008281573498964804,3.5796616077423096,3.594346523284912,-0.014684915542602539
221,variant,7-27095109-C-G,1140,C,G,27095109.0,6.574881323392112e-06,intron_variant,rs914716031,15570,15570,87,0.0,0.016706443914081145,3.5819711685180664,3.594346523284912,-0.012375354766845703
222,variant,7-27095110-C-T,1141,C,T,27095110.0,0.0,intron_variant,,15588,15588,97,0.0071190595626831055,0.0058953574060427415,3.5996742248535156,3.594346523284912,0.005327701568603516
223,variant,7-27095110-C-A,1141,C,A,27095110.0,1.41685605309243e-06,intron_variant,,15606,15606,97,0.0071190595626831055,0.0058953574060427415,3.595896005630493,3.594346523284912,0.0015494823455810547
224,variant,7-27095112-A-G,1143,A,G,27095112.0,1.604602918085021e-05,intron_variant,rs953424568,15645,15645,55,0.0049193501472473145,0.013802622498274672,3.589667558670044,3.594346523284912,-0.004678964614868164
225,variant,7-27095112-A-T,1143,A,T,27095112.0,3.095009926957766e-05,intron_variant,rs953424568,15650,15650,97,0.0071190595626831055,0.012527634487840826,3.5829975605010986,3.594346523284912,-0.011348962783813477
226,variant,7-27095113-C-A,1144,C,A,27095113.0,4.189639858557759e-06,intron_variant,,15721,15721,55,0.0049193501472473145,0.015182884748102138,3.600548028945923,3.594346523284912,0.006201505661010742
227,variant,7-27095115-C-T,1146,C,T,27095115.0,6.703203595062152e-06,intron_variant,,15751,15751,67,0.007034778594970703,0.011254019292604502,3.5953750610351562,3.594346523284912,0.0010285377502441406
228,variant,7-27095115-C-G,1146,C,G,27095115.0,1.3406407190124303e-06,intron_variant,,15857,15857,55,0.0049193501472473145,0.008281573498964804,3.5920112133026123,3.594346523284912,-0.0023353099822998047
229,variant,7-27095115-C-A,1146,C,A,27095115.0,0.0,intron_variant,,15880,15880,55,0.0049193501472473145,0.008281573498964804,3.597943067550659,3.594346523284912,0.0035965442657470703
230,variant,7-27095116-C-A,1147,C,A,27095116.0,0.0,intron_variant,,16129,16129,97,0.0071190595626831055,0.008843036109064112,3.5874180793762207,3.594346523284912,-0.006928443908691406
231,variant,7-27095117-T-C,1148,T,C,27095117.0,3.286446693834626e-05,intron_variant,rs552758495,16169,16169,87,0.0,0.010342084327764518,3.5854978561401367,3.594346523284912,-0.00884866714477539
232,variant,7-27095117-T-G,1148,T,G,27095117.0,1.305496663150529e-06,intron_variant,,16204,16204,87,0.0,0.010342084327764518,3.5783402919769287,3.594346523284912,-0.0160062313079834
233,variant,7-27095117-T-A,1148,T,A,27095117.0,3.267924018587952e-05,intron_variant,rs552758495,16411,16411,67,0.007034778594970703,0.012057877813504822,3.5900166034698486,3.594346523284912,-0.0043299198150634766
234,variant,7-27095118-C-A,1149,C,A,27095118.0,1.0860664194779497e-06,intron_variant,rs1783788111,16444,16444,97,0.0071190595626831055,0.008106116433308769,3.5801823139190674,3.594346523284912,-0.014164209365844727
235,variant,7-27095118-C-G,1149,C,G,27095118.0,6.5731526154574255e-06,intron_variant,rs1783788111,16452,16452,55,0.0049193501472473145,0.007591442374051069,3.5714833736419678,3.594346523284912,-0.022863149642944336
236,variant,7-27095120-G-T,1151,G,T,27095120.0,0.0,intron_variant,,16455,16455,55,0.0049193501472473145,0.011042097998619738,3.6049327850341797,3.594346523284912,0.010586261749267578
237,variant,7-27095121-G-T,1152,G,T,27095121.0,0.0,intron_variant,,16475,16475,55,0.0049193501472473145,0.006901311249137336,3.5868771076202393,3.594346523284912,-0.0074694156646728516
238,variant,7-27095122-G-A,1153,G,A,27095122.0,0.0,intron_variant,,16499,16499,97,0.0071190595626831055,0.008843036109064112,3.5922353267669678,3.594346523284912,-0.002111196517944336
239,variant,7-27095122-G-T,1153,G,T,27095122.0,1.2641745572228614e-06,intron_variant,,16549,16549,97,0.0071190595626831055,0.008843036109064112,3.600026845932007,3.594346523284912,0.0056803226470947266
240,variant,7-27095123-C-T,1154,C,T,27095123.0,0.0,intron_variant,,16556,16556,55,0.0049193501472473145,0.013112491373360936,3.6010851860046387,3.594346523284912,0.0067386627197265625
241,variant,7-27095123-C-A,1154,C,A,27095123.0,1.0563811761325463e-06,intron_variant,rs1235557425,16616,16616,97,0.0071190595626831055,0.009579955784819455,3.5943589210510254,3.594346523284912,1.239776611328125e-05
242,variant,7-27095124-A-C,1155,A,C,27095124.0,0.0,intron_variant,,16725,16725,67,0.007034778594970703,0.00964630225080386,3.5984976291656494,3.594346523284912,0.004151105880737305
243,variant,7-27095125-C-A,1156,C,A,27095125.0,0.0,intron_variant,,16736,16736,87,0.0,0.00954653937947494,3.583057165145874,3.594346523284912,-0.011289358139038086
244,variant,7-27095126-C-T,1157,C,T,27095126.0,3.637951105937136e-06,intron_variant,rs1227460708,16772,16772,87,0.0,0.015910898965791568,3.584597587585449,3.594346523284912,-0.00974893569946289
245,variant,7-27095126-C-A,1157,C,A,27095126.0,1.212650368645712e-06,intron_variant,,16870,16870,55,0.0049193501472473145,0.010351966873706004,3.583874464035034,3.594346523284912,-0.01047205924987793
246,variant,7-27095127-C-A,1158,C,A,27095127.0,0.0,intron_variant,,16871,16871,55,0.0049193501472473145,0.01173222912353347,3.5761942863464355,3.594346523284912,-0.018152236938476562
247,variant,7-27095129-C-A,1160,C,A,27095129.0,0.0,intron_variant,,16882,16882,87,0.0,0.01352426412092283,3.5973446369171143,3.594346523284912,0.0029981136322021484
248,variant,7-27095130-T-C,1161,T,C,27095130.0,3.949532868999919e-06,intron_variant,rs914679916,16965,16965,87,0.0,0.01431980906921241,3.5728700160980225,3.594346523284912,-0.02147650718688965
249,variant,7-27095131-C-T,1162,C,T,27095131.0,4.906424668718206e-06,intron_variant,rs947389812,16975,16975,97,0.0071190595626831055,0.012527634487840826,3.5923871994018555,3.594346523284912,-0.0019593238830566406
250,variant,7-27095131-C-A,1162,C,A,27095131.0,1.1534663972169165e-06,intron_variant,,17187,17187,87,0.0,0.01511535401750199,3.5864696502685547,3.594346523284912,-0.007876873016357422
251,variant,7-27095132-C-A,1163,C,A,27095132.0,0.0,intron_variant,,17284,17284,67,0.007034778594970703,0.01045016077170418,3.59159779548645,3.594346523284912,-0.002748727798461914
252,variant,7-27095132-C-T,1163,C,T,27095132.0,3.4471743511843343e-06,intron_variant,,17289,17289,97,0.0071190595626831055,0.010316875460574797,3.5977957248687744,3.594346523284912,0.0034492015838623047
253,variant,7-27095135-G-A,1166,G,A,27095135.0,0.0,intron_variant,,17313,17313,55,0.0049193501472473145,0.013802622498274672,3.5983164310455322,3.594346523284912,0.003969907760620117
254,variant,7-27095135-G-T,1166,G,T,27095135.0,2.248889048809888e-06,intron_variant,,17382,17382,55,0.0049193501472473145,0.013802622498274672,3.5957448482513428,3.594346523284912,0.001398324966430664
255,variant,7-27095136-C-A,1167,C,A,27095136.0,1.114183782386537e-06,intron_variant,,17451,17451,55,0.0049193501472473145,0.008971704623878536,3.608271360397339,3.594346523284912,0.013924837112426758
256,variant,7-27095136-C-T,1167,C,T,27095136.0,1.114181299581068e-06,intron_variant,,17503,17503,55,0.0049193501472473145,0.008971704623878536,3.6077449321746826,3.594346523284912,0.013398408889770508
257,variant,7-27095137-A-C,1168,A,C,27095137.0,6.572547782422378e-06,intron_variant,rs1783788371,17688,17688,97,0.0071190595626831055,0.009579955784819455,3.602748155593872,3.594346523284912,0.008401632308959961
258,variant,7-27095138-C-G,1169,C,G,27095138.0,1.0298873303260622e-06,intron_variant,,17794,17794,67,0.007034778594970703,0.012861736334405145,3.599499464035034,3.594346523284912,0.00515294075012207
259,variant,7-27095139-T-C,1170,T,C,27095139.0,0.0,intron_variant,,17815,17815,97,0.0071190595626831055,0.01400147383935151,3.583012342453003,3.594346523284912,-0.01133418083190918
260,variant,7-27095140-A-T,1171,A,T,27095140.0,0.0,intron_variant,,17896,17896,55,0.0049193501472473145,0.011042097998619738,3.603668689727783,3.594346523284912,0.009322166442871094
261,variant,7-27095141-C-A,1172,C,A,27095141.0,0.0,intron_variant,,17923,17923,97,0.0071190595626831055,0.012527634487840826,3.609760284423828,3.594346523284912,0.015413761138916016
262,variant,7-27095142-A-G,1173,A,G,27095142.0,1.0068202000350374e-06,intron_variant,,17941,17941,55,0.0049193501472473145,0.008971704623878536,3.600069522857666,3.594346523284912,0.005722999572753906
263,variant,7-27095144-C-A,1175,C,A,27095144.0,0.0,intron_variant,,18137,18137,67,0.007034778594970703,0.00964630225080386,3.604128360748291,3.594346523284912,0.009781837463378906
264,variant,7-27095145-A-G,1176,A,G,27095145.0,9.928751280808917e-07,intron_variant,,18143,18143,55,0.0049193501472473145,0.00966183574879227,3.5908501148223877,3.594346523284912,-0.003496408462524414
265,variant,7-27095146-C-G,1177,C,G,27095146.0,9.82468826264143e-07,intron_variant,,18224,18224,97,0.0071190595626831055,0.01400147383935151,3.5951120853424072,3.594346523284912,0.0007655620574951172
266,variant,7-27095146-C-A,1177,C,A,27095146.0,0.0,intron_variant,,18314,18314,67,0.007034778594970703,0.01045016077170418,3.594383478164673,3.594346523284912,3.695487976074219e-05
267,variant,7-27095146-C-T,1177,C,T,27095146.0,4.187998393176127e-05,intron_variant,rs923824746,18359,18359,97,0.0071190595626831055,0.01400147383935151,3.594346761703491,3.594346523284912,2.384185791015625e-07
268,variant,7-27095147-T-C,1178,T,C,27095147.0,9.816394163564686e-07,intron_variant,,18395,18395,67,0.007034778594970703,0.01527331189710611,3.5941343307495117,3.594346523284912,-0.00021219253540039062
269,variant,7-27095148-A-T,1179,A,T,27095148.0,0.0,intron_variant,,18709,18709,55,0.0049193501472473145,0.008971704623878536,3.6044058799743652,3.594346523284912,0.010059356689453125
270,variant,7-27095149-G-A,1180,G,A,27095149.0,9.513824538436804e-07,intron_variant,,18713,18713,55,0.0049193501472473145,0.011042097998619738,3.6023190021514893,3.594346523284912,0.007972478866577148
271,variant,7-27095149-G-T,1180,G,T,27095149.0,9.513878846461218e-07,intron_variant,,18761,18761,67,0.007034778594970703,0.006430868167202572,3.604473114013672,3.594346523284912,0.010126590728759766
272,variant,7-27095151-C-T,1182,C,T,27095151.0,2.444075479568344e-05,intron_variant,rs142020905,18763,18763,97,0.0071190595626831055,0.008843036109064112,3.597949981689453,3.594346523284912,0.0036034584045410156
273,variant,7-27095151-C-G,1182,C,G,27095151.0,1.3144922773578704e-05,intron_variant,rs142020905,18850,18850,67,0.007034778594970703,0.00964630225080386,3.582646608352661,3.594346523284912,-0.011699914932250977
274,variant,7-27095153-G-T,1184,G,T,27095153.0,9.10773355871938e-07,intron_variant,,18866,18866,97,0.0071190595626831055,0.011790714812085483,3.6067404747009277,3.594346523284912,0.012393951416015625
275,variant,7-27095153-G-C,1184,G,C,27095153.0,1.9200245763145768e-05,intron_variant,rs1205255379,18946,18946,87,0.0,0.011933174224343675,3.594555139541626,3.594346523284912,0.0002086162567138672
276,variant,7-27095154-A-C,1185,A,C,27095154.0,9.003428505574923e-07,intron_variant,,18986,18986,97,0.0071190595626831055,0.007369196757553427,3.603790521621704,3.594346523284912,0.009443998336791992
277,variant,7-27095154-A-G,1185,A,G,27095154.0,1.8006857011149846e-06,intron_variant,,18987,18987,97,0.0071190595626831055,0.007369196757553427,3.599672555923462,3.594346523284912,0.005326032638549805
278,variant,7-27095155-T-C,1186,T,C,27095155.0,8.906210478691001e-07,intron_variant,rs2128032912,19070,19070,67,0.007034778594970703,0.012861736334405145,3.5928783416748047,3.594346523284912,-0.0014681816101074219
279,variant,7-27095156-A-T,1187,A,T,27095156.0,2.637311630016826e-06,intron_variant,,19143,19143,97,0.0071190595626831055,0.009579955784819455,3.5997073650360107,3.594346523284912,0.005360841751098633
280,variant,7-27095156-A-G,1187,A,G,27095156.0,0.0,intron_variant,,19184,19184,55,0.0049193501472473145,0.011042097998619738,3.591379404067993,3.594346523284912,-0.0029671192169189453
281,variant,7-27095157-C-A,1188,C,A,27095157.0,6.573757559821194e-06,intron_variant,rs1459712125,19216,19216,97,0.0071190595626831055,0.011790714812085483,3.6049320697784424,3.594346523284912,0.010585546493530273
282,variant,7-27095157-C-T,1188,C,T,27095157.0,8.655041215306267e-07,intron_variant,,19276,19276,55,0.0049193501472473145,0.013802622498274672,3.61283540725708,3.594346523284912,0.01848888397216797
283,variant,7-27095158-A-G,1189,A,G,27095158.0,1.719081460394082e-06,intron_variant,,19310,19310,55,0.0049193501472473145,0.014492753623188406,3.589492082595825,3.594346523284912,-0.004854440689086914
284,variant,7-27095162-G-A,1193,G,A,27095162.0,3.3904856192552458e-06,intron_variant,rs1783788653,19323,19323,55,0.0049193501472473145,0.012422360248447204,3.59401273727417,3.594346523284912,-0.0003337860107421875
285,variant,7-27095162-G-C,1193,G,C,27095162.0,8.476214048138114e-07,intron_variant,,19350,19350,55,0.0049193501472473145,0.012422360248447204,3.5887603759765625,3.594346523284912,-0.005586147308349609
286,variant,7-27095162-G-T,1193,G,T,27095162.0,6.5821518370785775e-06,intron_variant,rs1783788653,19379,19379,97,0.0071190595626831055,0.010316875460574797,3.603628396987915,3.594346523284912,0.00928187370300293
287,variant,7-27095165-T-C,1196,T,C,27095165.0,0.0,intron_variant,,19439,19439,67,0.007034778594970703,0.00964630225080386,3.589338779449463,3.594346523284912,-0.005007743835449219
288,variant,7-27095166-T-C,1197,T,C,27095166.0,8.038197514589328e-07,intron_variant,rs1583403509,19471,19471,67,0.007034778594970703,0.01045016077170418,3.595191240310669,3.594346523284912,0.0008447170257568359
289,variant,7-27095167-T-C,1198,T,C,27095167.0,1.4265660842472866e-06,intron_variant,rs1415931463,19502,19502,87,0.0,0.010342084327764518,3.583906650543213,3.594346523284912,-0.010439872741699219
290,variant,7-27095167-T-A,1198,T,A,27095167.0,8.000192004608111e-07,intron_variant,,19583,19583,55,0.0049193501472473145,0.014492753623188406,3.588498830795288,3.594346523284912,-0.0058476924896240234
291,variant,7-27095168-T-A,1199,T,A,27095168.0,0.0037710340613672,intron_variant,rs114515644,19607,19607,55,0.0049193501472473145,0.012422360248447204,3.5941460132598877,3.594346523284912,-0.00020051002502441406
292,variant,7-27095169-A-C,1200,A,C,27095169.0,0.000328422701041,intron_variant,rs17465309,19660,19660,97,0.0071190595626831055,0.0058953574060427415,3.5810229778289795,3.594346523284912,-0.013323545455932617
293,variant,7-27095169-A-T,1200,A,T,27095169.0,0.008521297806779,intron_variant,rs17465309,19692,19692,55,0.0049193501472473145,0.008971704623878536,3.5892133712768555,3.594346523284912,-0.005133152008056641
294,variant,7-27095169-A-G,1200,A,G,27095169.0,8.148378717086662e-07,intron_variant,,19716,19716,55,0.0049193501472473145,0.008971704623878536,3.582059144973755,3.594346523284912,-0.012287378311157227
295,variant,7-27095170-A-T,1201,A,T,27095170.0,4.220275893502744e-06,intron_variant,rs898975970,19757,19757,97,0.0071190595626831055,0.012527634487840826,3.5964717864990234,3.594346523284912,0.002125263214111328
296,variant,7-27095171-A-C,1202,A,C,27095171.0,7.811486947786459e-07,intron_variant,,19902,19902,97,0.0071190595626831055,0.016212232866617538,3.5873377323150635,3.594346523284912,-0.007008790969848633
297,variant,7-27095172-A-T,1203,A,T,27095172.0,1.0887959782987408e-05,intron_variant,,19914,19914,55,0.0049193501472473145,0.012422360248447204,3.606879472732544,3.594346523284912,0.012532949447631836
298,variant,7-27095174-A-G,1205,A,G,27095174.0,7.757771347447305e-07,intron_variant,,20107,20107,97,0.0071190595626831055,0.01105379513633014,3.59684157371521,3.594346523284912,0.0024950504302978516
299,variant,7-27095176-A-G,1207,A,G,27095176.0,1.3880560552557357e-05,intron_variant,rs1272144479,20132,20132,67,0.007034778594970703,0.011254019292604502,3.5956308841705322,3.594346523284912,0.0012843608856201172
300,variant,7-27095177-G-C,1208,G,C,27095177.0,0.0,intron_variant,,20185,20185,55,0.0049193501472473145,0.013112491373360936,3.5990681648254395,3.594346523284912,0.004721641540527344
301,variant,7-27095177-G-T,1208,G,T,27095177.0,7.74802193000127e-07,intron_variant,,20191,20191,97,0.0071190595626831055,0.015475313190862197,3.599680185317993,3.594346523284912,0.005333662033081055
302,variant,7-27095178-A-T,1209,A,T,27095178.0,7.740417363304229e-07,intron_variant,rs1783789434,20294,20294,87,0.0,0.015910898965791568,3.595897912979126,3.594346523284912,0.0015513896942138672
303,variant,7-27095180-C-T,1211,C,T,27095180.0,7.673171981872899e-07,intron_variant,rs1783789526,20367,20367,97,0.0071190595626831055,0.008106116433308769,3.6057207584381104,3.594346523284912,0.011374235153198242
304,variant,7-27095181-A-T,1212,A,T,27095181.0,7.64863984237683e-07,intron_variant,rs1562699392,20422,20422,97,0.0071190595626831055,0.011790714812085483,3.6258625984191895,3.594346523284912,0.031516075134277344
305,variant,7-27095182-T-C,1213,T,C,27095182.0,1.639698186220523e-05,intron_variant,rs781338498,20580,20580,67,0.007034778594970703,0.00964630225080386,3.5996851921081543,3.594346523284912,0.0053386688232421875
306,variant,7-27095183-T-A,1214,T,A,27095183.0,0.0,intron_variant,,20585,20585,97,0.0071190595626831055,0.008843036109064112,3.6041958332061768,3.594346523284912,0.009849309921264648
307,variant,7-27095187-A-T,1218,A,T,27095187.0,0.0,intron_variant,,20601,20601,97,0.0071190595626831055,0.007369196757553427,3.6013407707214355,3.594346523284912,0.0069942474365234375
308,variant,7-27095187-A-G,1218,A,G,27095187.0,2.4208906725772264e-05,intron_variant,rs536977600,20607,20607,55,0.0049193501472473145,0.00966183574879227,3.5908331871032715,3.594346523284912,-0.003513336181640625
309,variant,7-27095192-C-T,1223,C,T,27095192.0,7.364106461414291e-07,intron_variant,,20705,20705,67,0.007034778594970703,0.021704180064308683,3.5765414237976074,3.594346523284912,-0.017805099487304688
310,variant,7-27095193-C-T,1224,C,T,27095193.0,7.310315586323862e-07,intron_variant,,20721,20721,97,0.0071190595626831055,0.008106116433308769,3.5808751583099365,3.594346523284912,-0.013471364974975586
311,variant,7-27095194-T-A,1225,T,A,27095194.0,2.2161908997291816e-06,intron_variant,rs770059415,20816,20816,97,0.0071190595626831055,0.010316875460574797,3.5834944248199463,3.594346523284912,-0.01085209846496582
312,variant,7-27095195-T-C,1226,T,C,27095195.0,2.947218268037713e-06,intron_variant,,21140,21140,67,0.007034778594970703,0.01929260450160772,3.572228193283081,3.594346523284912,-0.022118330001831055
313,variant,7-27095195-T-A,1226,T,A,27095195.0,2.2104299875773835e-06,intron_variant,rs775263660,21150,21150,55,0.0049193501472473145,0.01173222912353347,3.5765817165374756,3.594346523284912,-0.017764806747436523
314,variant,7-27095196-G-C,1227,G,C,27095196.0,1.4576218316767462e-06,intron_variant,,21159,21159,67,0.007034778594970703,0.014469453376205787,3.574981451034546,3.594346523284912,-0.01936507225036621
315,variant,7-27095196-G-T,1227,G,T,27095196.0,0.0,intron_variant,,21174,21174,97,0.0071190595626831055,0.008106116433308769,3.5698916912078857,3.594346523284912,-0.024454832077026367
316,variant,7-27095197-G-T,1228,G,T,27095197.0,7.237303959528997e-07,intron_variant,,21178,21178,55,0.0049193501472473145,0.008281573498964804,3.5693817138671875,3.594346523284912,-0.02496480941772461
317,variant,7-27095198-A-G,1229,A,G,27095198.0,7.21300880564115e-07,intron_variant,,21189,21189,97,0.0071190595626831055,0.0058953574060427415,3.569519519805908,3.594346523284912,-0.024827003479003906
318,variant,7-27095200-A-G,1231,A,G,27095200.0,7.168869899349067e-07,intron_variant,rs749125974,21211,21211,87,0.0,0.01352426412092283,3.578303337097168,3.594346523284912,-0.01604318618774414
319,variant,7-27095201-T-C,1232,T,C,27095201.0,7.171173031799849e-07,intron_variant,,21304,21304,67,0.007034778594970703,0.01607717041800643,3.5697476863861084,3.594346523284912,-0.02459883689880371
320,variant,7-27095202-T-C,1233,T,C,27095202.0,2.8598760815693856e-06,intron_variant,,21907,21907,55,0.0049193501472473145,0.008281573498964804,3.5869948863983154,3.594346523284912,-0.00735163688659668
321,variant,7-27095203-A-T,1234,A,T,27095203.0,0.0,intron_variant,,22047,22047,67,0.007034778594970703,0.012057877813504822,3.594388961791992,3.594346523284912,4.2438507080078125e-05
322,variant,7-27095205-G-T,1236,G,T,27095205.0,7.165048321085877e-07,intron_variant,rs1368512645,22212,22212,67,0.007034778594970703,0.013665594855305467,3.56093168258667,3.594346523284912,-0.03341484069824219
323,variant,7-27095206-C-T,1237,C,T,27095206.0,7.134184013435095e-07,intron_variant,,22269,22269,55,0.0049193501472473145,0.015873015873015872,3.60145902633667,3.594346523284912,0.0071125030517578125
324,variant,7-27095207-A-T,1238,A,T,27095207.0,0.0,intron_variant,,22288,22288,87,0.0,0.01909307875894988,3.5874850749969482,3.594346523284912,-0.006861448287963867
325,variant,7-27095207-A-G,1238,A,G,27095207.0,6.569266344334665e-06,intron_variant,rs1783789932,22350,22350,87,0.0,0.01909307875894988,3.586276054382324,3.594346523284912,-0.00807046890258789
326,variant,7-27095208-T-C,1239,T,C,27095208.0,7.059674012492799e-07,intron_variant,rs768619999,22352,22352,55,0.0049193501472473145,0.008281573498964804,3.590088367462158,3.594346523284912,-0.004258155822753906
327,variant,7-27095211-C-T,1242,C,T,27095211.0,7.035000534660041e-07,intron_variant,rs1156493183,22371,22371,97,0.0071190595626831055,0.009579955784819455,3.5921740531921387,3.594346523284912,-0.0021724700927734375
328,variant,7-27095211-C-A,1242,C,A,27095211.0,1.4069981272854926e-06,intron_variant,,22436,22436,55,0.0049193501472473145,0.00966183574879227,3.598039150238037,3.594346523284912,0.003692626953125
329,variant,7-27095213-G-T,1244,G,T,27095213.0,0.0,intron_variant,,22569,22569,97,0.0071190595626831055,0.0036845983787767134,3.5828468799591064,3.594346523284912,-0.011499643325805664
330,variant,7-27095215-T-G,1246,T,G,27095215.0,6.967048646720471e-07,intron_variant,,22623,22623,67,0.007034778594970703,0.008038585209003215,3.600515842437744,3.594346523284912,0.006169319152832031
331,variant,7-27095216-C-T,1247,C,T,27095216.0,0.0,intron_variant,,22749,22749,55,0.0049193501472473145,0.008971704623878536,3.6041693687438965,3.594346523284912,0.009822845458984375
332,variant,7-27095217-C-A,1248,C,A,27095217.0,6.928182460613282e-07,intron_variant,rs1390470284,22785,22785,55,0.0049193501472473145,0.008971704623878536,3.6133124828338623,3.594346523284912,0.018965959548950195
333,variant,7-27095217-C-T,1248,C,T,27095217.0,0.0,intron_variant,,22855,22855,97,0.0071190595626831055,0.006632277081798084,3.607786178588867,3.594346523284912,0.013439655303955078
334,variant,7-27095222-A-G,1253,A,G,27095222.0,1.383860861093582e-06,intron_variant,,22865,22865,97,0.0071190595626831055,0.011790714812085483,3.628316640853882,3.594346523284912,0.03397011756896973
335,variant,7-27095223-G-T,1254,G,T,27095223.0,6.913630776165673e-07,intron_variant,rs774113767,23037,23037,97,0.0071190595626831055,0.01105379513633014,3.5863797664642334,3.594346523284912,-0.007966756820678711
336,variant,7-27095223-G-A,1254,G,A,27095223.0,6.573325445342799e-06,intron_variant,rs774113767,23243,23243,55,0.0049193501472473145,0.008971704623878536,3.602257490158081,3.594346523284912,0.007910966873168945
337,variant,7-27095225-A-G,1256,A,G,27095225.0,6.900854049697191e-07,intron_variant,,23281,23281,55,0.0049193501472473145,0.013802622498274672,3.5882556438446045,3.594346523284912,-0.006090879440307617
338,variant,7-27095228-A-T,1259,A,T,27095228.0,8.255808993603124e-06,intron_variant,rs1305595842,23374,23374,97,0.0071190595626831055,0.007369196757553427,3.5964081287384033,3.594346523284912,0.002061605453491211
339,variant,7-27095228-A-G,1259,A,G,27095228.0,6.879840828002603e-07,intron_variant,,23388,23388,67,0.007034778594970703,0.01929260450160772,3.5847251415252686,3.594346523284912,-0.009621381759643555
340,variant,7-27095230-C-G,1261,C,G,27095230.0,6.875829396921004e-07,intron_variant,,23428,23428,97,0.0071190595626831055,0.008106116433308769,3.5773231983184814,3.594346523284912,-0.017023324966430664
341,variant,7-27095232-A-C,1263,A,C,27095232.0,6.57133845021554e-06,intron_variant,rs1438430533,23778,23778,97,0.0071190595626831055,0.007369196757553427,3.5881364345550537,3.594346523284912,-0.0062100887298583984
342,variant,7-27095234-G-A,1265,G,A,27095234.0,6.85252542972187e-07,intron_variant,,23801,23801,87,0.0,0.011933174224343675,3.5936429500579834,3.594346523284912,-0.0007035732269287109
343,variant,7-27095234-G-C,1265,G,C,27095234.0,1.370505085944374e-06,intron_variant,,23832,23832,67,0.007034778594970703,0.016881028938906754,3.584115982055664,3.594346523284912,-0.010230541229248047
344,variant,7-27095235-A-C,1266,A,C,27095235.0,4.795933048774639e-06,intron_variant,rs1399825437,23879,23879,55,0.0049193501472473145,0.008971704623878536,3.5906946659088135,3.594346523284912,-0.003651857376098633
345,variant,7-27095235-A-G,1266,A,G,27095235.0,6.851332926820913e-07,intron_variant,rs1399825437,23891,23891,97,0.0071190595626831055,0.010316875460574797,3.577672243118286,3.594346523284912,-0.016674280166625977
346,variant,7-27095236-G-A,1267,G,A,27095236.0,1.3031094674005448e-05,intron_variant,rs550864825,23899,23899,97,0.0071190595626831055,0.010316875460574797,3.595080852508545,3.594346523284912,0.0007343292236328125
347,variant,7-27095240-C-T,1271,C,T,27095240.0,1.053901481289529e-05,intron_variant,rs183650345,23960,23960,97,0.0071190595626831055,0.009579955784819455,3.601677656173706,3.594346523284912,0.007331132888793945
348,variant,7-27095242-A-T,1273,A,T,27095242.0,6.843765056283124e-07,intron_variant,,24049,24049,97,0.0071190595626831055,0.014738393515106854,3.5966579914093018,3.594346523284912,0.0023114681243896484
349,variant,7-27095243-C-T,1274,C,T,27095243.0,6.842997013716103e-07,intron_variant,rs1783790597,24056,24056,55,0.0049193501472473145,0.01173222912353347,3.6011788845062256,3.594346523284912,0.0068323612213134766
350,variant,7-27095245-A-C,1276,A,C,27095245.0,4.789861915123647e-06,intron_variant,,24080,24080,97,0.0071190595626831055,0.01105379513633014,3.5925796031951904,3.594346523284912,-0.0017669200897216797
351,variant,7-27095247-C-T,1278,C,T,27095247.0,6.841966983404125e-07,intron_variant,,24227,24227,67,0.007034778594970703,0.016881028938906754,3.584235668182373,3.594346523284912,-0.010110855102539062
352,variant,7-27095247-C-A,1278,C,A,27095247.0,0.0,intron_variant,,24342,24342,97,0.0071190595626831055,0.004421518054532056,3.5975637435913086,3.594346523284912,0.0032172203063964844
353,variant,7-27095248-C-G,1279,C,G,27095248.0,6.841751652625111e-07,intron_variant,rs1227933834,24351,24351,87,0.0,0.006364359586316627,3.592872381210327,3.594346523284912,-0.001474142074584961
354,variant,7-27095248-C-T,1279,C,T,27095248.0,4.3377710797084025e-06,intron_variant,rs1227933834,24601,24601,97,0.0071190595626831055,0.009579955784819455,3.60963773727417,3.594346523284912,0.015291213989257812
355,variant,7-27095249-A-G,1280,A,G,27095249.0,6.1577028757840805e-06,intron_variant,rs1783790740,24646,24646,55,0.0049193501472473145,0.006901311249137336,3.5963637828826904,3.594346523284912,0.0020172595977783203
356,variant,7-27095251-C-G,1282,C,G,27095251.0,6.841508251543102e-07,intron_variant,,24702,24702,67,0.007034778594970703,0.012057877813504822,3.595249891281128,3.594346523284912,0.0009033679962158203
357,variant,7-27095252-A-G,1283,A,G,27095252.0,6.841424001357339e-07,intron_variant,,24769,24769,55,0.0049193501472473145,0.012422360248447204,3.592991828918457,3.594346523284912,-0.0013546943664550781
358,variant,7-27095255-A-C,1286,A,C,27095255.0,6.841246146668108e-07,intron_variant,,24803,24803,55,0.0049193501472473145,0.00966183574879227,3.5906431674957275,3.594346523284912,-0.0037033557891845703
359,variant,7-27095256-C-A,1287,C,A,27095256.0,6.841105741603227e-07,intron_variant,rs1331410943,24812,24812,55,0.0049193501472473145,0.010351966873706004,3.5836362838745117,3.594346523284912,-0.01071023941040039
360,variant,7-27095256-C-G,1287,C,G,27095256.0,3.4205528708016136e-06,intron_variant,,24831,24831,67,0.007034778594970703,0.00964630225080386,3.5987770557403564,3.594346523284912,0.004430532455444336
361,variant,7-27095257-T-C,1288,T,C,27095257.0,6.840984061875333e-07,intron_variant,,24856,24856,67,0.007034778594970703,0.01607717041800643,3.600982904434204,3.594346523284912,0.006636381149291992
362,variant,7-27095258-G-T,1289,G,T,27095258.0,2.0524075424608915e-06,intron_variant,rs1229263774,24996,24996,55,0.0049193501472473145,0.011042097998619738,3.612189531326294,3.594346523284912,0.017843008041381836
