seq_idx,source,variant_id,offset,ref,alt,pos,rsids,AF,consequence,injected_idx
1,variant,11-615500-G-A,556,G,A,615500.0,rs1856792103,1.14858827015715e-06,5_prime_UTR_variant,131
2,variant,11-615500-G-C,556,G,C,615500.0,,1.1485829931613368e-06,5_prime_UTR_variant,160
3,variant,11-615500-G-T,556,G,T,615500.0,,0.0,5_prime_UTR_variant,173
4,variant,11-615501-A-G,557,A,G,615501.0,,0.0,5_prime_UTR_variant,184
5,variant,11-615502-G-A,558,G,A,615502.0,rs961621655,2.7184911769858577e-05,5_prime_UTR_variant,245
6,variant,11-615502-G-C,558,G,C,615502.0,,1.1873917989223231e-06,5_prime_UTR_variant,343
7,variant,11-615503-G-A,559,G,A,615503.0,rs1365812140,4.107020746615301e-06,5_prime_UTR_variant,438
8,variant,11-615504-G-A,560,G,A,615504.0,rs1856792691,2.08385429690756e-06,5_prime_UTR_variant,442
9,variant,11-615504-G-T,560,G,T,615504.0,rs1856792691,3.125794472761827e-06,5_prime_UTR_variant,484
10,variant,11-615505-C-T,561,C,T,615505.0,rs972960522,6.443520395889893e-06,5_prime_UTR_variant,518
11,variant,11-615505-C-A,561,C,A,615505.0,,0.0,5_prime_UTR_variant,534
12,variant,11-615507-T-C,563,T,C,615507.0,rs1030815918,0.0,5_prime_UTR_variant,545
13,variant,11-615508-G-T,564,G,T,615508.0,rs1856792988,0.0,5_prime_UTR_variant,564
14,variant,11-615509-T-C,565,T,C,615509.0,rs1266205052,6.632267306901538e-06,5_prime_UTR_variant,611
15,variant,11-615509-T-G,565,T,G,615509.0,rs1266205052,0.0,5_prime_UTR_variant,617
16,variant,11-615510-A-G,566,A,G,615510.0,,1.3675475496283005e-06,5_prime_UTR_variant,767
17,variant,11-615510-A-C,566,A,C,615510.0,,0.0,5_prime_UTR_variant,786
18,variant,11-615511-G-T,567,G,T,615511.0,rs954752080,0.0,5_prime_UTR_variant,863
19,variant,11-615511-G-A,567,G,A,615511.0,rs954752080,1.405639425374603e-06,5_prime_UTR_variant,924
20,variant,11-615512-C-A,568,C,A,615512.0,,0.0,5_prime_UTR_variant,928
21,variant,11-615512-C-T,568,C,T,615512.0,rs1281077045,1.149182241916652e-06,5_prime_UTR_variant,1030
22,variant,11-615513-C-T,569,C,T,615513.0,rs1027534669,6.29424915435597e-05,5_prime_UTR_variant,1063
23,variant,11-615513-C-A,569,C,A,615513.0,,0.0,5_prime_UTR_variant,1093
24,variant,11-615514-A-C,570,A,C,615514.0,,4.3097008492983805e-06,5_prime_UTR_variant,1102
25,variant,11-615515-C-A,571,C,A,615515.0,,1.4760626913346263e-06,5_prime_UTR_variant,1107
26,variant,11-615515-C-T,571,C,T,615515.0,,0.0,5_prime_UTR_variant,1204
27,variant,11-615516-C-T,572,C,T,615516.0,rs1856793563,4.466745082858121e-06,5_prime_UTR_variant,1269
28,variant,11-615517-G-T,573,G,T,615517.0,,0.0,5_prime_UTR_variant,1306
29,variant,11-615518-A-C,574,A,C,615518.0,,0.0,5_prime_UTR_variant,1355
30,variant,11-615519-C-G,575,C,G,615519.0,rs1005264708,0.0,5_prime_UTR_variant,1449
31,variant,11-615519-C-T,575,C,T,615519.0,rs1005264708,0.0,5_prime_UTR_variant,1491
32,variant,11-615519-C-A,575,C,A,615519.0,,1.5168568299512483e-06,5_prime_UTR_variant,1594
33,variant,11-615520-G-T,576,G,T,615520.0,,0.0,5_prime_UTR_variant,1606
34,variant,11-615520-G-A,576,G,A,615520.0,rs1328625860,3.719712243060877e-06,5_prime_UTR_variant,1630
35,variant,11-615521-C-A,577,C,A,615521.0,,1.5384378701866125e-06,5_prime_UTR_variant,1665
36,variant,11-615522-T-A,578,T,A,615522.0,,4.920953090194509e-06,5_prime_UTR_variant,1695
37,variant,11-615523-G-T,579,G,T,615523.0,,0.0,5_prime_UTR_variant,1904
38,variant,11-615523-G-A,579,G,A,615523.0,rs2057071386,1.6297580787107962e-06,5_prime_UTR_variant,1965
39,variant,11-615524-C-A,580,C,A,615524.0,,0.0,5_prime_UTR_variant,1970
40,variant,11-615524-C-T,580,C,T,615524.0,,0.0,5_prime_UTR_variant,1987
41,variant,11-615525-C-G,581,C,G,615525.0,,1.6530346409939366e-06,5_prime_UTR_variant,2046
42,variant,11-615525-C-T,581,C,T,615525.0,,0.0,5_prime_UTR_variant,2074
43,variant,11-615527-C-A,583,C,A,615527.0,,0.0,5_prime_UTR_variant,2091
44,variant,11-615527-C-T,583,C,T,615527.0,rs1431888326,1.9309705609745333e-05,5_prime_UTR_variant,2149
45,variant,11-615528-G-C,584,G,C,615528.0,rs1315288528,2.744161795779479e-06,5_prime_UTR_variant,2175
46,variant,11-615528-G-A,584,G,A,615528.0,rs1315288528,2.744161795779479e-06,5_prime_UTR_variant,2232
47,variant,11-615528-G-T,584,G,T,615528.0,,0.0,5_prime_UTR_variant,2236
48,variant,11-615529-G-A,585,G,A,615529.0,,0.0,5_prime_UTR_variant,2241
49,variant,11-615531-A-G,587,A,G,615531.0,rs952830483,2.924530403975133e-05,5_prime_UTR_variant,2253
50,variant,11-615531-A-T,587,A,T,615531.0,,3.533768693636389e-06,5_prime_UTR_variant,2279
51,variant,11-615532-T-A,588,T,A,615532.0,,0.0,5_prime_UTR_variant,2301
52,variant,11-615532-T-C,588,T,C,615532.0,rs1856794316,4.286975881473691e-06,5_prime_UTR_variant,2327
53,variant,11-615532-T-G,588,T,G,615532.0,,1.8260104228674931e-06,5_prime_UTR_variant,2345
54,variant,11-615533-G-T,589,G,T,615533.0,,0.0,5_prime_UTR_variant,2354
55,variant,11-615533-G-A,589,G,A,615533.0,,1.827184856291911e-06,5_prime_UTR_variant,2389
56,variant,11-615534-G-T,590,G,T,615534.0,,0.0,5_prime_UTR_variant,2420
57,variant,11-615534-G-A,590,G,A,615534.0,,5.467189572976046e-06,5_prime_UTR_variant,2423
58,variant,11-615535-A-G,591,A,G,615535.0,,1.87563771682372e-06,5_prime_UTR_variant,2483
59,variant,11-615536-T-C,592,T,C,615536.0,rs1856794446,8.782124278768044e-06,5_prime_UTR_variant,2559
60,variant,11-615537-C-T,593,C,T,615537.0,rs1284176651,2.0595261912887925e-05,5_prime_UTR_variant,2578
61,variant,11-615537-C-A,593,C,A,615537.0,,0.0,5_prime_UTR_variant,2599
62,variant,11-615539-C-G,595,C,G,615539.0,rs1316962266,6.570647603027754e-06,5_prime_UTR_variant,2607
63,variant,11-615540-T-G,596,T,G,615540.0,,5.630675922425374e-05,5_prime_UTR_variant,2636
64,variant,11-615541-T-A,597,T,A,615541.0,,0.0,5_prime_UTR_variant,2659
65,variant,11-615541-T-G,597,T,G,615541.0,,0.0,5_prime_UTR_variant,2677
66,variant,11-615542-G-A,598,G,A,615542.0,rs1401807816,7.885390579166167e-06,5_prime_UTR_variant,2681
67,variant,11-615542-G-T,598,G,T,615542.0,,2.074964310613857e-06,5_prime_UTR_variant,2787
68,variant,11-615543-G-T,599,G,T,615543.0,,0.0,5_prime_UTR_variant,2826
69,variant,11-615544-C-A,600,C,A,615544.0,,0.0,5_prime_UTR_variant,2850
70,variant,11-615544-C-T,600,C,T,615544.0,,0.0,5_prime_UTR_variant,2858
71,variant,11-615545-A-G,601,A,G,615545.0,,0.0,5_prime_UTR_variant,2914
72,variant,11-615546-G-A,602,G,A,615546.0,rs1161893729,2.053143568117144e-06,5_prime_UTR_variant,2927
73,variant,11-615546-G-C,602,G,C,615546.0,rs1161893729,4.692794058297016e-06,5_prime_UTR_variant,2935
74,variant,11-615546-G-T,602,G,T,615546.0,,0.0,5_prime_UTR_variant,2995
75,variant,11-615547-A-T,603,A,T,615547.0,rs1856795138,3.108445482774304e-05,5_prime_UTR_variant,3022
76,variant,11-615547-A-G,603,A,G,615547.0,,0.0,5_prime_UTR_variant,3040
77,variant,11-615548-G-C,604,G,C,615548.0,rs1015520011,4.290059503125308e-06,5_prime_UTR_variant,3138
78,variant,11-615548-G-A,604,G,A,615548.0,rs1015520011,4.851307427351672e-06,5_prime_UTR_variant,3162
79,variant,11-615548-G-T,604,G,T,615548.0,,2.145029751562654e-06,5_prime_UTR_variant,3201
80,variant,11-615549-G-A,605,G,A,615549.0,rs1856795407,2.1798935339998e-06,5_prime_UTR_variant,3220
81,variant,11-615550-G-A,606,G,A,615550.0,,4.371374491281294e-06,5_prime_UTR_variant,3239
82,variant,11-615551-G-A,607,G,A,615551.0,rs961245995,3.3113021364521385e-05,5_prime_UTR_variant,3241
83,variant,11-615551-G-T,607,G,T,615551.0,rs961245995,3.3113021364521382e-06,5_prime_UTR_variant,3247
84,variant,11-615552-G-A,608,G,A,615552.0,rs1185620539,8.36694054452049e-06,5_prime_UTR_variant,3283
85,variant,11-615552-G-C,608,G,C,615552.0,rs1185620539,6.572288602337106e-06,5_prime_UTR_variant,3408
86,variant,11-615553-C-A,609,C,A,615553.0,rs1856795790,1.6890693565659193e-06,5_prime_UTR_variant,3444
87,variant,11-615554-T-G,610,T,G,615554.0,rs1447842203,2.298110952796801e-06,5_prime_UTR_variant,3464
88,variant,11-615555-A-G,611,A,G,615555.0,,0.0,5_prime_UTR_variant,3472
89,variant,11-615556-C-T,612,C,T,615556.0,rs1241612318,2.31795908338626e-06,5_prime_UTR_variant,3479
90,variant,11-615556-C-A,612,C,A,615556.0,,0.0,5_prime_UTR_variant,3480
91,variant,11-615558-G-T,614,G,T,615558.0,,0.0,5_prime_UTR_variant,3486
92,variant,11-615558-G-A,614,G,A,615558.0,,0.0,5_prime_UTR_variant,3521
93,variant,11-615559-G-T,615,G,T,615559.0,,0.0,5_prime_UTR_variant,3539
94,variant,11-615559-G-A,615,G,A,615559.0,rs761734868,8.799439651682981e-05,5_prime_UTR_variant,3577
95,variant,11-615560-T-C,616,T,C,615560.0,rs1856796401,7.4337651524913025e-06,5_prime_UTR_variant,3579
96,variant,11-615560-T-A,616,T,A,615560.0,,2.4779217174971007e-06,5_prime_UTR_variant,3638
97,variant,11-615561-G-A,617,G,A,615561.0,rs1377556342,1.314043179458877e-05,5_prime_UTR_variant,3735
98,variant,11-615566-T-C,622,T,C,615566.0,rs149920266,0.0034481232621089,5_prime_UTR_variant,3747
99,variant,11-615567-G-A,623,G,A,615567.0,,2.585221837885909e-06,5_prime_UTR_variant,3758
100,variant,11-615567-G-T,623,G,T,615567.0,rs1856797082,0.0,5_prime_UTR_variant,3773
101,variant,11-615568-C-A,624,C,A,615568.0,,0.0,5_prime_UTR_variant,3781
102,variant,11-615568-C-T,624,C,T,615568.0,,2.777068082601113e-06,5_prime_UTR_variant,3814
103,variant,11-615569-A-G,625,A,G,615569.0,,0.0,5_prime_UTR_variant,3849
104,variant,11-615570-G-C,626,G,C,615570.0,rs11544076,0.0,5_prime_UTR_variant,3980
105,variant,11-615570-G-T,626,G,T,615570.0,,0.0,5_prime_UTR_variant,4004
106,variant,11-615571-G-T,627,G,T,615571.0,,0.0,5_prime_UTR_variant,4026
107,variant,11-615571-G-A,627,G,A,615571.0,rs1589926014,1.1685655857435e-05,5_prime_UTR_variant,4051
108,variant,11-615572-T-A,628,T,A,615572.0,,0.0,5_prime_UTR_variant,4058
109,variant,11-615573-G-T,629,G,T,615573.0,,0.0,5_prime_UTR_variant,4072
110,variant,11-615573-G-A,629,G,A,615573.0,rs1856797367,2.5467425204131208e-05,5_prime_UTR_variant,4124
111,variant,11-615575-G-A,631,G,A,615575.0,,0.0,5_prime_UTR_variant,4125
112,variant,11-615575-G-T,631,G,T,615575.0,,0.0,5_prime_UTR_variant,4147
113,variant,11-615576-G-A,632,G,A,615576.0,,2.770405421129328e-06,5_prime_UTR_variant,4221
114,variant,11-615576-G-T,632,G,T,615576.0,,0.0,5_prime_UTR_variant,4272
115,variant,11-615577-C-G,633,C,G,615577.0,,0.0,5_prime_UTR_variant,4286
116,variant,11-615577-C-A,633,C,A,615577.0,,0.0,5_prime_UTR_variant,4335
117,variant,11-615577-C-T,633,C,T,615577.0,rs1315740796,1.9678763858769447e-06,5_prime_UTR_variant,4379
118,variant,11-615578-C-G,634,C,G,615578.0,rs969860522,6.573411863693732e-06,5_prime_UTR_variant,4412
119,variant,11-615578-C-T,634,C,T,615578.0,rs969860522,1.990889688784124e-05,5_prime_UTR_variant,4436
120,variant,11-615578-C-A,634,C,A,615578.0,,0.0,5_prime_UTR_variant,4442
121,variant,11-615579-G-T,635,G,T,615579.0,,0.0,5_prime_UTR_variant,4452
122,variant,11-615579-G-A,635,G,A,615579.0,,0.0,5_prime_UTR_variant,4455
123,variant,11-615579-G-C,635,G,C,615579.0,,2.818171570285199e-06,5_prime_UTR_variant,4457
124,variant,11-615580-G-A,636,G,A,615580.0,rs766957924,0.000466178364583,5_prime_UTR_variant,4560
125,variant,11-615580-G-T,636,G,T,615580.0,,0.0,5_prime_UTR_variant,4659
126,variant,11-615581-C-T,637,C,T,615581.0,rs1856797724,0.0,5_prime_UTR_variant,4707
127,variant,11-615581-C-A,637,C,A,615581.0,,0.0,5_prime_UTR_variant,4724
128,variant,11-615582-G-T,638,G,T,615582.0,rs979894804,5.692167577413479e-06,5_prime_UTR_variant,4765
129,variant,11-615582-G-A,638,G,A,615582.0,,1.1384335154826958e-05,5_prime_UTR_variant,4833
130,variant,11-615583-C-T,639,C,T,615583.0,rs1292184302,1.3987970345502867e-05,5_prime_UTR_variant,4856
131,variant,11-615583-C-A,639,C,A,615583.0,,0.0,5_prime_UTR_variant,4910
132,variant,11-615584-G-A,640,G,A,615584.0,,0.0,5_prime_UTR_variant,4978
133,variant,11-615585-C-A,641,C,A,615585.0,,0.0,5_prime_UTR_variant,5000
134,variant,11-615585-C-T,641,C,T,615585.0,,2.8601828228860387e-06,5_prime_UTR_variant,5014
135,variant,11-615585-C-G,641,C,G,615585.0,rs1856798088,3.986986476141873e-06,5_prime_UTR_variant,5035
136,variant,11-615586-A-G,642,A,G,615586.0,rs774707812,3.0032314770693265e-05,5_prime_UTR_variant,5335
137,variant,11-615587-C-A,643,C,A,615587.0,,0.0,5_prime_UTR_variant,5505
138,variant,11-615587-C-T,643,C,T,615587.0,rs1856798238,2.9135661466922285e-06,5_prime_UTR_variant,5573
139,variant,11-615588-A-C,644,A,C,615588.0,rs1856798366,2.9133794035729685e-06,5_prime_UTR_variant,5647
140,variant,11-615589-C-G,645,C,G,615589.0,,0.0,5_prime_UTR_variant,5656
141,variant,11-615589-C-A,645,C,A,615589.0,,0.0,5_prime_UTR_variant,5669
142,variant,11-615590-A-G,646,A,G,615590.0,rs1362506023,8.72844075134418e-06,5_prime_UTR_variant,5674
143,variant,11-615590-A-C,646,A,C,615590.0,,0.0,5_prime_UTR_variant,5681
144,variant,11-615591-T-A,647,T,A,615591.0,,0.0,5_prime_UTR_variant,5703
145,variant,11-615591-T-C,647,T,C,615591.0,,0.0,5_prime_UTR_variant,5737
146,variant,11-615592-G-T,648,G,T,615592.0,,0.0,5_prime_UTR_variant,5785
147,variant,11-615593-A-G,649,A,G,615593.0,,0.0,5_prime_UTR_variant,5796
148,variant,11-615594-A-G,650,A,G,615594.0,,0.0,5_prime_UTR_variant,5814
149,variant,11-615595-G-A,651,G,A,615595.0,,0.0,5_prime_UTR_variant,5835
150,variant,11-615596-T-A,652,T,A,615596.0,rs1856798757,4.111859012578177e-06,5_prime_UTR_variant,5855
151,variant,11-615597-C-A,653,C,A,615597.0,,0.0,5_prime_UTR_variant,5925
152,variant,11-615600-A-G,656,A,G,615600.0,,0.0,5_prime_UTR_variant,5932
153,variant,11-615600-A-T,656,A,T,615600.0,,0.0,5_prime_UTR_variant,5966
154,variant,11-615601-G-T,657,G,T,615601.0,,0.0,5_prime_UTR_variant,6021
155,variant,11-615601-G-A,657,G,A,615601.0,rs945918742,2.072203871705714e-06,5_prime_UTR_variant,6071
156,variant,11-615602-G-C,658,G,C,615602.0,,3.120884333784821e-06,5_prime_UTR_variant,6091
157,variant,11-615602-G-A,658,G,A,615602.0,rs1856799230,0.0,5_prime_UTR_variant,6094
158,variant,11-615603-T-C,659,T,C,615603.0,rs1589926076,9.413182220381424e-06,5_prime_UTR_variant,6108
159,variant,11-615604-G-T,660,G,T,615604.0,,0.0,5_prime_UTR_variant,6142
160,variant,11-615606-T-G,662,T,G,615606.0,,0.0,5_prime_UTR_variant,6311
161,variant,11-615607-G-T,663,G,T,615607.0,,0.0,5_prime_UTR_variant,6462
162,variant,11-615608-A-C,664,A,C,615608.0,,0.0,5_prime_UTR_variant,6474
163,variant,11-615609-A-C,665,A,C,615609.0,,0.0,5_prime_UTR_variant,6497
164,variant,11-615609-A-G,665,A,G,615609.0,,3.237230743332924e-06,5_prime_UTR_variant,6534
165,variant,11-615610-C-T,666,C,T,615610.0,,0.0,5_prime_UTR_variant,6581
166,variant,11-615610-C-A,666,C,A,615610.0,,3.2217532781339603e-06,5_prime_UTR_variant,6592
167,variant,11-615611-C-T,667,C,T,615611.0,rs1856799509,0.0,5_prime_UTR_variant,6597
168,variant,11-615611-C-G,667,C,G,615611.0,,0.0,5_prime_UTR_variant,6714
169,variant,11-615611-C-A,667,C,A,615611.0,,0.0,5_prime_UTR_variant,6748
170,variant,11-615612-A-G,668,A,G,615612.0,rs1424471927,1.3092861117475695e-05,5_prime_UTR_variant,6819
171,variant,11-615613-G-C,669,G,C,615613.0,,0.0,5_prime_UTR_variant,6868
172,variant,11-615614-T-G,670,T,G,615614.0,,0.0,5_prime_UTR_variant,6875
173,variant,11-615614-T-C,670,T,C,615614.0,,0.0,5_prime_UTR_variant,6896
174,variant,11-615614-T-A,670,T,A,615614.0,,0.0,5_prime_UTR_variant,6898
175,variant,11-615615-G-A,671,G,A,615615.0,,3.506385127316844e-06,5_prime_UTR_variant,6901
176,variant,11-615616-T-A,672,T,A,615616.0,,0.0,5_prime_UTR_variant,6909
177,variant,11-615617-C-A,673,C,A,615617.0,,0.0,5_prime_UTR_variant,6943
178,variant,11-615617-C-T,673,C,T,615617.0,,3.528656217139389e-06,5_prime_UTR_variant,6966
179,variant,11-615618-C-T,674,C,T,615618.0,rs552259400,0.0022897747890513,5_prime_UTR_variant,6992
180,variant,11-615618-C-A,674,C,A,615618.0,,0.0,5_prime_UTR_variant,7029
181,variant,11-615619-A-C,675,A,C,615619.0,rs1856799971,6.573325445342799e-06,5_prime_UTR_variant,7033
182,variant,11-615619-A-G,675,A,G,615619.0,,0.0,5_prime_UTR_variant,7060
183,variant,11-615620-G-T,676,G,T,615620.0,,0.0,5_prime_UTR_variant,7103
184,variant,11-615621-G-T,677,G,T,615621.0,,0.0,5_prime_UTR_variant,7174
185,variant,11-615621-G-C,677,G,C,615621.0,,3.6069831193190017e-06,5_prime_UTR_variant,7181
186,variant,11-615621-G-A,677,G,A,615621.0,,0.0,5_prime_UTR_variant,7233
187,variant,11-615622-C-T,678,C,T,615622.0,rs1448562580,2.334888368987079e-06,5_prime_UTR_variant,7289
188,variant,11-615623-C-T,679,C,T,615623.0,rs749911878,0.0,5_prime_UTR_variant,7290
189,variant,11-615623-C-A,679,C,A,615623.0,,0.0,5_prime_UTR_variant,7295
190,variant,11-615624-T-C,680,T,C,615624.0,rs1856800244,2.373616774824471e-06,5_prime_UTR_variant,7365
191,variant,11-615624-T-G,680,T,G,615624.0,,0.0,5_prime_UTR_variant,7391
192,variant,11-615625-G-C,681,G,C,615625.0,rs1216213799,1.4165509816698303e-05,5_prime_UTR_variant,7421
193,variant,11-615625-G-A,681,G,A,615625.0,rs1216213799,6.571511184712037e-06,5_prime_UTR_variant,7462
194,variant,11-615625-G-T,681,G,T,615625.0,rs1216213799,0.0,5_prime_UTR_variant,7481
195,variant,11-615626-G-T,682,G,T,615626.0,,0.0,5_prime_UTR_variant,7558
196,variant,11-615627-C-T,683,C,T,615627.0,rs576121915,1.4362038260469926e-05,5_prime_UTR_variant,7580
197,variant,11-615627-C-A,683,C,A,615627.0,rs576121915,0.0001890467735219,5_prime_UTR_variant,7596
198,variant,11-615627-C-G,683,C,G,615627.0,,3.763841527216338e-06,5_prime_UTR_variant,7634
199,variant,11-615628-G-A,684,G,A,615628.0,rs912892726,0.0004303744495487,5_prime_UTR_variant,7643
200,variant,11-615628-G-T,684,G,T,615628.0,,0.0,5_prime_UTR_variant,7646
201,variant,11-615629-G-A,685,G,A,615629.0,rs1856800656,9.544944758632207e-06,5_prime_UTR_variant,7704
202,variant,11-615630-G-A,686,G,A,615630.0,,0.0,5_prime_UTR_variant,7774
203,variant,11-615631-A-G,687,A,G,615631.0,,0.0,5_prime_UTR_variant,7782
204,variant,11-615632-A-G,688,A,G,615632.0,,3.756630452749102e-06,5_prime_UTR_variant,7795
205,variant,11-615633-G-A,689,G,A,615633.0,,0.0,5_prime_UTR_variant,7801
206,variant,11-615633-G-T,689,G,T,615633.0,,0.0,5_prime_UTR_variant,7822
207,variant,11-615634-G-A,690,G,A,615634.0,,0.0,5_prime_UTR_variant,7827
208,variant,11-615634-G-T,690,G,T,615634.0,,0.0,5_prime_UTR_variant,7881
209,variant,11-615635-C-A,691,C,A,615635.0,rs1243819351,2.425571343329921e-06,5_prime_UTR_variant,7882
210,variant,11-615635-C-T,691,C,T,615635.0,rs1243819351,1.2127856716649609e-05,5_prime_UTR_variant,7915
211,variant,11-615635-C-G,691,C,G,615635.0,,7.685508972831726e-06,5_prime_UTR_variant,7977
212,variant,11-615636-G-T,692,G,T,615636.0,,0.0,5_prime_UTR_variant,7981
213,variant,11-615636-G-A,692,G,A,615636.0,rs1197232731,0.0,5_prime_UTR_variant,7997
214,variant,11-615637-C-T,693,C,T,615637.0,,0.0,5_prime_UTR_variant,8125
215,variant,11-615637-C-A,693,C,A,615637.0,,0.0,5_prime_UTR_variant,8163
216,variant,11-615638-A-G,694,A,G,615638.0,,3.866856400420714e-06,5_prime_UTR_variant,8192
217,variant,11-615639-G-A,695,G,A,615639.0,rs1856800986,4.862890794061438e-06,5_prime_UTR_variant,8194
218,variant,11-615640-G-C,696,G,C,615640.0,,0.0,5_prime_UTR_variant,8230
219,variant,11-615640-G-T,696,G,T,615640.0,,0.0,5_prime_UTR_variant,8244
220,variant,11-615641-C-T,697,C,T,615641.0,rs113491659,0.0,5_prime_UTR_variant,8266
221,variant,11-615642-C-A,698,C,A,615642.0,,3.920553895854407e-06,5_prime_UTR_variant,8301
222,variant,11-615642-C-T,698,C,T,615642.0,,7.841107791708813e-06,5_prime_UTR_variant,8407
223,variant,11-615643-G-T,699,G,T,615643.0,,3.916561572264477e-06,5_prime_UTR_variant,8498
224,variant,11-615643-G-A,699,G,A,615643.0,rs1490152963,4.907951372017806e-06,5_prime_UTR_variant,8579
225,variant,11-615657-C-T,713,C,T,615657.0,rs1055584053,1.7559967288289508e-05,intron_variant,8640
226,variant,11-615657-C-A,713,C,A,615657.0,rs1055584053,7.525700266409789e-06,intron_variant,8761
227,variant,11-615658-G-T,714,G,T,615658.0,,0.0,intron_variant,8848
228,variant,11-615658-G-A,714,G,A,615658.0,rs1013971273,7.488280840484642e-06,intron_variant,8929
229,variant,11-615658-G-C,714,G,C,615658.0,rs1013971273,8.04971504008758e-06,intron_variant,8957
230,variant,11-615659-G-A,715,G,A,615659.0,rs1043278105,8.250783824463324e-05,intron_variant,8976
231,variant,11-615660-G-T,716,G,T,615660.0,rs2133155323,1.211984098768624e-05,intron_variant,8983
232,variant,11-615662-A-G,718,A,G,615662.0,,0.0,intron_variant,9036
233,variant,11-615663-A-G,719,A,G,615663.0,,0.0,intron_variant,9079
234,variant,11-615666-C-T,722,C,T,615666.0,rs1856803764,5.052138064829036e-06,5_prime_UTR_variant,9083
235,variant,11-615666-C-A,722,C,A,615666.0,,4.103271127743037e-06,5_prime_UTR_variant,9126
236,variant,11-615669-C-T,725,C,T,615669.0,rs544904949,0.0002126442310126,5_prime_UTR_variant,9143
237,variant,11-615670-G-A,726,G,A,615670.0,rs994788584,3.7981606773892966e-05,5_prime_UTR_variant,9150
238,variant,11-615670-G-T,726,G,T,615670.0,,0.0,5_prime_UTR_variant,9169
239,variant,11-615671-T-C,727,T,C,615671.0,,4.1477942030428215e-06,5_prime_UTR_variant,9202
240,variant,11-615672-C-A,728,C,A,615672.0,,0.0,5_prime_UTR_variant,9237
241,variant,11-615673-A-G,729,A,G,615673.0,,0.0,5_prime_UTR_variant,9247
242,variant,11-615675-G-A,731,G,A,615675.0,rs1423184780,6.571511184712037e-06,5_prime_UTR_variant,9262
243,variant,11-615675-G-C,731,G,C,615675.0,,0.0,5_prime_UTR_variant,9356
244,variant,11-615676-G-A,732,G,A,615676.0,,4.142810980106221e-06,5_prime_UTR_variant,9391
245,variant,11-615677-G-T,733,G,T,615677.0,rs1175732850,5.080552154408141e-06,5_prime_UTR_variant,9454
246,variant,11-615677-G-A,733,G,A,615677.0,,0.0,5_prime_UTR_variant,9624
247,variant,11-615678-C-T,734,C,T,615678.0,rs1856805403,5.109522617301866e-06,5_prime_UTR_variant,9651
248,variant,11-615679-G-A,735,G,A,615679.0,rs1564886862,1.0182003309151076e-05,5_prime_UTR_variant,9765
249,variant,11-615679-G-T,735,G,T,615679.0,,0.0,5_prime_UTR_variant,9866
250,variant,11-615682-T-C,738,T,C,615682.0,rs1480070734,2.569439091446337e-06,5_prime_UTR_variant,10050
251,variant,11-615682-T-G,738,T,G,615682.0,,0.0,5_prime_UTR_variant,10094
252,variant,11-615683-C-G,739,C,G,615683.0,rs1269507019,4.198716872123879e-06,5_prime_UTR_variant,10103
253,variant,11-615684-A-G,740,A,G,615684.0,,0.0,5_prime_UTR_variant,10110
254,variant,11-615685-G-C,741,G,C,615685.0,,4.226292611595257e-06,5_prime_UTR_variant,10155
255,variant,11-615685-G-T,741,G,T,615685.0,,0.0,5_prime_UTR_variant,10163
256,variant,11-615686-G-T,742,G,T,615686.0,,0.0,5_prime_UTR_variant,10169
257,variant,11-615686-G-A,742,G,A,615686.0,rs1856806310,0.0,5_prime_UTR_variant,10245
258,variant,11-615687-C-T,743,C,T,615687.0,rs1201385504,6.57323902926406e-06,5_prime_UTR_variant,10249
259,variant,11-615687-C-A,743,C,A,615687.0,,0.0,5_prime_UTR_variant,10284
260,variant,11-615688-T-C,744,T,C,615688.0,,0.0,5_prime_UTR_variant,10293
261,variant,11-615689-C-T,745,C,T,615689.0,rs1156495302,2.0787643824510712e-05,5_prime_UTR_variant,10339
262,variant,11-615691-C-G,747,C,G,615691.0,rs148947445,0.0,5_prime_UTR_variant,10381
263,variant,11-615691-C-T,747,C,T,615691.0,rs148947445,0.0003500869992318,5_prime_UTR_variant,10435
264,variant,11-615692-G-A,748,G,A,615692.0,rs1439141772,1.565639433238525e-05,5_prime_UTR_variant,10497
265,variant,11-615692-G-T,748,G,T,615692.0,,4.32656946307273e-06,5_prime_UTR_variant,10572
266,variant,11-615694-G-A,750,G,A,615694.0,,4.346276544883998e-06,5_prime_UTR_variant,10573
267,variant,11-615696-A-C,752,A,C,615696.0,,0.0,5_prime_UTR_variant,10598
268,variant,11-615697-A-G,753,A,G,615697.0,rs1856807307,1.3146305230914853e-05,5_prime_UTR_variant,10658
269,variant,11-615698-G-A,754,G,A,615698.0,rs1027173773,4.4229391315116725e-06,5_prime_UTR_variant,10666
270,variant,11-615699-C-A,755,C,A,615699.0,,0.0,5_prime_UTR_variant,10700
271,variant,11-615699-C-T,755,C,T,615699.0,rs1051870967,7.976008167432364e-06,5_prime_UTR_variant,10724
272,variant,11-615700-G-T,756,G,T,615700.0,rs1421532368,8.900122821694939e-06,5_prime_UTR_variant,10791
273,variant,11-615701-A-G,757,A,G,615701.0,,4.525706010137581e-06,5_prime_UTR_variant,10824
274,variant,11-615702-A-C,758,A,C,615702.0,,0.0,5_prime_UTR_variant,10841
275,variant,11-615703-A-C,759,A,C,615703.0,,0.0,5_prime_UTR_variant,10842
276,variant,11-615706-T-C,762,T,C,615706.0,rs574930999,2.7642330359018587e-06,5_prime_UTR_variant,10857
277,variant,11-615706-T-G,762,T,G,615706.0,,0.0,5_prime_UTR_variant,10893
278,variant,11-615707-A-T,763,A,T,615707.0,rs1401670307,1.9725940927382235e-05,5_prime_UTR_variant,10904
279,variant,11-615707-A-G,763,A,G,615707.0,,0.0,5_prime_UTR_variant,10938
280,variant,11-615708-A-C,764,A,C,615708.0,,2.01999798000202e-05,5_prime_UTR_variant,10971
281,variant,11-615709-A-G,765,A,G,615709.0,rs1333879180,6.576610940849961e-06,5_prime_UTR_variant,11057
282,variant,11-615709-A-C,765,A,C,615709.0,,0.0,5_prime_UTR_variant,11071
283,variant,11-615711-A-G,767,A,G,615711.0,rs952963810,7.69555254067242e-05,5_prime_UTR_variant,11073
284,variant,11-615714-G-T,770,G,T,615714.0,,0.0,5_prime_UTR_variant,11078
285,variant,11-615716-C-T,772,C,T,615716.0,rs796404459,7.0364723818459e-05,5_prime_UTR_variant,11118
286,variant,11-615717-G-T,773,G,T,615717.0,,0.0,5_prime_UTR_variant,11122
287,variant,11-615717-G-C,773,G,C,615717.0,rs1856809853,8.785750683824262e-06,5_prime_UTR_variant,11138
288,variant,11-615717-G-A,773,G,A,615717.0,rs1856809853,2.928583561274754e-06,5_prime_UTR_variant,11147
289,variant,11-615718-C-G,774,C,G,615718.0,rs1285727745,3.83972401245252e-05,5_prime_UTR_variant,11215
290,variant,11-615718-C-A,774,C,A,615718.0,,5.368262830148164e-06,5_prime_UTR_variant,11248
291,variant,11-615718-C-T,774,C,T,615718.0,rs1285727745,5.909327282182197e-06,5_prime_UTR_variant,11251
292,variant,11-615721-C-T,777,C,T,615721.0,rs1004888989,5.553334221866809e-06,5_prime_UTR_variant,11287
293,variant,11-615721-C-A,777,C,A,615721.0,,0.0,5_prime_UTR_variant,11294
294,variant,11-615722-G-A,778,G,A,615722.0,rs1856810700,6.094142310411233e-06,5_prime_UTR_variant,11342
295,variant,11-615722-G-C,778,G,C,615722.0,rs1856810700,5.679430239558368e-06,5_prime_UTR_variant,11347
296,variant,11-615722-G-T,778,G,T,615722.0,rs1856810700,0.0,5_prime_UTR_variant,11351
297,variant,11-615723-C-T,779,C,T,615723.0,rs1316339011,1.2255202333390524e-05,5_prime_UTR_variant,11421
298,variant,11-615723-C-A,779,C,A,615723.0,,0.0,5_prime_UTR_variant,11464
299,variant,11-615724-A-C,780,A,C,615724.0,rs1376339480,0.0,5_prime_UTR_variant,11466
300,variant,11-615724-A-G,780,A,G,615724.0,rs1376339480,6.241612832755984e-06,5_prime_UTR_variant,11474
301,variant,11-615725-C-A,781,C,A,615725.0,,0.0,5_prime_UTR_variant,11540
302,variant,11-615725-C-T,781,C,T,615725.0,rs1299055781,1.553924280377666e-05,5_prime_UTR_variant,11549
303,variant,11-615725-C-G,781,C,G,615725.0,rs1299055781,9.323545682265994e-06,5_prime_UTR_variant,11567
304,variant,11-615726-C-A,782,C,A,615726.0,,0.0,5_prime_UTR_variant,11639
305,variant,11-615726-C-T,782,C,T,615726.0,rs2133155893,0.0,5_prime_UTR_variant,11643
306,variant,11-615727-C-A,783,C,A,615727.0,,0.0,5_prime_UTR_variant,11650
307,variant,11-615727-C-T,783,C,T,615727.0,rs1015371692,0.0,5_prime_UTR_variant,11700
308,variant,11-615728-T-G,784,T,G,615728.0,,0.0,5_prime_UTR_variant,11707
309,variant,11-615728-T-C,784,T,C,615728.0,,0.0,5_prime_UTR_variant,11714
310,variant,11-615728-T-A,784,T,A,615728.0,,0.0,5_prime_UTR_variant,11719
311,variant,11-615729-C-A,785,C,A,615729.0,,0.0,intron_variant,11738
312,variant,11-615729-C-T,785,C,T,615729.0,,6.28954551744091e-06,intron_variant,11857
313,variant,11-615730-C-A,786,C,A,615730.0,,0.0,intron_variant,11925
314,variant,11-615730-C-T,786,C,T,615730.0,rs963360125,1.2999759504449167e-05,intron_variant,11998
315,variant,11-615731-T-C,787,T,C,615731.0,rs1856811948,3.289841627024075e-06,intron_variant,12030
316,variant,11-615731-T-G,787,T,G,615731.0,,0.0,intron_variant,12050
317,variant,11-615732-C-T,788,C,T,615732.0,,6.759040216289287e-06,intron_variant,12129
318,variant,11-615732-C-A,788,C,A,615732.0,,0.0,intron_variant,12204
319,variant,11-615732-C-G,788,C,G,615732.0,rs1238016922,2.0277120648867865e-05,intron_variant,12226
320,variant,11-615733-G-A,789,G,A,615733.0,,0.0,intron_variant,12253
321,variant,11-615733-G-T,789,G,T,615733.0,,0.0,intron_variant,12277
322,variant,11-615733-G-C,789,G,C,615733.0,rs376883091,3.3322448000319897e-05,intron_variant,12281
323,variant,11-615734-A-G,790,A,G,615734.0,,0.0,intron_variant,12299
324,variant,11-615734-A-C,790,A,C,615734.0,,0.0,intron_variant,12309
325,variant,11-615735-T-G,791,T,G,615735.0,,7.605719501064801e-06,intron_variant,12316
326,variant,11-615735-T-C,791,T,C,615735.0,,0.0,intron_variant,12333
327,variant,11-615736-C-A,792,C,A,615736.0,,0.0,intron_variant,12343
328,variant,11-615736-C-T,792,C,T,615736.0,rs2133155983,3.490498862097371e-06,intron_variant,12418
329,variant,11-615737-C-A,793,C,A,615737.0,,0.0,intron_variant,12436
330,variant,11-615737-C-T,793,C,T,615737.0,,0.0,intron_variant,12446
331,variant,11-615738-C-T,794,C,T,615738.0,rs1470335741,7.443134452780755e-06,intron_variant,12484
332,variant,11-615738-C-A,794,C,A,615738.0,,0.0,intron_variant,12499
333,variant,11-615739-A-C,795,A,C,615739.0,rs2133156005,0.0,intron_variant,12543
334,variant,11-615739-A-T,795,A,T,615739.0,,0.0,intron_variant,12546
335,variant,11-615740-C-A,796,C,A,615740.0,,0.0,intron_variant,12583
336,variant,11-615740-C-T,796,C,T,615740.0,rs540782009,7.104846215603663e-06,intron_variant,12617
337,variant,11-615741-C-A,797,C,A,615741.0,,0.0,intron_variant,12700
338,variant,11-615742-C-G,798,C,G,615742.0,,2.401998462720984e-05,intron_variant,12782
339,variant,11-615742-C-A,798,C,A,615742.0,,0.0,intron_variant,12792
340,variant,11-615743-C-T,799,C,T,615743.0,rs1178457381,1.815237832460809e-05,intron_variant,12822
341,variant,11-615743-C-A,799,C,A,615743.0,,8.077935925812236e-06,intron_variant,12863
342,variant,11-615744-G-A,800,G,A,615744.0,,8.207619954365633e-06,intron_variant,13007
343,variant,11-615745-T-C,801,T,C,615745.0,rs1417193413,0.0,intron_variant,13011
344,variant,11-615745-T-G,801,T,G,615745.0,rs1417193413,3.684001119936341e-06,intron_variant,13039
345,variant,11-615746-C-A,802,C,A,615746.0,,0.0,intron_variant,13077
346,variant,11-615746-C-T,802,C,T,615746.0,rs1740749823,0.0,intron_variant,13112
347,variant,11-615747-C-T,803,C,T,615747.0,rs560525028,0.0001197837902585,intron_variant,13142
348,variant,11-615747-C-A,803,C,A,615747.0,,0.0,intron_variant,13157
349,variant,11-615748-G-T,804,G,T,615748.0,,0.0,intron_variant,13216
350,variant,11-615748-G-A,804,G,A,615748.0,rs965425044,1.5004651441947004e-05,intron_variant,13400
351,variant,11-615749-G-T,805,G,T,615749.0,,0.0,intron_variant,13406
352,variant,11-615749-G-C,805,G,C,615749.0,,8.732556717955883e-06,intron_variant,13465
353,variant,11-615749-G-A,805,G,A,615749.0,rs976727820,1.5080113100848256e-05,intron_variant,13490
354,variant,11-615750-T-C,806,T,C,615750.0,rs1202540391,1.5515061245704268e-05,intron_variant,13548
355,variant,11-615750-T-G,806,T,G,615750.0,rs1202540391,7.757650983282263e-06,intron_variant,13620
356,variant,11-615751-T-G,807,T,G,615751.0,rs1856813820,3.865570906167132e-06,intron_variant,13627
357,variant,11-615752-C-T,808,C,T,615752.0,rs1459802898,2.7142092732898544e-05,intron_variant,13634
358,variant,11-615752-C-A,808,C,A,615752.0,,0.0,intron_variant,13681
359,variant,11-615755-A-C,811,A,C,615755.0,,0.0,intron_variant,13689
360,variant,11-615755-A-G,811,A,G,615755.0,,0.0,intron_variant,13767
361,variant,11-615756-G-C,812,G,C,615756.0,,0.0,intron_variant,13829
362,variant,11-615756-G-T,812,G,T,615756.0,,0.0,intron_variant,13838
363,variant,11-615756-G-A,812,G,A,615756.0,,0.0,intron_variant,13846
364,variant,11-615757-C-T,813,C,T,615757.0,,0.0,intron_variant,13906
365,variant,11-615757-C-A,813,C,A,615757.0,,0.0,intron_variant,13935
366,variant,11-615758-T-C,814,T,C,615758.0,rs532610649,3.3105731429753776e-05,intron_variant,13956
367,variant,11-615759-C-T,815,C,T,615759.0,,1.0676460539801843e-05,intron_variant,14060
368,variant,11-615759-C-A,815,C,A,615759.0,,1.0676460539801843e-05,intron_variant,14061
369,variant,11-615760-C-A,816,C,A,615760.0,,0.0,intron_variant,14068
370,variant,11-615760-C-T,816,C,T,615760.0,,1.0944990477858284e-05,intron_variant,14127
371,variant,11-615761-G-T,817,G,T,615761.0,,0.0,intron_variant,14129
372,variant,11-615762-C-G,818,C,G,615762.0,rs1856814497,7.18803910293272e-06,intron_variant,14139
373,variant,11-615762-C-A,818,C,A,615762.0,,0.0,intron_variant,14153
374,variant,11-615762-C-T,818,C,T,615762.0,rs1856814497,4.252460048137848e-06,intron_variant,14282
375,variant,11-615763-G-A,819,G,A,615763.0,rs1856814724,9.38385601411332e-06,intron_variant,14291
376,variant,11-615763-G-T,819,G,T,615763.0,,0.0,intron_variant,14349
377,variant,11-615764-G-A,820,G,A,615764.0,,0.0,intron_variant,14372
378,variant,11-615764-G-C,820,G,C,615764.0,,0.0,intron_variant,14455
379,variant,11-615764-G-T,820,G,T,615764.0,,0.0,intron_variant,14462
380,variant,11-615765-A-G,821,A,G,615765.0,,0.0,intron_variant,14539
381,variant,11-615765-A-C,821,A,C,615765.0,,0.0,intron_variant,14552
382,variant,11-615766-A-C,822,A,C,615766.0,rs1856814929,0.0,intron_variant,14614
383,variant,11-615766-A-T,822,A,T,615766.0,,0.0,intron_variant,14623
384,variant,11-615767-C-T,823,C,T,615767.0,,0.0,intron_variant,14647
385,variant,11-615768-C-A,824,C,A,615768.0,,2.142520461070404e-05,intron_variant,14652
386,variant,11-615768-C-T,824,C,T,615768.0,rs1589926587,0.0,intron_variant,14727
387,variant,11-615769-C-T,825,C,T,615769.0,,0.0,intron_variant,14749
388,variant,11-615770-C-A,826,C,A,615770.0,,0.0,intron_variant,14780
389,variant,11-615770-C-T,826,C,T,615770.0,rs946001333,0.0,intron_variant,14854
390,variant,11-615770-C-G,826,C,G,615770.0,rs946001333,1.3155817502499606e-05,intron_variant,14989
391,variant,11-615771-G-A,827,G,A,615771.0,rs1856816805,4.669711318446293e-06,intron_variant,15037
392,variant,11-615773-C-T,829,C,T,615773.0,,0.0,intron_variant,15063
393,variant,11-615774-T-C,830,T,C,615774.0,,0.0,intron_variant,15147
394,variant,11-615775-C-A,831,C,A,615775.0,,0.0,intron_variant,15168
395,variant,11-615775-C-T,831,C,T,615775.0,rs928405104,2.790490010045764e-05,intron_variant,15320
396,variant,11-615776-C-T,832,C,T,615776.0,rs2133156445,1.576590780097118e-05,intron_variant,15334
397,variant,11-615777-G-T,833,G,T,615777.0,,0.0,intron_variant,15533
398,variant,11-615777-G-A,833,G,A,615777.0,,0.0,intron_variant,15557
399,variant,11-615777-G-C,833,G,C,615777.0,,0.0,intron_variant,15560
400,variant,11-615779-C-T,835,C,T,615779.0,,1.6229550766034796e-05,intron_variant,15565
401,variant,11-615782-C-T,838,C,T,615782.0,rs925877517,0.0,intron_variant,15596
402,variant,11-615783-G-T,839,G,T,615783.0,,0.0,intron_variant,15637
403,variant,11-615783-G-A,839,G,A,615783.0,,0.0,intron_variant,15655
404,variant,11-615784-C-T,840,C,T,615784.0,rs535100384,9.487395994421411e-06,intron_variant,15677
405,variant,11-615787-C-A,843,C,A,615787.0,rs1261809120,4.886009400682087e-06,intron_variant,15691
406,variant,11-615788-C-T,844,C,T,615788.0,,0.0,intron_variant,15699
407,variant,11-615789-C-A,845,C,A,615789.0,,0.0,intron_variant,15767
408,variant,11-615789-C-G,845,C,G,615789.0,rs1856819719,0.0,intron_variant,15786
409,variant,11-615789-C-T,845,C,T,615789.0,rs1856819719,0.0,intron_variant,15857
410,variant,11-615790-T-A,846,T,A,615790.0,,2.565944780868316e-05,intron_variant,15972
411,variant,11-615790-T-G,846,T,G,615790.0,,0.0,intron_variant,16080
412,variant,11-615790-T-C,846,T,C,615790.0,rs2133156719,0.0,intron_variant,16088
413,variant,11-615792-C-T,848,C,T,615792.0,rs1856819851,0.0,intron_variant,16272
414,variant,11-615793-C-G,849,C,G,615793.0,,0.0,intron_variant,16276
415,variant,11-615793-C-A,849,C,A,615793.0,,0.0,intron_variant,16278
416,variant,11-615793-C-T,849,C,T,615793.0,rs1723459191,0.0,intron_variant,16281
417,variant,11-615794-C-T,850,C,T,615794.0,rs2133156807,0.0,intron_variant,16296
418,variant,11-615794-C-A,850,C,A,615794.0,,0.0,intron_variant,16342
419,variant,11-615795-G-C,851,G,C,615795.0,rs1856820111,1.9968316937126425e-05,intron_variant,16347
420,variant,11-615795-G-A,851,G,A,615795.0,rs1856820111,0.0,intron_variant,16363
421,variant,11-615795-G-T,851,G,T,615795.0,,0.0,intron_variant,16426
422,variant,11-615796-C-A,852,C,A,615796.0,,0.0,intron_variant,16443
423,variant,11-615796-C-T,852,C,T,615796.0,,0.0,intron_variant,16445
424,variant,11-615797-C-A,853,C,A,615797.0,rs2133156869,5.189575181375652e-06,intron_variant,16501
425,variant,11-615798-C-A,854,C,A,615798.0,,0.0,intron_variant,16550
426,variant,11-615798-C-T,854,C,T,615798.0,rs1856820382,5.2240053493814775e-06,intron_variant,16589
427,variant,11-615799-G-C,855,G,C,615799.0,rs1357697466,6.28046023212581e-06,intron_variant,16597
428,variant,11-615799-G-T,855,G,T,615799.0,,0.0,intron_variant,16629
429,variant,11-615799-G-A,855,G,A,615799.0,rs1357697466,6.285276112179608e-06,intron_variant,16644
430,variant,11-615800-A-T,856,A,T,615800.0,,0.0,intron_variant,16660
431,variant,11-615800-A-C,856,A,C,615800.0,,0.0,intron_variant,16692
432,variant,11-615800-A-G,856,A,G,615800.0,rs1291445016,3.986922892911251e-05,intron_variant,16708
433,variant,11-615801-C-T,857,C,T,615801.0,rs960097637,0.0,intron_variant,16733
434,variant,11-615802-C-T,858,C,T,615802.0,rs988571627,5.440874022002894e-06,intron_variant,16769
435,variant,11-615802-C-A,858,C,A,615802.0,,0.0,intron_variant,16830
436,variant,11-615803-C-T,859,C,T,615803.0,rs1856821098,5.461854408808879e-06,intron_variant,16915
437,variant,11-615803-C-A,859,C,A,615803.0,,0.0,intron_variant,16962
438,variant,11-615804-T-A,860,T,A,615804.0,,5.999592027742114e-06,intron_variant,16996
439,variant,11-615804-T-C,860,T,C,615804.0,,0.0,intron_variant,17036
440,variant,11-615805-C-T,861,C,T,615805.0,,0.0,intron_variant,17064
441,variant,11-615806-A-C,862,A,C,615806.0,,8.375209380234506e-05,intron_variant,17111
442,variant,11-615807-T-A,863,T,A,615807.0,,0.0,intron_variant,17280
443,variant,11-615807-T-C,863,T,C,615807.0,,0.0,intron_variant,17298
444,variant,11-615808-C-G,864,C,G,615808.0,rs912930812,6.5968282449798135e-06,intron_variant,17343
445,variant,11-615808-C-T,864,C,T,615808.0,rs912930812,2.2530895490441263e-05,intron_variant,17350
446,variant,11-615809-T-C,865,T,C,615809.0,,0.0,intron_variant,17429
447,variant,11-615809-T-G,865,T,G,615809.0,,0.0,intron_variant,17444
448,variant,11-615810-C-A,866,C,A,615810.0,,0.0,intron_variant,17447
449,variant,11-615811-T-C,867,T,C,615811.0,,0.0,intron_variant,17483
450,variant,11-615811-T-A,867,T,A,615811.0,,0.0,intron_variant,17552
451,variant,11-615812-C-G,868,C,G,615812.0,,0.0,intron_variant,17578
452,variant,11-615812-C-A,868,C,A,615812.0,,0.0,intron_variant,17714
453,variant,11-615813-A-T,869,A,T,615813.0,,0.0,intron_variant,17750
454,variant,11-615813-A-G,869,A,G,615813.0,,0.0,intron_variant,17771
455,variant,11-615813-A-C,869,A,C,615813.0,,0.0,intron_variant,17800
456,variant,11-615815-G-T,871,G,T,615815.0,,0.0,intron_variant,17817
457,variant,11-615816-C-T,872,C,T,615816.0,rs1856821450,5.758312123550345e-06,intron_variant,17879
458,variant,11-615816-C-A,872,C,A,615816.0,,0.0,intron_variant,17927
459,variant,11-615817-T-A,873,T,A,615817.0,,0.0,intron_variant,17934
460,variant,11-615817-T-C,873,T,C,615817.0,,0.0,intron_variant,17944
461,variant,11-615818-C-A,874,C,A,615818.0,rs947038189,1.7469486630019567e-05,intron_variant,17959
462,variant,11-615818-C-T,874,C,T,615818.0,rs947038189,1.1646324420013043e-05,intron_variant,17991
463,variant,11-615819-C-A,875,C,A,615819.0,,0.0,intron_variant,18026
464,variant,11-615820-C-G,876,C,G,615820.0,,0.0,intron_variant,18031
465,variant,11-615821-C-A,877,C,A,615821.0,rs1176178570,5.94170003921522e-06,intron_variant,18111
466,variant,11-615821-C-T,877,C,T,615821.0,rs1176178570,5.94170003921522e-06,intron_variant,18138
467,variant,11-615822-C-T,878,C,T,615822.0,,0.0,intron_variant,18156
468,variant,11-615822-C-G,878,C,G,615822.0,rs1856822325,5.842896206791782e-06,intron_variant,18265
469,variant,11-615823-A-G,879,A,G,615823.0,,0.0,intron_variant,18269
470,variant,11-615824-G-A,880,G,A,615824.0,,0.0,intron_variant,18374
471,variant,11-615825-C-T,881,C,T,615825.0,,0.0,intron_variant,18377
472,variant,11-615826-T-A,882,T,A,615826.0,,0.0,intron_variant,18385
473,variant,11-615826-T-C,882,T,C,615826.0,rs2133157068,0.0,intron_variant,18388
474,variant,11-615826-T-G,882,T,G,615826.0,,0.0,intron_variant,18446
475,variant,11-615827-C-T,883,C,T,615827.0,rs1043310150,5.934999881300003e-06,intron_variant,18463
476,variant,11-615827-C-A,883,C,A,615827.0,,0.0,intron_variant,18541
477,variant,11-615828-T-G,884,T,G,615828.0,,0.0,intron_variant,18573
478,variant,11-615828-T-C,884,T,C,615828.0,,0.0,intron_variant,18751
479,variant,11-615829-T-C,885,T,C,615829.0,,0.0,intron_variant,18755
480,variant,11-615829-T-G,885,T,G,615829.0,,0.0,intron_variant,18761
481,variant,11-615831-G-A,887,G,A,615831.0,,0.0,intron_variant,18786
482,variant,11-615832-C-T,888,C,T,615832.0,,0.0,intron_variant,18831
483,variant,11-615833-T-A,889,T,A,615833.0,,0.0,intron_variant,18921
484,variant,11-615834-C-T,890,C,T,615834.0,rs1856823119,6.125499228187097e-06,intron_variant,18948
485,variant,11-615835-T-G,891,T,G,615835.0,,0.0001156604210039,intron_variant,18959
486,variant,11-615835-T-A,891,T,A,615835.0,,0.0,intron_variant,18971
487,variant,11-615836-A-C,892,A,C,615836.0,rs61877855,3.792236028770431e-05,intron_variant,19006
488,variant,11-615837-C-G,893,C,G,615837.0,rs932178389,6.6990005091240384e-06,intron_variant,19015
489,variant,11-615838-C-A,894,C,A,615838.0,,0.0,intron_variant,19018
490,variant,11-615838-C-T,894,C,T,615838.0,rs1052326361,3.685232046777879e-05,intron_variant,19021
491,variant,11-615839-C-T,895,C,T,615839.0,rs1016102712,5.5637982195845695e-05,intron_variant,19028
492,variant,11-615840-C-T,896,C,T,615840.0,rs1005405358,2.461962676645822e-05,intron_variant,19123
493,variant,11-615840-C-G,896,C,G,615840.0,rs1005405358,6.154906691614555e-06,intron_variant,19128
494,variant,11-615841-T-G,897,T,G,615841.0,,0.0,intron_variant,19156
495,variant,11-615841-T-C,897,T,C,615841.0,,0.0,intron_variant,19246
496,variant,11-615842-C-A,898,C,A,615842.0,,0.0,intron_variant,19306
497,variant,11-615843-C-A,899,C,A,615843.0,,0.0,intron_variant,19313
498,variant,11-615843-C-G,899,C,G,615843.0,rs1036429751,6.5740168557792186e-06,intron_variant,19348
499,variant,11-615844-G-A,900,G,A,615844.0,rs1856824475,0.0,intron_variant,19351
500,variant,11-615845-G-A,901,G,A,615845.0,rs1423585246,6.657966923220325e-06,intron_variant,19374
501,variant,11-615846-G-C,902,G,C,615846.0,,0.0,intron_variant,19421
502,variant,11-615847-G-T,903,G,T,615847.0,,0.0,intron_variant,19426
503,variant,11-615847-G-A,903,G,A,615847.0,rs899182876,6.273447008193122e-06,intron_variant,19431
504,variant,11-615849-C-T,905,C,T,615849.0,rs1856824942,6.574794866400168e-06,intron_variant,19473
505,variant,11-615849-C-A,905,C,A,615849.0,,0.0,intron_variant,19477
506,variant,11-615850-A-G,906,A,G,615850.0,rs2277270,0.0006665897524644,intron_variant,19520
507,variant,11-615851-C-A,907,C,A,615851.0,,0.0,intron_variant,19535
508,variant,11-615851-C-T,907,C,T,615851.0,rs1856825501,0.0,intron_variant,19545
509,variant,11-615852-G-A,908,G,A,615852.0,rs949750233,0.0001079474740291,intron_variant,19558
510,variant,11-615854-A-G,910,A,G,615854.0,,0.0,intron_variant,19573
511,variant,11-615856-C-T,912,C,T,615856.0,rs1263090321,0.0,intron_variant,19590
512,variant,11-615857-C-T,913,C,T,615857.0,rs1856826299,0.0,intron_variant,19630
513,variant,11-615857-C-A,913,C,A,615857.0,,0.0,intron_variant,19636
514,variant,11-615859-C-T,915,C,T,615859.0,,0.0,intron_variant,19640
515,variant,11-615860-C-A,916,C,A,615860.0,,0.0,intron_variant,19730
516,variant,11-615861-A-C,917,A,C,615861.0,,0.0003822629969418,intron_variant,19759
517,variant,11-615862-C-T,918,C,T,615862.0,rs1444685713,0.0,intron_variant,19766
518,variant,11-615862-C-G,918,C,G,615862.0,rs1444685713,6.5715975553657095e-06,intron_variant,19836
519,variant,11-615863-G-A,919,G,A,615863.0,rs1856827166,0.0,intron_variant,19838
520,variant,11-615865-A-G,921,A,G,615865.0,,0.0,intron_variant,19935
521,variant,11-615867-G-A,923,G,A,615867.0,,0.0,intron_variant,19955
522,variant,11-615869-T-A,925,T,A,615869.0,,0.0,intron_variant,19995
523,variant,11-615869-T-G,925,T,G,615869.0,rs1856827403,0.0,intron_variant,20033
524,variant,11-615872-C-T,928,C,T,615872.0,rs1268643683,1.3155644429242366e-05,intron_variant,20040
525,variant,11-615872-C-G,928,C,G,615872.0,rs1268643683,0.0,intron_variant,20046
526,variant,11-615872-C-A,928,C,A,615872.0,,0.0,intron_variant,20152
527,variant,11-615873-G-T,929,G,T,615873.0,,0.0,intron_variant,20185
528,variant,11-615873-G-A,929,G,A,615873.0,rs1223597121,0.0,intron_variant,20216
529,variant,11-615874-C-A,930,C,A,615874.0,,0.0,intron_variant,20248
530,variant,11-615874-C-T,930,C,T,615874.0,rs1361944544,1.2803113717256036e-05,intron_variant,20292
531,variant,11-615875-T-G,931,T,G,615875.0,,0.0,intron_variant,20322
532,variant,11-615875-T-C,931,T,C,615875.0,,0.0,intron_variant,20334
533,variant,11-615877-C-T,933,C,T,615877.0,,0.0,intron_variant,20336
534,variant,11-615878-C-A,934,C,A,615878.0,,0.0,intron_variant,20352
535,variant,11-615878-C-G,934,C,G,615878.0,rs1330899735,6.570733950982325e-06,intron_variant,20408
536,variant,11-615878-C-T,934,C,T,615878.0,rs1330899735,2.5701324903298764e-05,intron_variant,20420
537,variant,11-615879-G-A,935,G,A,615879.0,,0.0,intron_variant,20436
538,variant,11-615880-G-A,936,G,A,615880.0,,0.0,intron_variant,20456
539,variant,11-615881-C-T,937,C,T,615881.0,,0.0,intron_variant,20468
540,variant,11-615881-C-A,937,C,A,615881.0,,0.0,intron_variant,20547
541,variant,11-615882-C-G,938,C,G,615882.0,rs1336592449,1.314146790196465e-05,intron_variant,20591
542,variant,11-615883-T-A,939,T,A,615883.0,rs531627404,6.528011698196963e-06,intron_variant,20592
543,variant,11-615883-T-C,939,T,C,615883.0,,0.0,intron_variant,20634
544,variant,11-615883-T-G,939,T,G,615883.0,,0.0,intron_variant,20660
545,variant,11-615884-G-A,940,G,A,615884.0,rs905738710,0.0004660737173262,intron_variant,20663
546,variant,11-615884-G-T,940,G,T,615884.0,,0.0,intron_variant,20732
547,variant,11-615885-C-T,941,C,T,615885.0,rs1273294976,3.241743279866181e-05,intron_variant,20735
548,variant,11-615886-A-C,942,A,C,615886.0,,0.0,intron_variant,20748
549,variant,11-615887-C-A,943,C,A,615887.0,,0.0,intron_variant,20771
550,variant,11-615887-C-T,943,C,T,615887.0,rs897462469,1.314319511073142e-05,intron_variant,20802
551,variant,11-615888-C-T,944,C,T,615888.0,rs111329509,3.237251702794396e-05,intron_variant,20806
552,variant,11-615888-C-A,944,C,A,615888.0,,0.0,intron_variant,20836
553,variant,11-615889-G-A,945,G,A,615889.0,rs1302389646,6.5754001130968816e-06,intron_variant,20917
554,variant,11-615890-C-A,946,C,A,615890.0,,0.0,intron_variant,20965
555,variant,11-615890-C-T,946,C,T,615890.0,rs994443856,2.629675892446256e-05,intron_variant,20978
556,variant,11-615891-G-A,947,G,A,615891.0,,0.0,intron_variant,20993
557,variant,11-615892-T-C,948,T,C,615892.0,,0.0,intron_variant,21211
558,variant,11-615892-T-A,948,T,A,615892.0,,0.0,intron_variant,21217
559,variant,11-615895-G-A,951,G,A,615895.0,,0.0,intron_variant,21239
560,variant,11-615896-T-G,952,T,G,615896.0,,0.0,intron_variant,21251
561,variant,11-615898-T-G,954,T,G,615898.0,,0.0,intron_variant,21263
562,variant,11-615900-G-A,956,G,A,615900.0,,0.0,intron_variant,21267
563,variant,11-615902-G-T,958,G,T,615902.0,rs1001455400,0.0,intron_variant,21271
564,variant,11-615902-G-A,958,G,A,615902.0,rs1001455400,6.483822861959412e-06,intron_variant,21387
565,variant,11-615903-T-G,959,T,G,615903.0,,0.0,intron_variant,21426
566,variant,11-615903-T-C,959,T,C,615903.0,,0.0,intron_variant,21460
567,variant,11-615904-C-A,960,C,A,615904.0,rs57703675,0.0094077829791096,intron_variant,21518
568,variant,11-615907-C-T,963,C,T,615907.0,rs760359156,9.08736855770479e-05,intron_variant,21586
569,variant,11-615908-A-G,964,A,G,615908.0,rs1856831918,1.3154779131258386e-05,intron_variant,21726
570,variant,11-615910-T-G,966,T,G,615910.0,,0.0,intron_variant,21822
571,variant,11-615917-G-T,973,G,T,615917.0,,0.0,5_prime_UTR_variant,21826
572,variant,11-615918-T-G,974,T,G,615918.0,,0.0,5_prime_UTR_variant,21948
573,variant,11-615919-G-A,975,G,A,615919.0,rs1856832552,0.0,5_prime_UTR_variant,21951
574,variant,11-615919-G-T,975,G,T,615919.0,,0.0,5_prime_UTR_variant,21973
575,variant,11-615920-C-A,976,C,A,615920.0,,0.0,5_prime_UTR_variant,22011
576,variant,11-615920-C-T,976,C,T,615920.0,,0.0,5_prime_UTR_variant,22032
577,variant,11-615921-C-T,977,C,T,615921.0,rs1019968058,6.523497638493855e-06,5_prime_UTR_variant,22132
578,variant,11-615921-C-A,977,C,A,615921.0,,0.0,5_prime_UTR_variant,22167
579,variant,11-615922-A-G,978,A,G,615922.0,rs1856832873,0.0,5_prime_UTR_variant,22286
580,variant,11-615923-G-T,979,G,T,615923.0,,0.0,5_prime_UTR_variant,22321
581,variant,11-615924-A-G,980,A,G,615924.0,,0.0,5_prime_UTR_variant,22326
582,variant,11-615926-C-A,982,C,A,615926.0,,0.0,5_prime_UTR_variant,22355
583,variant,11-615926-C-T,982,C,T,615926.0,,0.0,5_prime_UTR_variant,22367
584,variant,11-615927-C-T,983,C,T,615927.0,rs1171833830,1.305704623500072e-05,5_prime_UTR_variant,22398
585,variant,11-615928-G-A,984,G,A,615928.0,rs1007046473,1.9597339987719e-05,5_prime_UTR_variant,22531
586,variant,11-615928-G-T,984,G,T,615928.0,,0.0,5_prime_UTR_variant,22537
587,variant,11-615930-C-T,986,C,T,615930.0,,0.0,5_prime_UTR_variant,22578
588,variant,11-615930-C-A,986,C,A,615930.0,,0.0,5_prime_UTR_variant,22580
589,variant,11-615931-G-T,987,G,T,615931.0,,0.0,5_prime_UTR_variant,22598
590,variant,11-615931-G-A,987,G,A,615931.0,rs1193581240,6.53449560228446e-06,5_prime_UTR_variant,22604
591,variant,11-615932-G-T,988,G,T,615932.0,,0.0,5_prime_UTR_variant,22612
592,variant,11-615933-G-T,989,G,T,615933.0,rs1018363693,6.533300231278828e-06,5_prime_UTR_variant,22700
593,variant,11-615934-A-T,990,A,T,615934.0,rs965434552,6.584925787886371e-06,5_prime_UTR_variant,22703
594,variant,11-615934-A-G,990,A,G,615934.0,,0.0,5_prime_UTR_variant,22783
595,variant,11-615935-C-A,991,C,A,615935.0,,0.0,5_prime_UTR_variant,22798
596,variant,11-615935-C-T,991,C,T,615935.0,rs1856833725,1.963068144638861e-05,5_prime_UTR_variant,22801
597,variant,11-615936-G-A,992,G,A,615936.0,rs1197813003,0.0,5_prime_UTR_variant,22873
598,variant,11-615936-G-T,992,G,T,615936.0,,0.0,5_prime_UTR_variant,22884
599,variant,11-615937-G-A,993,G,A,615937.0,rs978366090,2.6174584478471403e-05,5_prime_UTR_variant,22888
600,variant,11-615938-G-C,994,G,C,615938.0,rs922193033,9.854028983983918e-05,5_prime_UTR_variant,22978
601,variant,11-615938-G-A,994,G,A,615938.0,rs922193033,6.569352655989279e-06,5_prime_UTR_variant,23007
602,variant,11-615938-G-T,994,G,T,615938.0,,0.0,5_prime_UTR_variant,23063
603,variant,11-615939-A-G,995,A,G,615939.0,,0.0,5_prime_UTR_variant,23076
604,variant,11-615940-A-C,996,A,C,615940.0,rs967810091,1.3164823591363876e-05,5_prime_UTR_variant,23115
605,variant,11-615941-G-T,997,G,T,615941.0,,0.0,5_prime_UTR_variant,23147
606,variant,11-615943-T-C,999,T,C,615943.0,,0.0,5_prime_UTR_variant,23170
607,variant,11-615945-C-T,1001,C,T,615945.0,rs978769308,0.0,5_prime_UTR_variant,23178
608,variant,11-615945-C-A,1001,C,A,615945.0,rs978769308,1.9666714740858256e-05,5_prime_UTR_variant,23180
609,variant,11-615946-G-T,1002,G,T,615946.0,,0.0,5_prime_UTR_variant,23282
610,variant,11-615946-G-A,1002,G,A,615946.0,,0.0,5_prime_UTR_variant,23331
611,variant,11-615948-C-G,1004,C,G,615948.0,rs1856834439,6.575573061192283e-06,5_prime_UTR_variant,23389
612,variant,11-615948-C-T,1004,C,T,615948.0,,0.0,5_prime_UTR_variant,23432
613,variant,11-615950-C-A,1006,C,A,615950.0,,0.0,5_prime_UTR_variant,23463
614,variant,11-615952-C-T,1008,C,T,615952.0,,0.0,5_prime_UTR_variant,23485
615,variant,11-615953-G-T,1009,G,T,615953.0,,0.0,5_prime_UTR_variant,23499
616,variant,11-615953-G-A,1009,G,A,615953.0,rs1223931455,6.572893387669252e-06,5_prime_UTR_variant,23565
617,variant,11-615954-G-A,1010,G,A,615954.0,,0.0,5_prime_UTR_variant,23575
618,variant,11-615955-G-T,1011,G,T,615955.0,rs1856834627,6.559958016268696e-06,5_prime_UTR_variant,23582
619,variant,11-615955-G-A,1011,G,A,615955.0,,0.0,5_prime_UTR_variant,23586
620,variant,11-615956-G-A,1012,G,A,615956.0,,0.0,5_prime_UTR_variant,23702
621,variant,11-615957-A-G,1013,A,G,615957.0,rs1856834727,0.0,5_prime_UTR_variant,23706
622,variant,11-615958-A-G,1014,A,G,615958.0,,0.0,5_prime_UTR_variant,23756
623,variant,11-615960-C-T,1016,C,T,615960.0,rs1332637855,6.564350326248211e-06,5_prime_UTR_variant,23806
624,variant,11-615960-C-A,1016,C,A,615960.0,,0.0,5_prime_UTR_variant,23829
625,variant,11-615961-G-A,1017,G,A,615961.0,rs1369645556,6.571770303484353e-06,5_prime_UTR_variant,23856
626,variant,11-615963-A-G,1019,A,G,615963.0,,0.0,5_prime_UTR_variant,23891
627,variant,11-615964-G-T,1020,G,T,615964.0,,0.0,5_prime_UTR_variant,23899
628,variant,11-615966-G-A,1022,G,A,615966.0,rs568385818,0.0027664512068807,5_prime_UTR_variant,23904
629,variant,11-615966-G-T,1022,G,T,615966.0,,0.0,5_prime_UTR_variant,23908
630,variant,11-615967-C-T,1023,C,T,615967.0,rs1390474903,6.56279942772389e-06,5_prime_UTR_variant,24028
631,variant,11-615967-C-A,1023,C,A,615967.0,,0.0,5_prime_UTR_variant,24062
632,variant,11-615968-C-T,1024,C,T,615968.0,rs987725765,2.6231228277264083e-05,5_prime_UTR_variant,24065
633,variant,11-615968-C-A,1024,C,A,615968.0,,0.0,5_prime_UTR_variant,24126
634,variant,11-615969-G-A,1025,G,A,615969.0,rs1856835328,0.0,5_prime_UTR_variant,24223
635,variant,11-615970-G-A,1026,G,A,615970.0,rs912069081,3.2858419641448926e-05,5_prime_UTR_variant,24357
636,variant,11-615970-G-C,1026,G,C,615970.0,rs912069081,2.628673571315914e-05,5_prime_UTR_variant,24379
637,variant,11-615971-C-T,1027,C,T,615971.0,rs1464467563,6.574881323392112e-06,5_prime_UTR_variant,24430
638,variant,11-615971-C-A,1027,C,A,615971.0,,0.0,5_prime_UTR_variant,24441
639,variant,11-615972-G-A,1028,G,A,615972.0,rs940843984,0.0,5_prime_UTR_variant,24457
640,variant,11-615973-C-G,1029,C,G,615973.0,rs1429252549,1.3148898122337348e-05,5_prime_UTR_variant,24480
641,variant,11-615977-T-G,1033,T,G,615977.0,,0.0,5_prime_UTR_variant,24551
642,variant,11-615977-T-C,1033,T,C,615977.0,,0.0,5_prime_UTR_variant,24598
643,variant,11-615978-A-C,1034,A,C,615978.0,,0.0,5_prime_UTR_variant,24599
644,variant,11-615978-A-G,1034,A,G,615978.0,,0.0,5_prime_UTR_variant,24673
645,variant,11-615980-G-T,1036,G,T,615980.0,,0.0,5_prime_UTR_variant,24743
646,variant,11-615980-G-A,1036,G,A,615980.0,,0.0,5_prime_UTR_variant,24830
647,variant,11-615981-G-T,1037,G,T,615981.0,,0.0,5_prime_UTR_variant,24837
648,variant,11-615982-T-C,1038,T,C,615982.0,rs1170132897,1.3164823591363876e-05,5_prime_UTR_variant,24905
649,variant,11-615982-T-G,1038,T,G,615982.0,rs1170132897,6.576351440220966e-06,5_prime_UTR_variant,24912
650,variant,11-615983-G-T,1039,G,T,615983.0,,0.0,5_prime_UTR_variant,24917
